2026-09-17T02:13:07.6978962Z Current runner version: '2.337.0'
2026-09-17T02:13:07.7002924Z ##[group]Runner Image Provisioner
2026-09-17T02:13:07.7004119Z Hosted Compute Agent
2026-09-17T02:13:07.7004747Z Version: 20260828.587
2026-09-17T02:13:07.7005466Z Commit: abac92662cab4cc7352de4f9f9d2e2419aad9c29
2026-09-17T02:13:07.7006229Z Build Date: 2026-08-28T16:44:25Z
2026-09-17T02:13:07.7006909Z Worker ID: {1925c572-440a-4be2-8479-c73078828739}
2026-09-17T02:13:07.7007740Z Azure Region: westus
2026-09-17T02:13:07.7008331Z ##[endgroup]
2026-09-17T02:13:07.7010109Z ##[group]Operating System
2026-09-17T02:13:07.7010783Z Ubuntu
2026-09-17T02:13:07.7011279Z 24.04.5
2026-09-17T02:13:07.7012268Z LTS
2026-09-17T02:13:07.7012801Z ##[endgroup]
2026-09-17T02:13:07.7013582Z ##[group]Runner Image
2026-09-17T02:13:07.7014249Z Image: ubuntu-24.04
2026-09-17T02:13:07.7014829Z Version: 20260907.300.1
2026-09-17T02:13:07.7016199Z Included Software: https://github.com/actions/runner-images/blob/ubuntu24/20260907.300/images/ubuntu/Ubuntu2404-Readme.md
2026-09-17T02:13:07.7017845Z Image Release: https://github.com/actions/runner-images/releases/tag/ubuntu24%2F20260907.300
2026-09-17T02:13:07.7018852Z ##[endgroup]
2026-09-17T02:13:07.7020054Z ##[group]GITHUB_TOKEN Permissions
2026-09-17T02:13:07.7022178Z Contents: read
2026-09-17T02:13:07.7022846Z Metadata: read
2026-09-17T02:13:07.7023809Z ##[endgroup]
2026-09-17T02:13:07.7025888Z Secret source: Actions
2026-09-17T02:13:07.7026952Z Cache mode: write
2026-09-17T02:13:07.7027641Z Prepare workflow directory
2026-09-17T02:13:07.7357463Z Prepare all required actions
2026-09-17T02:13:07.7411537Z Getting action download info
2026-09-17T02:13:08.1310993Z Download action repository 'actions/checkout@11d5960a326750d5838078e36cf38b85af677262' (SHA:11d5960a326750d5838078e36cf38b85af677262)
2026-09-17T02:13:08.2428926Z Download action repository 'actions/setup-go@924ae3a1cded613372ab5595356fb5720e22ba16' (SHA:924ae3a1cded613372ab5595356fb5720e22ba16)
2026-09-17T02:13:08.7404069Z Download action repository 'leanprover/lean-action@96e06131c0e9943c780388fd166f55d1e2fa0433' (SHA:96e06131c0e9943c780388fd166f55d1e2fa0433)
2026-09-17T02:13:09.1610900Z Download action repository 'actions/upload-artifact@ea165f8d65b6e75b540449e92b4886f43607fa02' (SHA:ea165f8d65b6e75b540449e92b4886f43607fa02)
2026-09-17T02:13:09.4231666Z Getting action download info
2026-09-17T02:13:09.5545802Z Download action repository 'actions/cache@v5' (SHA:caa296126883cff596d87d8935842f9db880ef25)
2026-09-17T02:13:09.7073579Z Complete job name: verify (MF-07, matrix-functions-and-stability/MF-07/lean)
2026-09-17T02:13:09.7800012Z Node 20 is being deprecated. This workflow is running with Node 24 by default. If you need to temporarily use Node 20, you can set the ACTIONS_ALLOW_USE_UNSECURE_NODE_VERSION=true environment variable. For more information see: https://github.blog/changelog/2025-09-19-deprecation-of-node-20-on-github-actions-runners/
2026-09-17T02:13:09.7875891Z ##[group]Run actions/checkout@11d5960a326750d5838078e36cf38b85af677262
2026-09-17T02:13:09.7879704Z with:
2026-09-17T02:13:09.7880269Z   persist-credentials: false
2026-09-17T02:13:09.7880893Z   repository: sgstepaniants/OpenProblemsInNLA
2026-09-17T02:13:09.7884195Z   token: ***
2026-09-17T02:13:09.7884480Z   ssh-strict: true
2026-09-17T02:13:09.7884742Z   ssh-user: git
2026-09-17T02:13:09.7884992Z   clean: true
2026-09-17T02:13:09.7885268Z   sparse-checkout-cone-mode: true
2026-09-17T02:13:09.7885588Z   fetch-depth: 1
2026-09-17T02:13:09.7885844Z   fetch-tags: false
2026-09-17T02:13:09.7886108Z   show-progress: true
2026-09-17T02:13:09.7886419Z   lfs: false
2026-09-17T02:13:09.7886672Z   submodules: false
2026-09-17T02:13:09.7886939Z   set-safe-directory: true
2026-09-17T02:13:09.7887253Z   allow-unsafe-pr-checkout: false
2026-09-17T02:13:09.7888173Z ##[endgroup]
2026-09-17T02:13:09.8892500Z Syncing repository: sgstepaniants/OpenProblemsInNLA
2026-09-17T02:13:09.8894889Z ##[group]Getting Git version info
2026-09-17T02:13:09.8895769Z Working directory is '/home/runner/work/OpenProblemsInNLA/OpenProblemsInNLA'
2026-09-17T02:13:09.8897366Z [command]/usr/bin/git version
2026-09-17T02:13:09.8972738Z git version 2.55.0
2026-09-17T02:13:09.8994756Z ##[endgroup]
2026-09-17T02:13:09.9009180Z Temporarily overriding HOME='/home/runner/work/_temp/341c6e39-1957-4060-903d-2b06ff4a37a8' before making global git config changes
2026-09-17T02:13:09.9010928Z Adding repository directory to the temporary git global config as a safe directory
2026-09-17T02:13:09.9014479Z [command]/usr/bin/git config --global --add safe.directory /home/runner/work/OpenProblemsInNLA/OpenProblemsInNLA
2026-09-17T02:13:09.9067659Z Deleting the contents of '/home/runner/work/OpenProblemsInNLA/OpenProblemsInNLA'
2026-09-17T02:13:09.9072253Z ##[group]Initializing the repository
2026-09-17T02:13:09.9076663Z [command]/usr/bin/git init /home/runner/work/OpenProblemsInNLA/OpenProblemsInNLA
2026-09-17T02:13:09.9194395Z hint: Using 'master' as the name for the initial branch. This default branch name
2026-09-17T02:13:09.9195729Z hint: will change to "main" in Git 3.0. To configure the initial branch name
2026-09-17T02:13:09.9196944Z hint: to use in all of your new repositories, which will suppress this warning,
2026-09-17T02:13:09.9197880Z hint: call:
2026-09-17T02:13:09.9198549Z hint:
2026-09-17T02:13:09.9199637Z hint: 	git config --global init.defaultBranch <name>
2026-09-17T02:13:09.9200467Z hint:
2026-09-17T02:13:09.9201261Z hint: Names commonly chosen instead of 'master' are 'main', 'trunk' and
2026-09-17T02:13:09.9202503Z hint: 'development'. The just-created branch can be renamed via this command:
2026-09-17T02:13:09.9203914Z hint:
2026-09-17T02:13:09.9204728Z hint: 	git branch -m <name>
2026-09-17T02:13:09.9205428Z hint:
2026-09-17T02:13:09.9206261Z hint: Disable this message with "git config set advice.defaultBranchName false"
2026-09-17T02:13:09.9207585Z Initialized empty Git repository in /home/runner/work/OpenProblemsInNLA/OpenProblemsInNLA/.git/
2026-09-17T02:13:09.9232678Z [command]/usr/bin/git remote add origin https://github.com/sgstepaniants/OpenProblemsInNLA
2026-09-17T02:13:09.9258144Z ##[endgroup]
2026-09-17T02:13:09.9258986Z ##[group]Disabling automatic garbage collection
2026-09-17T02:13:09.9263303Z [command]/usr/bin/git config --local gc.auto 0
2026-09-17T02:13:09.9307981Z ##[endgroup]
2026-09-17T02:13:09.9308818Z ##[group]Setting up auth
2026-09-17T02:13:09.9309600Z [command]/usr/bin/git config --local --name-only --get-regexp core\.sshCommand
2026-09-17T02:13:09.9344494Z [command]/usr/bin/git submodule foreach --recursive sh -c "git config --local --name-only --get-regexp 'core\.sshCommand' && git config --local --unset-all 'core.sshCommand' || :"
2026-09-17T02:13:09.9755066Z [command]/usr/bin/git config --local --name-only --get-regexp http\.https\:\/\/github\.com\/\.extraheader
2026-09-17T02:13:09.9807038Z [command]/usr/bin/git submodule foreach --recursive sh -c "git config --local --name-only --get-regexp 'http\.https\:\/\/github\.com\/\.extraheader' && git config --local --unset-all 'http.https://github.com/.extraheader' || :"
2026-09-17T02:13:10.0038351Z [command]/usr/bin/git config --local --name-only --get-regexp ^includeIf\.gitdir:
2026-09-17T02:13:10.0074783Z [command]/usr/bin/git submodule foreach --recursive git config --local --show-origin --name-only --get-regexp remote.origin.url
2026-09-17T02:13:10.0298159Z [command]/usr/bin/git config --local http.https://github.com/.extraheader AUTHORIZATION: basic ***
2026-09-17T02:13:10.0336689Z ##[endgroup]
2026-09-17T02:13:10.0337371Z ##[group]Fetching the repository
2026-09-17T02:13:10.0346495Z [command]/usr/bin/git -c protocol.version=2 fetch --no-tags --prune --no-recurse-submodules --depth=1 origin +b2b9acc83ad7d6b7d3888de8390475a30c720af8:refs/remotes/origin/codex/lean-mf07-verification
2026-09-17T02:13:17.5667512Z From https://github.com/sgstepaniants/OpenProblemsInNLA
2026-09-17T02:13:17.5668869Z  * [new ref]           b2b9acc83ad7d6b7d3888de8390475a30c720af8 -> origin/codex/lean-mf07-verification
2026-09-17T02:13:17.5672229Z ##[endgroup]
2026-09-17T02:13:17.5681341Z ##[group]Determining the checkout info
2026-09-17T02:13:17.5682953Z ##[endgroup]
2026-09-17T02:13:17.5683945Z [command]/usr/bin/git sparse-checkout disable
2026-09-17T02:13:17.5737110Z [command]/usr/bin/git config --local --unset-all extensions.worktreeConfig
2026-09-17T02:13:17.5769044Z ##[group]Checking out the ref
2026-09-17T02:13:17.5773933Z [command]/usr/bin/git checkout --progress --force -B codex/lean-mf07-verification refs/remotes/origin/codex/lean-mf07-verification
2026-09-17T02:13:18.6114764Z Updating files:  43% (13411/30482)
2026-09-17T02:13:18.6321202Z Updating files:  44% (13413/30482)
2026-09-17T02:13:18.6526114Z Updating files:  45% (13717/30482)
2026-09-17T02:13:18.6735642Z Updating files:  46% (14022/30482)
2026-09-17T02:13:18.6979774Z Updating files:  47% (14327/30482)
2026-09-17T02:13:18.7136755Z Updating files:  48% (14632/30482)
2026-09-17T02:13:18.7387315Z Updating files:  49% (14937/30482)
2026-09-17T02:13:18.7646973Z Updating files:  50% (15241/30482)
2026-09-17T02:13:18.7891686Z Updating files:  51% (15546/30482)
2026-09-17T02:13:18.8120391Z Updating files:  52% (15851/30482)
2026-09-17T02:13:18.8293540Z Updating files:  53% (16156/30482)
2026-09-17T02:13:18.8481388Z Updating files:  54% (16461/30482)
2026-09-17T02:13:18.8689797Z Updating files:  55% (16766/30482)
2026-09-17T02:13:18.8910977Z Updating files:  56% (17070/30482)
2026-09-17T02:13:18.9120521Z Updating files:  57% (17375/30482)
2026-09-17T02:13:18.9310368Z Updating files:  58% (17680/30482)
2026-09-17T02:13:18.9471830Z Updating files:  59% (17985/30482)
2026-09-17T02:13:18.9667130Z Updating files:  60% (18290/30482)
2026-09-17T02:13:18.9828190Z Updating files:  61% (18595/30482)
2026-09-17T02:13:19.0077809Z Updating files:  62% (18899/30482)
2026-09-17T02:13:19.0307354Z Updating files:  63% (19204/30482)
2026-09-17T02:13:19.0534859Z Updating files:  64% (19509/30482)
2026-09-17T02:13:19.0707394Z Updating files:  65% (19814/30482)
2026-09-17T02:13:19.0874376Z Updating files:  66% (20119/30482)
2026-09-17T02:13:19.1061852Z Updating files:  67% (20423/30482)
2026-09-17T02:13:19.1304062Z Updating files:  68% (20728/30482)
2026-09-17T02:13:19.1451209Z Updating files:  69% (21033/30482)
2026-09-17T02:13:19.1606040Z Updating files:  70% (21338/30482)
2026-09-17T02:13:19.1818334Z Updating files:  71% (21643/30482)
2026-09-17T02:13:19.2070661Z Updating files:  72% (21948/30482)
2026-09-17T02:13:19.2237861Z Updating files:  73% (22252/30482)
2026-09-17T02:13:19.2414135Z Updating files:  74% (22557/30482)
2026-09-17T02:13:19.2678482Z Updating files:  75% (22862/30482)
2026-09-17T02:13:19.2840678Z Updating files:  76% (23167/30482)
2026-09-17T02:13:19.3017409Z Updating files:  77% (23472/30482)
2026-09-17T02:13:19.3201143Z Updating files:  78% (23776/30482)
2026-09-17T02:13:19.3558363Z Updating files:  79% (24081/30482)
2026-09-17T02:13:19.3816052Z Updating files:  80% (24386/30482)
2026-09-17T02:13:19.4039660Z Updating files:  81% (24691/30482)
2026-09-17T02:13:19.4433356Z Updating files:  82% (24996/30482)
2026-09-17T02:13:19.5901363Z Updating files:  83% (25301/30482)
2026-09-17T02:13:19.6117578Z Updating files:  84% (25605/30482)
2026-09-17T02:13:19.6271470Z Updating files:  84% (25792/30482)
2026-09-17T02:13:19.6754453Z Updating files:  85% (25910/30482)
2026-09-17T02:13:19.8020623Z Updating files:  86% (26215/30482)
2026-09-17T02:13:19.8440547Z Updating files:  87% (26520/30482)
2026-09-17T02:13:19.8823237Z Updating files:  88% (26825/30482)
2026-09-17T02:13:19.9572253Z Updating files:  89% (27129/30482)
2026-09-17T02:13:20.0127463Z Updating files:  90% (27434/30482)
2026-09-17T02:13:20.0900806Z Updating files:  91% (27739/30482)
2026-09-17T02:13:20.1305354Z Updating files:  92% (28044/30482)
2026-09-17T02:13:20.1595232Z Updating files:  93% (28349/30482)
2026-09-17T02:13:20.1856538Z Updating files:  94% (28654/30482)
2026-09-17T02:13:20.2150356Z Updating files:  95% (28958/30482)
2026-09-17T02:13:20.2359327Z Updating files:  96% (29263/30482)
2026-09-17T02:13:20.2535653Z Updating files:  97% (29568/30482)
2026-09-17T02:13:20.2724271Z Updating files:  98% (29873/30482)
2026-09-17T02:13:20.2902178Z Updating files:  99% (30178/30482)
2026-09-17T02:13:20.2902860Z Updating files: 100% (30482/30482)
2026-09-17T02:13:20.2903752Z Updating files: 100% (30482/30482), done.
2026-09-17T02:13:20.3276484Z Switched to a new branch 'codex/lean-mf07-verification'
2026-09-17T02:13:20.3284862Z branch 'codex/lean-mf07-verification' set up to track 'origin/codex/lean-mf07-verification'.
2026-09-17T02:13:20.3381319Z ##[endgroup]
2026-09-17T02:13:20.3429293Z [command]/usr/bin/git log -1 --format=%H
2026-09-17T02:13:20.3459796Z b2b9acc83ad7d6b7d3888de8390475a30c720af8
2026-09-17T02:13:20.3470938Z ##[group]Removing auth
2026-09-17T02:13:20.3475477Z [command]/usr/bin/git config --local --name-only --get-regexp core\.sshCommand
2026-09-17T02:13:20.3512178Z [command]/usr/bin/git submodule foreach --recursive sh -c "git config --local --name-only --get-regexp 'core\.sshCommand' && git config --local --unset-all 'core.sshCommand' || :"
2026-09-17T02:13:20.3762025Z [command]/usr/bin/git config --local --name-only --get-regexp http\.https\:\/\/github\.com\/\.extraheader
2026-09-17T02:13:20.3793350Z http.https://github.com/.extraheader
2026-09-17T02:13:20.3801547Z [command]/usr/bin/git config --local --unset-all http.https://github.com/.extraheader
2026-09-17T02:13:20.3836559Z [command]/usr/bin/git submodule foreach --recursive sh -c "git config --local --name-only --get-regexp 'http\.https\:\/\/github\.com\/\.extraheader' && git config --local --unset-all 'http.https://github.com/.extraheader' || :"
2026-09-17T02:13:20.4086715Z [command]/usr/bin/git config --local --name-only --get-regexp ^includeIf\.gitdir:
2026-09-17T02:13:20.4120496Z [command]/usr/bin/git submodule foreach --recursive git config --local --show-origin --name-only --get-regexp remote.origin.url
2026-09-17T02:13:20.4366938Z ##[endgroup]
2026-09-17T02:13:20.4576801Z ##[group]Run python3 -m pip install -r tools/lean/requirements.txt
2026-09-17T02:13:20.4577349Z [36;1mpython3 -m pip install -r tools/lean/requirements.txt[0m
2026-09-17T02:13:20.4577840Z [36;1mpython3 tools/lean/validate_manifest.py "$LEAN_PROJECT"[0m
2026-09-17T02:13:20.4616159Z shell: /usr/bin/bash -e {0}
2026-09-17T02:13:20.4616424Z env:
2026-09-17T02:13:20.4616694Z   LEAN_PROJECT: matrix-functions-and-stability/MF-07/lean
2026-09-17T02:13:20.4617031Z ##[endgroup]
2026-09-17T02:13:21.8077841Z Defaulting to user installation because normal site-packages is not writeable
2026-09-17T02:13:22.7382926Z Collecting PyYAML==6.0.3 (from -r tools/lean/requirements.txt (line 1))
2026-09-17T02:13:22.7658215Z   Downloading pyyaml-6.0.3-cp312-cp312-manylinux2014_x86_64.manylinux_2_17_x86_64.manylinux_2_28_x86_64.whl.metadata (2.4 kB)
2026-09-17T02:13:22.8105568Z Collecting jsonschema==4.26.0 (from -r tools/lean/requirements.txt (line 2))
2026-09-17T02:13:22.8133517Z   Downloading jsonschema-4.26.0-py3-none-any.whl.metadata (7.6 kB)
2026-09-17T02:13:22.8299906Z Requirement already satisfied: attrs>=22.2.0 in /usr/lib/python3/dist-packages (from jsonschema==4.26.0->-r tools/lean/requirements.txt (line 2)) (23.2.0)
2026-09-17T02:13:22.8558426Z Collecting jsonschema-specifications>=2023.03.6 (from jsonschema==4.26.0->-r tools/lean/requirements.txt (line 2))
2026-09-17T02:13:22.8589608Z   Downloading jsonschema_specifications-2025.9.1-py3-none-any.whl.metadata (2.9 kB)
2026-09-17T02:13:22.9051679Z Collecting referencing>=0.28.4 (from jsonschema==4.26.0->-r tools/lean/requirements.txt (line 2))
2026-09-17T02:13:22.9078855Z   Downloading referencing-0.37.0-py3-none-any.whl.metadata (2.8 kB)
2026-09-17T02:13:23.2598610Z Collecting rpds-py>=0.25.0 (from jsonschema==4.26.0->-r tools/lean/requirements.txt (line 2))
2026-09-17T02:13:23.2633017Z   Downloading rpds_py-2026.6.3-cp312-cp312-manylinux_2_17_x86_64.manylinux2014_x86_64.whl.metadata (4.1 kB)
2026-09-17T02:13:23.2962687Z Requirement already satisfied: typing-extensions>=4.4.0 in /usr/lib/python3/dist-packages (from referencing>=0.28.4->jsonschema==4.26.0->-r tools/lean/requirements.txt (line 2)) (4.10.0)
2026-09-17T02:13:23.3021187Z Downloading pyyaml-6.0.3-cp312-cp312-manylinux2014_x86_64.manylinux_2_17_x86_64.manylinux_2_28_x86_64.whl (807 kB)
2026-09-17T02:13:23.3207807Z    ━━━━━━━━━━━━━━━━━━━━━━━━━━━━━━━━━━━━━━━━ 807.9/807.9 kB 49.3 MB/s eta 0:00:00
2026-09-17T02:13:23.3236077Z Downloading jsonschema-4.26.0-py3-none-any.whl (90 kB)
2026-09-17T02:13:23.3276676Z    ━━━━━━━━━━━━━━━━━━━━━━━━━━━━━━━━━━━━━━━━ 90.6/90.6 kB 34.4 MB/s eta 0:00:00
2026-09-17T02:13:23.3306197Z Downloading jsonschema_specifications-2025.9.1-py3-none-any.whl (18 kB)
2026-09-17T02:13:23.3365997Z Downloading referencing-0.37.0-py3-none-any.whl (26 kB)
2026-09-17T02:13:23.3415067Z Downloading rpds_py-2026.6.3-cp312-cp312-manylinux_2_17_x86_64.manylinux2014_x86_64.whl (366 kB)
2026-09-17T02:13:23.3477654Z    ━━━━━━━━━━━━━━━━━━━━━━━━━━━━━━━━━━━━━━━━ 366.2/366.2 kB 76.8 MB/s eta 0:00:00
2026-09-17T02:13:23.6399148Z Installing collected packages: rpds-py, PyYAML, referencing, jsonschema-specifications, jsonschema
2026-09-17T02:13:23.8068373Z Successfully installed PyYAML-6.0.3 jsonschema-4.26.0 jsonschema-specifications-2025.9.1 referencing-0.37.0 rpds-py-2026.6.3
2026-09-17T02:13:24.0277065Z Manifest schema and comparator coverage: PASS (18 declarations)
2026-09-17T02:13:24.0475883Z ##[group]Run actions/setup-go@924ae3a1cded613372ab5595356fb5720e22ba16
2026-09-17T02:13:24.0476272Z with:
2026-09-17T02:13:24.0476468Z   go-version: 1.27.1
2026-09-17T02:13:24.0476678Z   cache: false
2026-09-17T02:13:24.0476875Z   check-latest: false
2026-09-17T02:13:24.0479435Z   token: ***
2026-09-17T02:13:24.0479633Z ##[endgroup]
2026-09-17T02:13:24.1715271Z Setup go version spec 1.27.1
2026-09-17T02:13:24.1727935Z Attempting to download 1.27.1...
2026-09-17T02:13:24.9707576Z matching 1.27.1...
2026-09-17T02:13:24.9735196Z Acquiring 1.27.1 from https://github.com/actions/go-versions/releases/download/1.27.1-33583469715/go-1.27.1-linux-x64.tar.gz
2026-09-17T02:13:25.6710955Z Extracting Go...
2026-09-17T02:13:25.6820054Z [command]/usr/bin/tar xz --warning=no-unknown-keyword --overwrite -C /home/runner/work/_temp/f5dec22b-8729-46fe-a790-ffa52b88bb3b -f /home/runner/work/_temp/b4d05b7a-3404-44a4-b947-d17d8bfe4aa5
2026-09-17T02:13:27.6091350Z Successfully extracted go to /home/runner/work/_temp/f5dec22b-8729-46fe-a790-ffa52b88bb3b
2026-09-17T02:13:27.6091862Z Adding to the cache ...
2026-09-17T02:13:33.3956079Z Successfully cached go to /opt/hostedtoolcache/go/1.27.1/x64
2026-09-17T02:13:33.3958995Z Added go to the path
2026-09-17T02:13:33.3961202Z Successfully set up Go version 1.27.1
2026-09-17T02:13:33.4172823Z go version go1.27.1 linux/amd64
2026-09-17T02:13:33.4173042Z 
2026-09-17T02:13:33.4173676Z ##[group]go env
2026-09-17T02:13:33.5591948Z AR='ar'
2026-09-17T02:13:33.5592328Z CC='gcc'
2026-09-17T02:13:33.5592658Z CGO_CFLAGS='-O2 -g'
2026-09-17T02:13:33.5593024Z CGO_CPPFLAGS=''
2026-09-17T02:13:33.5593299Z CGO_CXXFLAGS='-O2 -g'
2026-09-17T02:13:33.5593788Z CGO_ENABLED='1'
2026-09-17T02:13:33.5594012Z CGO_FFLAGS='-O2 -g'
2026-09-17T02:13:33.5594234Z CGO_LDFLAGS='-O2 -g'
2026-09-17T02:13:33.5594473Z CXX='g++'
2026-09-17T02:13:33.5594665Z GCCGO='gccgo'
2026-09-17T02:13:33.5594859Z GO111MODULE=''
2026-09-17T02:13:33.5595050Z GOAMD64='v1'
2026-09-17T02:13:33.5595236Z GOARCH='amd64'
2026-09-17T02:13:33.5595437Z GOAUTH='netrc'
2026-09-17T02:13:33.5595642Z GOBIN='/home/runner/go/bin'
2026-09-17T02:13:33.5595903Z GOCACHE='/home/runner/.cache/go-build'
2026-09-17T02:13:33.5596207Z GOCACHEPROG=''
2026-09-17T02:13:33.5596422Z GODEBUG=''
2026-09-17T02:13:33.5596632Z GOENV='/home/runner/.config/go/env'
2026-09-17T02:13:33.5596880Z GOEXE=''
2026-09-17T02:13:33.5597067Z GOEXPERIMENT=''
2026-09-17T02:13:33.5597264Z GOFIPS140='off'
2026-09-17T02:13:33.5597458Z GOFLAGS=''
2026-09-17T02:13:33.5598153Z GOGCCFLAGS='-fPIC -m64 -pthread -Wl,--no-gc-sections -fmessage-length=0 -ffile-prefix-map=/tmp/go-build1674369952=/tmp/go-build -gno-record-gcc-switches'
2026-09-17T02:13:33.5598812Z GOHOSTARCH='amd64'
2026-09-17T02:13:33.5599019Z GOHOSTOS='linux'
2026-09-17T02:13:33.5599214Z GOINSECURE=''
2026-09-17T02:13:33.5599408Z GOMOD='/dev/null'
2026-09-17T02:13:33.5599891Z GOMODCACHE='/home/runner/go/pkg/mod'
2026-09-17T02:13:33.5600153Z GONOPROXY=''
2026-09-17T02:13:33.5600345Z GONOSUMDB=''
2026-09-17T02:13:33.5600533Z GOOS='linux'
2026-09-17T02:13:33.5600725Z GOPACKAGESDRIVER=''
2026-09-17T02:13:33.5600943Z GOPATH='/home/runner/go'
2026-09-17T02:13:33.5601162Z GOPRIVATE=''
2026-09-17T02:13:33.5601408Z GOPROXY='https://proxy.golang.org,direct'
2026-09-17T02:13:33.5601727Z GOROOT='/opt/hostedtoolcache/go/1.27.1/x64'
2026-09-17T02:13:33.5602013Z GOSUMDB='sum.golang.org'
2026-09-17T02:13:33.5602248Z GOTELEMETRY='local'
2026-09-17T02:13:33.5602516Z GOTELEMETRYDIR='/home/runner/.config/go/telemetry'
2026-09-17T02:13:33.5602814Z GOTMPDIR=''
2026-09-17T02:13:33.5603002Z GOTOOLCHAIN='local'
2026-09-17T02:13:33.5603313Z GOTOOLDIR='/opt/hostedtoolcache/go/1.27.1/x64/pkg/tool/linux_amd64'
2026-09-17T02:13:33.5603913Z GOVCS=''
2026-09-17T02:13:33.5604105Z GOVERSION='go1.27.1'
2026-09-17T02:13:33.5604314Z GOWORK=''
2026-09-17T02:13:33.5604515Z PKG_CONFIG='pkg-config'
2026-09-17T02:13:33.5604670Z 
2026-09-17T02:13:33.5605043Z ##[endgroup]
2026-09-17T02:13:33.6020064Z ##[group]Run leanprover/lean-action@96e06131c0e9943c780388fd166f55d1e2fa0433
2026-09-17T02:13:33.6020489Z with:
2026-09-17T02:13:33.6020805Z   lake-package-directory: matrix-functions-and-stability/MF-07/lean
2026-09-17T02:13:33.6021188Z   auto-config: false
2026-09-17T02:13:33.6021397Z   build: false
2026-09-17T02:13:33.6021588Z   test: false
2026-09-17T02:13:33.6021768Z   lint: false
2026-09-17T02:13:33.6021963Z   use-mathlib-cache: false
2026-09-17T02:13:33.6022201Z   use-github-cache: false
2026-09-17T02:13:33.6022429Z   mk_all-check: false
2026-09-17T02:13:33.6022656Z   check-reservoir-eligibility: false
2026-09-17T02:13:33.6022917Z   leanchecker: false
2026-09-17T02:13:33.6023120Z   lean4checker: false
2026-09-17T02:13:33.6023317Z   nanoda: false
2026-09-17T02:13:33.6023850Z   nanoda-allow-sorry: true
2026-09-17T02:13:33.6024081Z   axiom-audit: false
2026-09-17T02:13:33.6024365Z   axiom-audit-allow: propext,Classical.choice,Quot.sound
2026-09-17T02:13:33.6024758Z   reinstall-transient-toolchain: false
2026-09-17T02:13:33.6025015Z env:
2026-09-17T02:13:33.6025192Z   GOTOOLCHAIN: local
2026-09-17T02:13:33.6025393Z ##[endgroup]
2026-09-17T02:13:33.6096516Z ##[start-action display=install elan;id=__leanprover_lean-action.__run]
2026-09-17T02:13:33.6120378Z ##[group]Run : Install Elan
2026-09-17T02:13:33.6120649Z [36;1m: Install Elan[0m
2026-09-17T02:13:33.6120929Z [36;1m${GITHUB_ACTION_PATH}/scripts/install_elan.sh[0m
2026-09-17T02:13:33.6160454Z shell: /usr/bin/bash --noprofile --norc -e -o pipefail {0}
2026-09-17T02:13:33.6160786Z env:
2026-09-17T02:13:33.6160981Z   GOTOOLCHAIN: local
2026-09-17T02:13:33.6161197Z ##[endgroup]
2026-09-17T02:13:33.6249414Z ##[group]Elan Installation Output
2026-09-17T02:13:33.6687919Z info: downloading installer
2026-09-17T02:13:34.2861940Z info: downloading https://releases.lean-lang.org/lean4/v4.33.1/lean-4.33.1-linux.tar.zst
2026-09-17T02:13:37.9561540Z info: installing /home/runner/.elan/toolchains/leanprover--lean4---v4.33.1
2026-09-17T02:13:44.9018340Z Lean (version 4.33.1, x86_64-unknown-linux-gnu, commit 819816b2e0a3bf405af45ae5c7af2491d8f5bee6, Release)
2026-09-17T02:13:44.9474617Z Lake version 5.0.0-src+819816b (Lean version 4.33.1)
2026-09-17T02:13:44.9481665Z ##[endgroup]
2026-09-17T02:13:44.9481953Z 
2026-09-17T02:13:44.9505207Z ##[end-action id=__leanprover_lean-action.__run;outcome=success;conclusion=success;duration_ms=11340]
2026-09-17T02:13:44.9510590Z ##[start-action display=configure `lean-action`;id=__leanprover_lean-action.config]
2026-09-17T02:13:44.9527205Z ##[group]Run : Configure Lean Action
2026-09-17T02:13:44.9527512Z [36;1m: Configure Lean Action[0m
2026-09-17T02:13:44.9527793Z [36;1m${GITHUB_ACTION_PATH}/scripts/config.sh[0m
2026-09-17T02:13:44.9564570Z shell: /usr/bin/bash --noprofile --norc -e -o pipefail {0}
2026-09-17T02:13:44.9564922Z env:
2026-09-17T02:13:44.9565114Z   GOTOOLCHAIN: local
2026-09-17T02:13:44.9565325Z   AUTO_CONFIG: false
2026-09-17T02:13:44.9565776Z   BUILD: false
2026-09-17T02:13:44.9565979Z   TEST: false
2026-09-17T02:13:44.9566167Z   LINT: false
2026-09-17T02:13:44.9566351Z ##[endgroup]
2026-09-17T02:13:44.9644881Z ##[group]Configure lean-action
2026-09-17T02:13:44.9694835Z ##[end-action id=__leanprover_lean-action.config;outcome=success;conclusion=success;duration_ms=18]
2026-09-17T02:13:44.9699053Z ##[start-action display=reinstall transient toolchain;id=__leanprover_lean-action.__run_2]
2026-09-17T02:13:44.9704804Z ##[end-action id=__leanprover_lean-action.__run_2;outcome=skipped;conclusion=skipped;duration_ms=0]
2026-09-17T02:13:44.9707544Z ##[start-action display=ensure all files are imported;id=__leanprover_lean-action.mk_all]
2026-09-17T02:13:44.9711235Z ##[end-action id=__leanprover_lean-action.mk_all;outcome=skipped;conclusion=skipped;duration_ms=0]
2026-09-17T02:13:44.9713274Z ##[start-action display=Run actions/cache/restore@v5;id=__leanprover_lean-action.__actions_cache]
2026-09-17T02:13:44.9717364Z ##[end-action id=__leanprover_lean-action.__actions_cache;outcome=skipped;conclusion=skipped;duration_ms=0]
2026-09-17T02:13:44.9719272Z ##[start-action display=detect mathlib;id=__leanprover_lean-action.detect-mathlib]
2026-09-17T02:13:44.9722659Z ##[end-action id=__leanprover_lean-action.detect-mathlib;outcome=skipped;conclusion=skipped;duration_ms=0]
2026-09-17T02:13:44.9725052Z ##[start-action display=get mathlib cache;id=__leanprover_lean-action.__run_3]
2026-09-17T02:13:44.9741386Z ##[end-action id=__leanprover_lean-action.__run_3;outcome=skipped;conclusion=skipped;duration_ms=0]
2026-09-17T02:13:44.9769253Z ##[start-action display=build sgstepaniants/OpenProblemsInNLA;id=__leanprover_lean-action.build]
2026-09-17T02:13:44.9773995Z ##[end-action id=__leanprover_lean-action.build;outcome=skipped;conclusion=skipped;duration_ms=0]
2026-09-17T02:13:44.9776072Z ##[start-action display=Run actions/cache/save@v5;id=__leanprover_lean-action.__actions_cache_2]
2026-09-17T02:13:44.9779512Z ##[end-action id=__leanprover_lean-action.__actions_cache_2;outcome=skipped;conclusion=skipped;duration_ms=0]
2026-09-17T02:13:44.9782658Z ##[start-action display=test sgstepaniants/OpenProblemsInNLA;id=__leanprover_lean-action.test]
2026-09-17T02:13:44.9787232Z ##[end-action id=__leanprover_lean-action.test;outcome=skipped;conclusion=skipped;duration_ms=0]
2026-09-17T02:13:44.9790019Z ##[start-action display=lint sgstepaniants/OpenProblemsInNLA;id=__leanprover_lean-action.lint]
2026-09-17T02:13:44.9794605Z ##[end-action id=__leanprover_lean-action.lint;outcome=skipped;conclusion=skipped;duration_ms=0]
2026-09-17T02:13:44.9796539Z ##[start-action display=check reservoir eligibility;id=__leanprover_lean-action.__run_4]
2026-09-17T02:13:44.9799872Z ##[end-action id=__leanprover_lean-action.__run_4;outcome=skipped;conclusion=skipped;duration_ms=0]
2026-09-17T02:13:44.9802513Z ##[start-action display=check environment with leanchecker;id=__leanprover_lean-action.__run_5]
2026-09-17T02:13:44.9807414Z ##[end-action id=__leanprover_lean-action.__run_5;outcome=skipped;conclusion=skipped;duration_ms=0]
2026-09-17T02:13:44.9809764Z ##[start-action display=check environment with nanoda;id=__leanprover_lean-action.nanoda]
2026-09-17T02:13:44.9812960Z ##[end-action id=__leanprover_lean-action.nanoda;outcome=skipped;conclusion=skipped;duration_ms=0]
2026-09-17T02:13:44.9815817Z ##[start-action display=audit axioms with axiom-audit;id=__leanprover_lean-action.axiom-audit]
2026-09-17T02:13:44.9819094Z ##[end-action id=__leanprover_lean-action.axiom-audit;outcome=skipped;conclusion=skipped;duration_ms=0]
2026-09-17T02:13:44.9869626Z ##[group]Run sudo apt-get update
2026-09-17T02:13:44.9869943Z [36;1msudo apt-get update[0m
2026-09-17T02:13:44.9870266Z [36;1msudo apt-get install -y bubblewrap dbus-user-session[0m
2026-09-17T02:13:44.9870712Z [36;1msudo sysctl -w kernel.apparmor_restrict_unprivileged_userns=0[0m
2026-09-17T02:13:44.9871115Z [36;1msudo loginctl enable-linger "$(id -un)"[0m
2026-09-17T02:13:44.9871445Z [36;1msudo systemctl start "user@$(id -u).service"[0m
2026-09-17T02:13:44.9871986Z [36;1mecho "XDG_RUNTIME_DIR=/run/user/$(id -u)" >> "$GITHUB_ENV"[0m
2026-09-17T02:13:44.9872480Z [36;1mecho "DBUS_SESSION_BUS_ADDRESS=unix:path=/run/user/$(id -u)/bus" >> "$GITHUB_ENV"[0m
2026-09-17T02:13:44.9905438Z shell: /usr/bin/bash -e {0}
2026-09-17T02:13:44.9905688Z env:
2026-09-17T02:13:44.9905875Z   GOTOOLCHAIN: local
2026-09-17T02:13:44.9906095Z ##[endgroup]
2026-09-17T02:13:45.7057559Z Get:1 file:/etc/apt/apt-mirrors.txt Mirrorlist [144 B]
2026-09-17T02:13:45.7527261Z Hit:2 http://azure.archive.ubuntu.com/ubuntu noble InRelease
2026-09-17T02:13:45.7547604Z Get:3 http://azure.archive.ubuntu.com/ubuntu noble-updates InRelease [126 kB]
2026-09-17T02:13:45.8059547Z Get:4 http://azure.archive.ubuntu.com/ubuntu noble-backports InRelease [126 kB]
2026-09-17T02:13:45.8454727Z Get:5 http://azure.archive.ubuntu.com/ubuntu noble-security InRelease [126 kB]
2026-09-17T02:13:45.8485554Z Get:6 https://packages.microsoft.com/ubuntu/24.04/prod noble InRelease [3600 B]
2026-09-17T02:13:45.8535212Z Get:7 https://dl.google.com/linux/chrome-stable/deb stable InRelease [2548 B]
2026-09-17T02:13:46.1633278Z Get:8 http://azure.archive.ubuntu.com/ubuntu noble-updates/main amd64 Packages [1264 kB]
2026-09-17T02:13:46.2230776Z Get:9 http://azure.archive.ubuntu.com/ubuntu noble-updates/main Translation-en [292 kB]
2026-09-17T02:13:46.2629224Z Get:10 http://azure.archive.ubuntu.com/ubuntu noble-updates/main amd64 Components [181 kB]
2026-09-17T02:13:46.2633785Z Get:11 http://azure.archive.ubuntu.com/ubuntu noble-updates/universe amd64 Packages [1688 kB]
2026-09-17T02:13:46.2799243Z Get:12 http://azure.archive.ubuntu.com/ubuntu noble-updates/universe Translation-en [338 kB]
2026-09-17T02:13:46.2800586Z Get:13 http://azure.archive.ubuntu.com/ubuntu noble-updates/universe amd64 Components [388 kB]
2026-09-17T02:13:46.2802023Z Get:14 http://azure.archive.ubuntu.com/ubuntu noble-updates/restricted amd64 Packages [1550 kB]
2026-09-17T02:13:46.2899317Z Get:15 http://azure.archive.ubuntu.com/ubuntu noble-updates/restricted Translation-en [355 kB]
2026-09-17T02:13:46.2945921Z Get:16 http://azure.archive.ubuntu.com/ubuntu noble-updates/multiverse amd64 Packages [45.7 kB]
2026-09-17T02:13:46.2949455Z Get:17 http://azure.archive.ubuntu.com/ubuntu noble-updates/multiverse Translation-en [13.1 kB]
2026-09-17T02:13:46.3305820Z Get:29 https://packages.microsoft.com/ubuntu/24.04/prod noble/main amd64 Packages [474 kB]
2026-09-17T02:13:46.3360738Z Get:30 https://packages.microsoft.com/ubuntu/24.04/prod noble/main arm64 Packages [425 kB]
2026-09-17T02:13:46.3364171Z Get:18 http://azure.archive.ubuntu.com/ubuntu noble-updates/multiverse amd64 Components [940 B]
2026-09-17T02:13:46.3370435Z Get:19 http://azure.archive.ubuntu.com/ubuntu noble-backports/main amd64 Components [5776 B]
2026-09-17T02:13:46.3375629Z Get:20 http://azure.archive.ubuntu.com/ubuntu noble-backports/universe amd64 Components [12.6 kB]
2026-09-17T02:13:46.3382689Z Get:21 http://azure.archive.ubuntu.com/ubuntu noble-security/main amd64 Packages [1009 kB]
2026-09-17T02:13:46.3441640Z Get:22 http://azure.archive.ubuntu.com/ubuntu noble-security/main Translation-en [213 kB]
2026-09-17T02:13:46.3451408Z Get:23 http://azure.archive.ubuntu.com/ubuntu noble-security/main amd64 Components [46.4 kB]
2026-09-17T02:13:46.3459461Z Get:24 http://azure.archive.ubuntu.com/ubuntu noble-security/universe amd64 Packages [1207 kB]
2026-09-17T02:13:46.3520116Z Get:25 http://azure.archive.ubuntu.com/ubuntu noble-security/universe Translation-en [242 kB]
2026-09-17T02:13:46.3536883Z Get:26 http://azure.archive.ubuntu.com/ubuntu noble-security/universe amd64 Components [76.3 kB]
2026-09-17T02:13:46.3546930Z Get:27 http://azure.archive.ubuntu.com/ubuntu noble-security/restricted amd64 Packages [1449 kB]
2026-09-17T02:13:46.3615528Z Get:28 http://azure.archive.ubuntu.com/ubuntu noble-security/restricted Translation-en [336 kB]
2026-09-17T02:13:46.4542652Z Get:31 https://dl.google.com/linux/chrome-stable/deb stable/main amd64 Packages [1407 B]
2026-09-17T02:13:50.4496680Z Fetched 12.0 MB in 2s (6958 kB/s)
2026-09-17T02:13:51.2244547Z Reading package lists...
2026-09-17T02:13:51.2556593Z Reading package lists...
2026-09-17T02:13:51.4191676Z Building dependency tree...
2026-09-17T02:13:51.4198925Z Reading state information...
2026-09-17T02:13:51.7115689Z dbus-user-session is already the newest version (1.14.10-4ubuntu4.1).
2026-09-17T02:13:51.7116734Z dbus-user-session set to manually installed.
2026-09-17T02:13:51.7117353Z The following NEW packages will be installed:
2026-09-17T02:13:51.7122855Z   bubblewrap
2026-09-17T02:13:51.7699382Z 0 upgraded, 1 newly installed, 0 to remove and 72 not upgraded.
2026-09-17T02:13:51.7699818Z Need to get 50.2 kB of archives.
2026-09-17T02:13:51.7700182Z After this operation, 133 kB of additional disk space will be used.
2026-09-17T02:13:51.7700616Z Get:1 file:/etc/apt/apt-mirrors.txt Mirrorlist [144 B]
2026-09-17T02:13:51.8465967Z Get:2 http://azure.archive.ubuntu.com/ubuntu noble-updates/main amd64 bubblewrap amd64 0.9.0-1ubuntu0.1 [50.2 kB]
2026-09-17T02:13:52.1013069Z Fetched 50.2 kB in 0s (546 kB/s)
2026-09-17T02:13:52.1242701Z Selecting previously unselected package bubblewrap.
2026-09-17T02:13:52.1546299Z (Reading database ... 
2026-09-17T02:13:52.1546756Z (Reading database ... 5%
2026-09-17T02:13:52.1547268Z (Reading database ... 10%
2026-09-17T02:13:52.1547731Z (Reading database ... 15%
2026-09-17T02:13:52.1548171Z (Reading database ... 20%
2026-09-17T02:13:52.1548579Z (Reading database ... 25%
2026-09-17T02:13:52.1549015Z (Reading database ... 30%
2026-09-17T02:13:52.1549463Z (Reading database ... 35%
2026-09-17T02:13:52.1549930Z (Reading database ... 40%
2026-09-17T02:13:52.1550363Z (Reading database ... 45%
2026-09-17T02:13:52.1550819Z (Reading database ... 50%
2026-09-17T02:13:52.1593518Z (Reading database ... 55%
2026-09-17T02:13:52.3211056Z (Reading database ... 60%
2026-09-17T02:13:52.4988962Z (Reading database ... 65%
2026-09-17T02:13:52.6696905Z (Reading database ... 70%
2026-09-17T02:13:52.8585587Z (Reading database ... 75%
2026-09-17T02:13:53.0661238Z (Reading database ... 80%
2026-09-17T02:13:53.2556999Z (Reading database ... 85%
2026-09-17T02:13:53.4644907Z (Reading database ... 90%
2026-09-17T02:13:53.6576186Z (Reading database ... 95%
2026-09-17T02:13:53.6576682Z (Reading database ... 100%
2026-09-17T02:13:53.6577317Z (Reading database ... 201818 files and directories currently installed.)
2026-09-17T02:13:53.6618402Z Preparing to unpack .../bubblewrap_0.9.0-1ubuntu0.1_amd64.deb ...
2026-09-17T02:13:53.6649686Z Unpacking bubblewrap (0.9.0-1ubuntu0.1) ...
2026-09-17T02:13:53.7080168Z Setting up bubblewrap (0.9.0-1ubuntu0.1) ...
2026-09-17T02:13:53.7129893Z Processing triggers for man-db (2.12.0-4build2) ...
2026-09-17T02:13:53.7151590Z Not building database; man-db/auto-update is not 'true'.
2026-09-17T02:13:54.3736000Z 
2026-09-17T02:13:54.3736474Z Running kernel seems to be up-to-date.
2026-09-17T02:13:54.3736854Z 
2026-09-17T02:13:54.3737046Z No services need to be restarted.
2026-09-17T02:13:54.3737392Z 
2026-09-17T02:13:54.3737613Z No containers need to be restarted.
2026-09-17T02:13:54.3737916Z 
2026-09-17T02:13:54.3738154Z No user sessions are running outdated binaries.
2026-09-17T02:13:54.3738516Z 
2026-09-17T02:13:54.3738889Z No VM guests are running outdated hypervisor (qemu) binaries on this host.
2026-09-17T02:13:55.1915270Z kernel.apparmor_restrict_unprivileged_userns = 0
2026-09-17T02:13:55.2223898Z ##[group]Run ulimit -n 65536
2026-09-17T02:13:55.2224223Z [36;1mulimit -n 65536[0m
2026-09-17T02:13:55.2224552Z [36;1mtools/lean/bootstrap.sh "$RUNNER_TEMP/nla-lean-tools"[0m
2026-09-17T02:13:55.2225008Z [36;1mtools/lean/verify.sh "$LEAN_PROJECT" "$RUNNER_TEMP/nla-lean-tools"[0m
2026-09-17T02:13:55.2261889Z shell: /usr/bin/bash -e {0}
2026-09-17T02:13:55.2262140Z env:
2026-09-17T02:13:55.2262329Z   GOTOOLCHAIN: local
2026-09-17T02:13:55.2262559Z   XDG_RUNTIME_DIR: /run/user/1001
2026-09-17T02:13:55.2262874Z   DBUS_SESSION_BUS_ADDRESS: unix:path=/run/user/1001/bus
2026-09-17T02:13:55.2263591Z   LEAN_PROJECT: matrix-functions-and-stability/MF-07/lean
2026-09-17T02:13:55.2263926Z ##[endgroup]
2026-09-17T02:13:55.8760117Z Running elan toolchain install leanprover/lean4:v4.33.1
2026-09-17T02:13:55.8760657Z Log: /home/runner/work/_temp/nla-lean-tools/logs/bootstrap/elan.log
2026-09-17T02:13:55.8780585Z info: toolchain 'leanprover/lean4:v4.33.1' is already installed
2026-09-17T02:13:55.9698809Z Running go build -mod=readonly -buildvcs=false -o /home/runner/work/_temp/nla-lean-tools/.tools/bin/landrun ./cmd/landrun
2026-09-17T02:13:55.9741794Z Log: /home/runner/work/_temp/nla-lean-tools/logs/bootstrap/landrun-build.log
2026-09-17T02:13:55.9742737Z go: downloading github.com/urfave/cli/v3 v3.6.2
2026-09-17T02:13:55.9896099Z go: downloading github.com/landlock-lsm/go-landlock v0.9.0
2026-09-17T02:13:56.0524617Z go: downloading golang.org/x/sys v0.40.0
2026-09-17T02:13:56.0526304Z go: downloading kernel.org/pub/linux/libs/security/libcap/psx v1.2.77
2026-09-17T02:14:04.7733048Z Running lake build lean4export comparator
2026-09-17T02:14:04.7734050Z Log: /home/runner/work/_temp/nla-lean-tools/logs/bootstrap/comparator-build.log
2026-09-17T02:14:05.3165395Z ✔ [3/20] Built Comparator.Util (420ms)
2026-09-17T02:14:05.5147921Z ✔ [4/20] Built Comparator.Util:c.o (219ms)
2026-09-17T02:14:06.8174487Z ✔ [5/20] Built Export.Parse (1.0s)
2026-09-17T02:14:07.6274599Z ✔ [6/20] Built Export (2.8s)
2026-09-17T02:14:07.6294715Z ✔ [7/20] Built Comparator.Axioms (720ms)
2026-09-17T02:14:08.2225040Z ✔ [8/20] Built Comparator.Axioms:c.o (613ms)
2026-09-17T02:14:08.6234841Z ✔ [9/20] Built Comparator.Compare (1.0s)
2026-09-17T02:14:09.3245010Z ✔ [10/20] Built Comparator.Compare:c.o (741ms)
2026-09-17T02:14:09.7248524Z ✔ [11/20] Built Main (1.5s)
2026-09-17T02:14:09.8234803Z ✔ [12/20] Built Comparator (469ms)
2026-09-17T02:14:09.9244775Z ✔ [13/20] Built Comparator:c.o (109ms)
2026-09-17T02:14:10.0241994Z ✔ [14/20] Built Main:c.o (335ms)
2026-09-17T02:14:11.5265354Z ✔ [15/20] Built Main (1.6s)
2026-09-17T02:14:11.8261725Z ✔ [16/20] Built Export:c.o (4.2s)
2026-09-17T02:14:13.0274082Z ✔ [17/20] Built lean4export:exe (1.2s)
2026-09-17T02:14:13.1274489Z ✔ [18/20] Built Export.Parse:c.o (6.3s)
2026-09-17T02:14:13.2276165Z ✔ [19/20] Built Main:c.o (1.6s)
2026-09-17T02:14:13.8281610Z ✔ [20/20] Built comparator:exe (699ms)
2026-09-17T02:14:13.8287469Z Build completed successfully (20 jobs).
2026-09-17T02:14:14.1179219Z Tools built; isolation and checker controls run during verify. Receipt: /home/runner/work/_temp/nla-lean-tools/bootstrap.json
2026-09-17T02:14:14.5202253Z Running /usr/bin/timeout --kill-after=5s 45s systemd-run -p RuntimeMaxSec=40 --user --quiet --wait --pipe --collect -p 'RestrictAddressFamilies=~AF_UNIX' --working-directory /home/runner/work/_temp/nla-lean-tools /usr/bin/env -i PATH=/home/runner/.elan/toolchains/leanprover--lean4---v4.33.1/bin:/home/runner/.elan/bin:/home/runner/go/bin:/opt/hostedtoolcache/go/1.27.1/x64/bin:/snap/bin:/home/runner/.local/bin:/opt/pipx_bin:/home/runner/.cargo/bin:/home/runner/.config/composer/vendor/bin:/usr/local/.ghcup/bin:/home/runner/.dotnet/tools:/usr/local/sbin:/usr/local/bin:/usr/sbin:/usr/bin:/sbin:/bin:/usr/games:/usr/local/games:/snap/bin HOME=/home/runner LANG=C.UTF-8 XDG_RUNTIME_DIR=/run/user/1001 DBUS_SESSION_BUS_ADDRESS=unix:path=/run/user/1001/bus GIT_TERMINAL_PROMPT=0 GIT_CONFIG_NOSYSTEM=1 GIT_CONFIG_GLOBAL=/dev/null COMPARATOR_BIN=/home/runner/work/_temp/nla-lean-tools/.tools/comparator/.lake/build/bin/comparator COMPARATOR_LEAN4EXPORT=/home/runner/work/_temp/nla-lean-tools/.tools/lean4export/.lake/build/bin/lean4export COMPARATOR_LANDRUN=/home/runner/work/_temp/nla-lean-tools/scripts/strict_landrun.py XDG_CACHE_HOME=/home/runner/work/_temp/nla-lean-tools/.tools/cache TMPDIR=/home/runner/work/_temp/nla-lean-tools/.verification-tmp /usr/bin/true
2026-09-17T02:14:14.5530801Z Log: /home/runner/work/_temp/nla-lean-tools/logs/verify-20260917T021414Z-4149/user-service.log
2026-09-17T02:14:14.5531856Z Running python3 /home/runner/work/_temp/nla-lean-tools/reproduction/checks/sandbox_probe_ci.py
2026-09-17T02:14:14.5533265Z Log: /home/runner/work/_temp/nla-lean-tools/logs/verify-20260917T021414Z-4149/sandbox.log
2026-09-17T02:14:14.5861299Z START sandbox mode: build
2026-09-17T02:14:14.6686934Z START sandbox mode: export
2026-09-17T02:14:14.7521201Z START sandbox negative case: unknown option
2026-09-17T02:14:14.7916033Z START sandbox negative case: unexpected --rw
2026-09-17T02:14:14.8315205Z START sandbox negative case: unexpected --rwx
2026-09-17T02:14:14.8727810Z START sandbox negative case: relative --rwx
2026-09-17T02:14:14.9129822Z MODE build: exit=0
2026-09-17T02:14:14.9130605Z Running as unit: run-u2.service; invocation ID: 537039b714cf4750b4f7765b376d077c
2026-09-17T02:14:14.9131354Z PASS outside .lake write-open: denied errno=30
2026-09-17T02:14:14.9131882Z PASS outside .lake truncate: denied errno=30
2026-09-17T02:14:14.9132462Z PASS outside .lake read-only truncate-open: denied errno=30
2026-09-17T02:14:14.9133085Z PASS symlink from .lake to outside write: denied errno=30
2026-09-17T02:14:14.9133997Z PASS outside .lake creation: denied errno=30
2026-09-17T02:14:14.9134492Z PASS build .lake write: allowed
2026-09-17T02:14:14.9134932Z PASS user namespace: private
2026-09-17T02:14:14.9135356Z PASS pid namespace: private
2026-09-17T02:14:14.9135769Z PASS mnt namespace: private
2026-09-17T02:14:14.9136184Z PASS net namespace: private
2026-09-17T02:14:14.9136479Z PASS ipc namespace: private
2026-09-17T02:14:14.9136739Z PASS uts namespace: private
2026-09-17T02:14:14.9137012Z PASS host parent: absent from private /proc
2026-09-17T02:14:14.9137339Z PASS host parent signal lookup: denied errno=3
2026-09-17T02:14:14.9137676Z PASS host loopback listener: unreachable errno=13
2026-09-17T02:14:14.9138008Z PASS AF_UNIX socket creation: denied errno=97
2026-09-17T02:14:14.9138310Z PASS effective capabilities: none
2026-09-17T02:14:14.9138566Z PASS no_new_privs: set
2026-09-17T02:14:14.9138792Z Sandbox UID: 1001
2026-09-17T02:14:14.9139051Z PASS nested namespace write attempt: rejected exit=1
2026-09-17T02:14:14.9139407Z bwrap: setting up uid map: Permission denied
2026-09-17T02:14:14.9139709Z Finished with result: success
2026-09-17T02:14:14.9140003Z Main processes terminated with: code=exited/status=0
2026-09-17T02:14:14.9140306Z Service runtime: 71ms
2026-09-17T02:14:14.9140523Z CPU time consumed: 72ms
2026-09-17T02:14:14.9140744Z Memory peak: 256.0K
2026-09-17T02:14:14.9140957Z Memory swap peak: 0B
2026-09-17T02:14:14.9141091Z 
2026-09-17T02:14:14.9141177Z MODE export: exit=0
2026-09-17T02:14:14.9141536Z Running as unit: run-u3.service; invocation ID: 2cb53d1aba104386b2429d4d48a77205
2026-09-17T02:14:14.9141998Z PASS outside .lake write-open: denied errno=30
2026-09-17T02:14:14.9142318Z PASS outside .lake truncate: denied errno=30
2026-09-17T02:14:14.9142674Z PASS outside .lake read-only truncate-open: denied errno=30
2026-09-17T02:14:14.9143068Z PASS symlink from .lake to outside write: denied errno=30
2026-09-17T02:14:14.9143703Z PASS outside .lake creation: denied errno=30
2026-09-17T02:14:14.9144151Z PASS export .lake write-open: denied errno=30
2026-09-17T02:14:14.9144485Z PASS export .lake truncate: denied errno=30
2026-09-17T02:14:14.9144780Z PASS user namespace: private
2026-09-17T02:14:14.9145034Z PASS pid namespace: private
2026-09-17T02:14:14.9145277Z PASS mnt namespace: private
2026-09-17T02:14:14.9145509Z PASS net namespace: private
2026-09-17T02:14:14.9146002Z PASS ipc namespace: private
2026-09-17T02:14:14.9146251Z PASS uts namespace: private
2026-09-17T02:14:14.9146512Z PASS host parent: absent from private /proc
2026-09-17T02:14:14.9146830Z PASS host parent signal lookup: denied errno=3
2026-09-17T02:14:14.9147161Z PASS host loopback listener: unreachable errno=13
2026-09-17T02:14:14.9147493Z PASS AF_UNIX socket creation: denied errno=97
2026-09-17T02:14:14.9147787Z PASS effective capabilities: none
2026-09-17T02:14:14.9148039Z PASS no_new_privs: set
2026-09-17T02:14:14.9148252Z Sandbox UID: 1001
2026-09-17T02:14:14.9148506Z PASS nested namespace write attempt: rejected exit=1
2026-09-17T02:14:14.9148993Z bwrap: setting up uid map: Permission denied
2026-09-17T02:14:14.9149278Z Finished with result: success
2026-09-17T02:14:14.9149564Z Main processes terminated with: code=exited/status=0
2026-09-17T02:14:14.9149859Z Service runtime: 71ms
2026-09-17T02:14:14.9150073Z CPU time consumed: 71ms
2026-09-17T02:14:14.9150295Z Memory peak: 256.0K
2026-09-17T02:14:14.9150508Z Memory swap peak: 0B
2026-09-17T02:14:14.9150632Z 
2026-09-17T02:14:14.9150741Z NEGATIVE unknown option: exit=2
2026-09-17T02:14:14.9151127Z Running as unit: run-u4.service; invocation ID: c84edeeffd0f4e59bf2348bb4fc3f285
2026-09-17T02:14:14.9151722Z strict Comparator sandbox: unsupported Comparator Landrun option: --unrestricted-filesystem
2026-09-17T02:14:14.9152180Z Finished with result: exit-code
2026-09-17T02:14:14.9152469Z Main processes terminated with: code=exited/status=2
2026-09-17T02:14:14.9152788Z Service runtime: 26ms
2026-09-17T02:14:14.9153097Z CPU time consumed: 25ms
2026-09-17T02:14:14.9153568Z Memory peak: 256.0K
2026-09-17T02:14:14.9153853Z Memory swap peak: 0B
2026-09-17T02:14:14.9153989Z 
2026-09-17T02:14:14.9154098Z NEGATIVE unexpected --rw: exit=2
2026-09-17T02:14:14.9154479Z Running as unit: run-u5.service; invocation ID: 71dec088904143fea8c310f334ad09b1
2026-09-17T02:14:14.9154978Z strict Comparator sandbox: only private /dev may be passed with --rw
2026-09-17T02:14:14.9155352Z Finished with result: exit-code
2026-09-17T02:14:14.9155646Z Main processes terminated with: code=exited/status=2
2026-09-17T02:14:14.9155952Z Service runtime: 26ms
2026-09-17T02:14:14.9156172Z CPU time consumed: 26ms
2026-09-17T02:14:14.9156387Z Memory peak: 256.0K
2026-09-17T02:14:14.9156589Z Memory swap peak: 0B
2026-09-17T02:14:14.9156717Z 
2026-09-17T02:14:14.9156821Z NEGATIVE unexpected --rwx: exit=2
2026-09-17T02:14:14.9157194Z Running as unit: run-u6.service; invocation ID: 86b360d3487a423c8d659f049f88d72f
2026-09-17T02:14:14.9157708Z strict Comparator sandbox: only this project's existing .lake may be writable
2026-09-17T02:14:14.9158540Z Finished with result: exit-code
2026-09-17T02:14:14.9159092Z Main processes terminated with: code=exited/status=2
2026-09-17T02:14:14.9159641Z Service runtime: 26ms
2026-09-17T02:14:14.9160050Z CPU time consumed: 25ms
2026-09-17T02:14:14.9160414Z Memory peak: 256.0K
2026-09-17T02:14:14.9160629Z Memory swap peak: 0B
2026-09-17T02:14:14.9160762Z 
2026-09-17T02:14:14.9160874Z NEGATIVE relative --rwx: exit=2
2026-09-17T02:14:14.9161261Z Running as unit: run-u7.service; invocation ID: 08e606fcfacb434baf5f5badbea0cbd3
2026-09-17T02:14:14.9161791Z strict Comparator sandbox: only this project's existing .lake may be writable
2026-09-17T02:14:14.9162203Z Finished with result: exit-code
2026-09-17T02:14:14.9162503Z Main processes terminated with: code=exited/status=2
2026-09-17T02:14:14.9162802Z Service runtime: 26ms
2026-09-17T02:14:14.9163023Z CPU time consumed: 25ms
2026-09-17T02:14:14.9163245Z Memory peak: 308.0K
2026-09-17T02:14:14.9164839Z Memory swap peak: 0B
2026-09-17T02:14:14.9164996Z 
2026-09-17T02:14:14.9165265Z Outer and export fixture contents unchanged; only designated build fixture written.
2026-09-17T02:14:14.9191361Z Running bash /home/runner/work/_temp/nla-lean-tools/reproduction/checks/run_replay.sh
2026-09-17T02:14:14.9192026Z Log: /home/runner/work/_temp/nla-lean-tools/logs/verify-20260917T021414Z-4149/kernel-controls.log
2026-09-17T02:14:14.9778218Z Replay probe: RestrictAddressFamilies=~AF_UNIX (deny AF_UNIX sockets).
2026-09-17T02:14:15.0289317Z Lean (version 4.33.1, x86_64-unknown-linux-gnu, Release)
2026-09-17T02:14:15.0689543Z /home/runner/.elan/toolchains/leanprover--lean4---v4.33.1/lib/lean/Init.olean
2026-09-17T02:14:15.0690688Z /home/runner/.elan/toolchains/leanprover--lean4---v4.33.1/lib/lean/Init.olean
2026-09-17T02:14:15.0691926Z /home/runner/work/_temp/nla-lean-tools/.tools/comparator/.lake/build/lib/lean/Main.olean
2026-09-17T02:14:16.3200424Z Trusted base fixture: 11 constants
2026-09-17T02:14:16.3200811Z BEGIN honest_with_inductives_and_quotients
2026-09-17T02:14:16.3201450Z Running Lean default kernel on solution.
2026-09-17T02:14:16.3201763Z Lean default kernel accepts the solution
2026-09-17T02:14:16.3202099Z RETURN honest_with_inductives_and_quotients: accepted
2026-09-17T02:14:16.3202424Z BEGIN invalid_raw_proof
2026-09-17T02:14:16.3202677Z Running Lean default kernel on solution.
2026-09-17T02:14:16.3202967Z Lean default kernel rejects the solution
2026-09-17T02:14:16.3203785Z RETURN invalid_raw_proof: rejected: while replaying declaration 'PinnedReplayProbe.invalid':
2026-09-17T02:14:16.3204812Z (kernel) declaration type mismatch, 'PinnedReplayProbe.invalid' has type
2026-09-17T02:14:16.3205307Z   True
2026-09-17T02:14:16.3205517Z but it is expected to have type
2026-09-17T02:14:16.3205765Z   False
2026-09-17T02:14:16.3205979Z BEGIN quotient_postcheck_mismatch
2026-09-17T02:14:16.3206256Z Running Lean default kernel on solution.
2026-09-17T02:14:16.3206549Z Lean default kernel accepts the solution
2026-09-17T02:14:16.3206841Z Quotient post-check rejects the solution
2026-09-17T02:14:16.3207290Z RETURN quotient_postcheck_mismatch: rejected: Quotient constant mismatch on: Quot.lift
2026-09-17T02:14:16.3207863Z PASS: all three actual Comparator.runBuiltinKernel cases behaved as required
2026-09-17T02:14:16.4144830Z Running python3 /home/runner/work/_temp/nla-lean-tools/reproduction/checks/comparator_regressions.py
2026-09-17T02:14:16.4146203Z Log: /home/runner/work/_temp/nla-lean-tools/logs/verify-20260917T021414Z-4149/comparator-controls.log
2026-09-17T02:14:16.4485911Z Comparator regressions: RestrictAddressFamilies=~AF_UNIX; .tools/env.sh selects the real strict sandbox.
2026-09-17T02:14:16.4495484Z 
2026-09-17T02:14:16.4495691Z CASE simple_match
2026-09-17T02:14:18.5296295Z info: ComparatorRegression: no previous manifest, creating one from scratch
2026-09-17T02:14:18.5297064Z info: toolchain not updated; already up-to-date
2026-09-17T02:14:18.5297480Z Building Challenge
2026-09-17T02:14:18.5298235Z ⚠ [2/3] Built Challenge (218ms)
2026-09-17T02:14:18.5298786Z warning: Challenge.lean:1:8: declaration uses `sorry`
2026-09-17T02:14:18.5299419Z Build completed successfully (3 jobs).
2026-09-17T02:14:18.5301825Z Exporting #[Quot, Quot.mk, Quot.lift, Quot.ind, comm, propext, Quot.sound, Classical.choice, Nat.add, Nat.sub, Nat.mul, Nat.pow, Nat.gcd, Nat.div, Nat.mod, Nat.beq, Nat.ble, Nat.land, Nat.lor, Nat.xor, Nat.shiftLeft, Nat.shiftRight, String.ofList, Char.ofNat, List, eagerReduce, Nat, String, String.mk, Char, optParam, autoParam, semiOutParam, outParam] from Challenge
2026-09-17T02:14:18.5303300Z Building Solution
2026-09-17T02:14:18.5303905Z ✔ [2/3] Built Solution (234ms)
2026-09-17T02:14:18.5304209Z Build completed successfully (3 jobs).
2026-09-17T02:14:18.5305547Z Exporting #[Quot, Quot.mk, Quot.lift, Quot.ind, comm, propext, Quot.sound, Classical.choice, Nat.add, Nat.sub, Nat.mul, Nat.pow, Nat.gcd, Nat.div, Nat.mod, Nat.beq, Nat.ble, Nat.land, Nat.lor, Nat.xor, Nat.shiftLeft, Nat.shiftRight, String.ofList, Char.ofNat, List, eagerReduce, Nat, String, String.mk, Char, optParam, autoParam, semiOutParam, outParam] from Solution
2026-09-17T02:14:18.5306894Z Running Lean default kernel on solution.
2026-09-17T02:14:18.5307420Z Lean default kernel accepts the solution
2026-09-17T02:14:18.5307898Z Your solution is okay!
2026-09-17T02:14:18.5308496Z PASS simple_match: exit 0, expected 0; required phase: Your solution is okay!
2026-09-17T02:14:18.5308852Z 
2026-09-17T02:14:18.5309192Z CASE simple_mismatch
2026-09-17T02:14:20.3977217Z info: ComparatorRegression: no previous manifest, creating one from scratch
2026-09-17T02:14:20.3978025Z info: toolchain not updated; already up-to-date
2026-09-17T02:14:20.3978593Z Building Challenge
2026-09-17T02:14:20.3979348Z ⚠ [2/3] Built Challenge (228ms)
2026-09-17T02:14:20.3979907Z warning: Challenge.lean:1:8: declaration uses `sorry`
2026-09-17T02:14:20.3980511Z Build completed successfully (3 jobs).
2026-09-17T02:14:20.3982936Z Exporting #[Quot, Quot.mk, Quot.lift, Quot.ind, comm, propext, Quot.sound, Classical.choice, Nat.add, Nat.sub, Nat.mul, Nat.pow, Nat.gcd, Nat.div, Nat.mod, Nat.beq, Nat.ble, Nat.land, Nat.lor, Nat.xor, Nat.shiftLeft, Nat.shiftRight, String.ofList, Char.ofNat, List, eagerReduce, Nat, String, String.mk, Char, optParam, autoParam, semiOutParam, outParam] from Challenge
2026-09-17T02:14:20.3986346Z Building Solution
2026-09-17T02:14:20.3986833Z ✔ [2/3] Built Solution (213ms)
2026-09-17T02:14:20.3987286Z Build completed successfully (3 jobs).
2026-09-17T02:14:20.3988828Z Exporting #[Quot, Quot.mk, Quot.lift, Quot.ind, comm, propext, Quot.sound, Classical.choice, Nat.add, Nat.sub, Nat.mul, Nat.pow, Nat.gcd, Nat.div, Nat.mod, Nat.beq, Nat.ble, Nat.land, Nat.lor, Nat.xor, Nat.shiftLeft, Nat.shiftRight, String.ofList, Char.ofNat, List, eagerReduce, Nat, String, String.mk, Char, optParam, autoParam, semiOutParam, outParam] from Solution
2026-09-17T02:14:20.3990421Z uncaught exception: Challenge and solution constant kind don't match: 'comm'
2026-09-17T02:14:20.3991168Z PASS simple_mismatch: exit 1, expected 1; required phase: Challenge and solution constant kind don't match: 'comm'
2026-09-17T02:14:20.3991663Z 
2026-09-17T02:14:20.3991774Z CASE simple_axiom_issue
2026-09-17T02:14:22.2913155Z info: ComparatorRegression: no previous manifest, creating one from scratch
2026-09-17T02:14:22.2914169Z info: toolchain not updated; already up-to-date
2026-09-17T02:14:22.2914479Z Building Challenge
2026-09-17T02:14:22.2914985Z ⚠ [2/3] Built Challenge (216ms)
2026-09-17T02:14:22.2915312Z warning: Challenge.lean:1:8: declaration uses `sorry`
2026-09-17T02:14:22.2915652Z Build completed successfully (3 jobs).
2026-09-17T02:14:22.2917010Z Exporting #[Quot, Quot.mk, Quot.lift, Quot.ind, comm, propext, Quot.sound, Classical.choice, Nat.add, Nat.sub, Nat.mul, Nat.pow, Nat.gcd, Nat.div, Nat.mod, Nat.beq, Nat.ble, Nat.land, Nat.lor, Nat.xor, Nat.shiftLeft, Nat.shiftRight, String.ofList, Char.ofNat, List, eagerReduce, Nat, String, String.mk, Char, optParam, autoParam, semiOutParam, outParam] from Challenge
2026-09-17T02:14:22.2918311Z Building Solution
2026-09-17T02:14:22.2918589Z ✔ [2/3] Built Solution (220ms)
2026-09-17T02:14:22.2918855Z Build completed successfully (3 jobs).
2026-09-17T02:14:22.2920184Z Exporting #[Quot, Quot.mk, Quot.lift, Quot.ind, comm, propext, Quot.sound, Classical.choice, Nat.add, Nat.sub, Nat.mul, Nat.pow, Nat.gcd, Nat.div, Nat.mod, Nat.beq, Nat.ble, Nat.land, Nat.lor, Nat.xor, Nat.shiftLeft, Nat.shiftRight, String.ofList, Char.ofNat, List, eagerReduce, Nat, String, String.mk, Char, optParam, autoParam, semiOutParam, outParam] from Solution
2026-09-17T02:14:22.2922394Z uncaught exception: Illegal axiom detected: 'helper'
2026-09-17T02:14:22.2923263Z PASS simple_axiom_issue: exit 1, expected 1; required phase: Illegal axiom detected: 'helper'
2026-09-17T02:14:22.2924287Z 
2026-09-17T02:14:22.2924460Z CASE simple_kind_mismatch
2026-09-17T02:14:24.1500374Z info: ComparatorRegression: no previous manifest, creating one from scratch
2026-09-17T02:14:24.1500975Z info: toolchain not updated; already up-to-date
2026-09-17T02:14:24.1501306Z Building Challenge
2026-09-17T02:14:24.1501856Z ⚠ [2/3] Built Challenge (222ms)
2026-09-17T02:14:24.1502229Z warning: Challenge.lean:1:8: declaration uses `sorry`
2026-09-17T02:14:24.1502619Z Build completed successfully (3 jobs).
2026-09-17T02:14:24.1506966Z Exporting #[Quot, Quot.mk, Quot.lift, Quot.ind, comm, propext, Quot.sound, Classical.choice, Nat.add, Nat.sub, Nat.mul, Nat.pow, Nat.gcd, Nat.div, Nat.mod, Nat.beq, Nat.ble, Nat.land, Nat.lor, Nat.xor, Nat.shiftLeft, Nat.shiftRight, String.ofList, Char.ofNat, List, eagerReduce, Nat, String, String.mk, Char, optParam, autoParam, semiOutParam, outParam] from Challenge
2026-09-17T02:14:24.1509451Z Building Solution
2026-09-17T02:14:24.1509941Z ✔ [2/3] Built Solution (220ms)
2026-09-17T02:14:24.1510387Z Build completed successfully (3 jobs).
2026-09-17T02:14:24.1512545Z Exporting #[Quot, Quot.mk, Quot.lift, Quot.ind, comm, propext, Quot.sound, Classical.choice, Nat.add, Nat.sub, Nat.mul, Nat.pow, Nat.gcd, Nat.div, Nat.mod, Nat.beq, Nat.ble, Nat.land, Nat.lor, Nat.xor, Nat.shiftLeft, Nat.shiftRight, String.ofList, Char.ofNat, List, eagerReduce, Nat, String, String.mk, Char, optParam, autoParam, semiOutParam, outParam] from Solution
2026-09-17T02:14:24.1514661Z uncaught exception: Illegal axiom detected: 'helper'
2026-09-17T02:14:24.1515179Z PASS simple_kind_mismatch: exit 1, expected 1; required phase: Illegal axiom detected: 'helper'
2026-09-17T02:14:24.1515602Z 
2026-09-17T02:14:24.1515696Z CASE type_mismatch
2026-09-17T02:14:26.0062538Z info: ComparatorRegression: no previous manifest, creating one from scratch
2026-09-17T02:14:26.0063904Z info: toolchain not updated; already up-to-date
2026-09-17T02:14:26.0064868Z Building Challenge
2026-09-17T02:14:26.0065803Z ✔ [2/3] Built Challenge (226ms)
2026-09-17T02:14:26.0066429Z Build completed successfully (3 jobs).
2026-09-17T02:14:26.0069100Z Exporting #[Quot, Quot.mk, Quot.lift, Quot.ind, checked, propext, Quot.sound, Classical.choice, Nat.add, Nat.sub, Nat.mul, Nat.pow, Nat.gcd, Nat.div, Nat.mod, Nat.beq, Nat.ble, Nat.land, Nat.lor, Nat.xor, Nat.shiftLeft, Nat.shiftRight, String.ofList, Char.ofNat, List, eagerReduce, Nat, String, String.mk, Char, optParam, autoParam, semiOutParam, outParam] from Challenge
2026-09-17T02:14:26.0071843Z Building Solution
2026-09-17T02:14:26.0072473Z ✔ [2/3] Built Solution (223ms)
2026-09-17T02:14:26.0073089Z Build completed successfully (3 jobs).
2026-09-17T02:14:26.0076051Z Exporting #[Quot, Quot.mk, Quot.lift, Quot.ind, checked, propext, Quot.sound, Classical.choice, Nat.add, Nat.sub, Nat.mul, Nat.pow, Nat.gcd, Nat.div, Nat.mod, Nat.beq, Nat.ble, Nat.land, Nat.lor, Nat.xor, Nat.shiftLeft, Nat.shiftRight, String.ofList, Char.ofNat, List, eagerReduce, Nat, String, String.mk, Char, optParam, autoParam, semiOutParam, outParam] from Solution
2026-09-17T02:14:26.0078764Z uncaught exception: Challenge and solution theorem statement do not match: 'checked'
2026-09-17T02:14:26.0080020Z PASS type_mismatch: exit 1, expected 1; required phase: Challenge and solution theorem statement do not match: 'checked'
2026-09-17T02:14:26.0104033Z PASS: all five Comparator regressions
2026-09-17T02:14:26.0176508Z Running systemd-run --user --quiet --wait --pipe --collect -p 'RestrictAddressFamilies=~AF_UNIX' --working-directory /home/runner/work/_temp/nla-lean-tools/.verification-tmp/nla-axiom-q8m8htg9 /usr/bin/env -i PATH=/home/runner/.elan/toolchains/leanprover--lean4---v4.33.1/bin:/home/runner/.elan/bin:/home/runner/go/bin:/opt/hostedtoolcache/go/1.27.1/x64/bin:/snap/bin:/home/runner/.local/bin:/opt/pipx_bin:/home/runner/.cargo/bin:/home/runner/.config/composer/vendor/bin:/usr/local/.ghcup/bin:/home/runner/.dotnet/tools:/usr/local/sbin:/usr/local/bin:/usr/sbin:/usr/bin:/sbin:/bin:/usr/games:/usr/local/games:/snap/bin HOME=/home/runner LANG=C.UTF-8 XDG_RUNTIME_DIR=/run/user/1001 DBUS_SESSION_BUS_ADDRESS=unix:path=/run/user/1001/bus GIT_TERMINAL_PROMPT=0 GIT_CONFIG_NOSYSTEM=1 GIT_CONFIG_GLOBAL=/dev/null COMPARATOR_BIN=/home/runner/work/_temp/nla-lean-tools/.tools/comparator/.lake/build/bin/comparator COMPARATOR_LEAN4EXPORT=/home/runner/work/_temp/nla-lean-tools/.tools/lean4export/.lake/build/bin/lean4export COMPARATOR_LANDRUN=/home/runner/work/_temp/nla-lean-tools/scripts/strict_landrun.py XDG_CACHE_HOME=/home/runner/work/_temp/nla-lean-tools/.tools/cache TMPDIR=/home/runner/work/_temp/nla-lean-tools/.verification-tmp lake env /home/runner/work/_temp/nla-lean-tools/.tools/comparator/.lake/build/bin/comparator comparator.json
2026-09-17T02:14:26.0181807Z Log: /home/runner/work/_temp/nla-lean-tools/logs/verify-20260917T021414Z-4149/negative-sorry.log
2026-09-17T02:14:26.0755023Z info: NlaAxiomFixture: no previous manifest, creating one from scratch
2026-09-17T02:14:26.0755760Z info: toolchain not updated; already up-to-date
2026-09-17T02:14:26.1560514Z Building Challenge
2026-09-17T02:14:27.0506879Z ✔ [2/3] Built Challenge (795ms)
2026-09-17T02:14:27.0518071Z Build completed successfully (3 jobs).
2026-09-17T02:14:27.9630882Z Exporting #[Quot, Quot.mk, Quot.lift, Quot.ind, checked, Classical.choice, Quot.sound, propext, Nat.add, Nat.sub, Nat.mul, Nat.pow, Nat.gcd, Nat.div, Nat.mod, Nat.beq, Nat.ble, Nat.land, Nat.lor, Nat.xor, Nat.shiftLeft, Nat.shiftRight, String.ofList, Char.ofNat, List, eagerReduce, Nat, String, String.mk, Char, optParam, autoParam, semiOutParam, outParam] from Challenge
2026-09-17T02:14:27.9632885Z Building Solution
2026-09-17T02:14:28.9588274Z ⚠ [2/3] Built Solution (802ms)
2026-09-17T02:14:28.9589040Z warning: Solution.lean:2:8: declaration uses `sorry`
2026-09-17T02:14:28.9592558Z Build completed successfully (3 jobs).
2026-09-17T02:14:29.9409116Z Exporting #[Quot, Quot.mk, Quot.lift, Quot.ind, checked, Classical.choice, Quot.sound, propext, Nat.add, Nat.sub, Nat.mul, Nat.pow, Nat.gcd, Nat.div, Nat.mod, Nat.beq, Nat.ble, Nat.land, Nat.lor, Nat.xor, Nat.shiftLeft, Nat.shiftRight, String.ofList, Char.ofNat, List, eagerReduce, Nat, String, String.mk, Char, optParam, autoParam, semiOutParam, outParam] from Solution
2026-09-17T02:14:29.9411445Z uncaught exception: Illegal axiom detected: 'sorryAx'
2026-09-17T02:14:29.9511733Z Running systemd-run --user --quiet --wait --pipe --collect -p 'RestrictAddressFamilies=~AF_UNIX' --working-directory /home/runner/work/_temp/nla-lean-tools/.verification-tmp/nla-axiom-vodbclvh /usr/bin/env -i PATH=/home/runner/.elan/toolchains/leanprover--lean4---v4.33.1/bin:/home/runner/.elan/bin:/home/runner/go/bin:/opt/hostedtoolcache/go/1.27.1/x64/bin:/snap/bin:/home/runner/.local/bin:/opt/pipx_bin:/home/runner/.cargo/bin:/home/runner/.config/composer/vendor/bin:/usr/local/.ghcup/bin:/home/runner/.dotnet/tools:/usr/local/sbin:/usr/local/bin:/usr/sbin:/usr/bin:/sbin:/bin:/usr/games:/usr/local/games:/snap/bin HOME=/home/runner LANG=C.UTF-8 XDG_RUNTIME_DIR=/run/user/1001 DBUS_SESSION_BUS_ADDRESS=unix:path=/run/user/1001/bus GIT_TERMINAL_PROMPT=0 GIT_CONFIG_NOSYSTEM=1 GIT_CONFIG_GLOBAL=/dev/null COMPARATOR_BIN=/home/runner/work/_temp/nla-lean-tools/.tools/comparator/.lake/build/bin/comparator COMPARATOR_LEAN4EXPORT=/home/runner/work/_temp/nla-lean-tools/.tools/lean4export/.lake/build/bin/lean4export COMPARATOR_LANDRUN=/home/runner/work/_temp/nla-lean-tools/scripts/strict_landrun.py XDG_CACHE_HOME=/home/runner/work/_temp/nla-lean-tools/.tools/cache TMPDIR=/home/runner/work/_temp/nla-lean-tools/.verification-tmp lake env /home/runner/work/_temp/nla-lean-tools/.tools/comparator/.lake/build/bin/comparator comparator.json
2026-09-17T02:14:29.9519665Z Log: /home/runner/work/_temp/nla-lean-tools/logs/verify-20260917T021414Z-4149/negative-native.log
2026-09-17T02:14:30.0726910Z info: NlaAxiomFixture: no previous manifest, creating one from scratch
2026-09-17T02:14:30.0727927Z info: toolchain not updated; already up-to-date
2026-09-17T02:14:30.1535504Z Building Challenge
2026-09-17T02:14:31.1479556Z ✔ [2/3] Built Challenge (800ms)
2026-09-17T02:14:31.1484074Z Build completed successfully (3 jobs).
2026-09-17T02:14:32.0481092Z Exporting #[Quot, Quot.mk, Quot.lift, Quot.ind, checked, Classical.choice, Quot.sound, propext, Nat.add, Nat.sub, Nat.mul, Nat.pow, Nat.gcd, Nat.div, Nat.mod, Nat.beq, Nat.ble, Nat.land, Nat.lor, Nat.xor, Nat.shiftLeft, Nat.shiftRight, String.ofList, Char.ofNat, List, eagerReduce, Nat, String, String.mk, Char, optParam, autoParam, semiOutParam, outParam] from Challenge
2026-09-17T02:14:32.0482804Z Building Solution
2026-09-17T02:14:32.9415946Z ✔ [2/3] Built Solution (799ms)
2026-09-17T02:14:32.9416551Z Build completed successfully (3 jobs).
2026-09-17T02:14:33.9305951Z Exporting #[Quot, Quot.mk, Quot.lift, Quot.ind, checked, Classical.choice, Quot.sound, propext, Nat.add, Nat.sub, Nat.mul, Nat.pow, Nat.gcd, Nat.div, Nat.mod, Nat.beq, Nat.ble, Nat.land, Nat.lor, Nat.xor, Nat.shiftLeft, Nat.shiftRight, String.ofList, Char.ofNat, List, eagerReduce, Nat, String, String.mk, Char, optParam, autoParam, semiOutParam, outParam] from Solution
2026-09-17T02:14:33.9307909Z uncaught exception: Illegal axiom detected: 'checked._native.native_decide.ax_1_1'
2026-09-17T02:14:34.4669236Z Running lake env true
2026-09-17T02:14:34.4669881Z Log: /home/runner/work/_temp/nla-lean-tools/logs/verify-20260917T021414Z-4149/dependencies.log
2026-09-17T02:14:34.5047581Z info: leancert: cloning https://github.com/alerad/leancert
2026-09-17T02:14:35.5178462Z info: leancert: checking out revision '621a43d7cf21f87872392a01e874f2f1dbddc926'
2026-09-17T02:14:35.5520810Z info: mathlib: cloning https://github.com/leanprover-community/mathlib4.git
2026-09-17T02:15:14.5189498Z info: mathlib: checking out revision '0df444a360eaa60ab8c11dca51a86af692955474'
2026-09-17T02:15:16.4785719Z info: plausible: cloning https://github.com/leanprover-community/plausible
2026-09-17T02:15:17.0152589Z info: plausible: checking out revision 'b7eb3304aeae834b12dda98993a37f6a41f6f0bb'
2026-09-17T02:15:17.0272609Z info: LeanSearchClient: cloning https://github.com/leanprover-community/LeanSearchClient
2026-09-17T02:15:17.6043737Z info: LeanSearchClient: checking out revision '5f4d51b81cbd3f6b32b156bfad9056621a040404'
2026-09-17T02:15:17.6160234Z info: importGraph: cloning https://github.com/leanprover-community/import-graph
2026-09-17T02:15:18.6674602Z info: importGraph: checking out revision '16f02aa7642864af59f1ff0e384a015994db9118'
2026-09-17T02:15:18.6827080Z info: proofwidgets: cloning https://github.com/leanprover-community/ProofWidgets4
2026-09-17T02:15:20.0559893Z info: proofwidgets: checking out revision '4be2e3d5087eeb272cf5a8853b8f9dd025ef5957'
2026-09-17T02:15:20.6837880Z info: aesop: cloning https://github.com/leanprover-community/aesop
2026-09-17T02:15:21.6250620Z info: aesop: checking out revision '3448c0bcc5ce01b2d1546e483ec3620e32df3d0e'
2026-09-17T02:15:21.6422832Z info: Qq: cloning https://github.com/leanprover-community/quote4
2026-09-17T02:15:22.1966513Z info: Qq: checking out revision '92c15be17b7caf78c2ad767ec40f89052d908d81'
2026-09-17T02:15:22.2089746Z info: batteries: cloning https://github.com/leanprover-community/batteries
2026-09-17T02:15:29.9837929Z info: batteries: checking out revision '4488d40d070b9700d4d5a6aa342f0d40c31b2a2d'
2026-09-17T02:15:30.0089941Z info: Cli: cloning https://github.com/leanprover/lean4-cli
2026-09-17T02:15:30.5577770Z info: Cli: checking out revision '6130a47896ce867c6a4a55373441e59e565bad0f'
2026-09-17T02:15:30.6823624Z Running lake exe cache get
2026-09-17T02:15:30.6824411Z Log: /home/runner/work/_temp/nla-lean-tools/logs/verify-20260917T021414Z-4149/mathlib-cache.log
2026-09-17T02:15:31.7899156Z ✔ [1/5] Built Cache.Cli (345ms)
2026-09-17T02:15:31.8900493Z ✔ [2/5] Built Cache.Lean (428ms)
2026-09-17T02:15:32.1935084Z ✔ [6/26] Built Cache.Cli:c.o (196ms)
2026-09-17T02:15:32.1935758Z ✔ [7/26] Built Cache.Lean:c.o (231ms)
2026-09-17T02:15:32.4933621Z ✔ [8/26] Built Cache.Infra (511ms)
2026-09-17T02:15:32.6936512Z ✔ [9/26] Built Cache.Infra:c.o (241ms)
2026-09-17T02:15:32.9945143Z ✔ [10/26] Built Batteries.Tactic.OpenPrivate (1.0s)
2026-09-17T02:15:34.3954279Z ✔ [11/26] Built Batteries.Tactic.OpenPrivate:c.o (1.4s)
2026-09-17T02:15:34.4955981Z ✔ [12/26] Built Cache.IO (1.5s)
2026-09-17T02:15:35.2984984Z ✔ [13/26] Built Cache.Hashing (813ms)
2026-09-17T02:15:35.7971543Z ✔ [14/26] Built Cache.Hashing:c.o (476ms)
2026-09-17T02:15:36.4000299Z ✔ [15/26] Built Cache.IO:c.o (1.9s)
2026-09-17T02:15:37.4000377Z ✔ [16/26] Built Cache.Requests (2.2s)
2026-09-17T02:15:38.0034964Z ✔ [17/26] Built Cache.Marker (590ms)
2026-09-17T02:15:38.2011922Z ✔ [18/26] Built Cache.Marker:c.o (179ms)
2026-09-17T02:15:38.8046773Z ✔ [19/26] Built Cache.Query (787ms)
2026-09-17T02:15:39.3031038Z ✔ [20/26] Built Cache.Query:c.o (470ms)
2026-09-17T02:15:39.7035444Z ✔ [21/26] Built Cache.Warning (855ms)
2026-09-17T02:15:40.1040828Z ✔ [22/26] Built Cache.Warning:c.o (417ms)
2026-09-17T02:15:40.5044768Z ✔ [23/26] Built Cache.Requests:c.o (3.1s)
2026-09-17T02:15:41.0050238Z ✔ [24/26] Built Cache.Main (1.3s)
2026-09-17T02:15:42.0061637Z ✔ [25/26] Built Cache.Main:c.o (973ms)
2026-09-17T02:15:42.7080222Z ✔ [26/26] Built cache:exe (729ms)
2026-09-17T02:15:45.5730199Z Current branch: HEAD
2026-09-17T02:15:45.5730895Z Using cache from origin: (some leanprover-community/mathlib4)
2026-09-17T02:15:45.5732715Z Attempting to download 8690 file(s) from leanprover-community/mathlib4 cache at https://lakecache.blob.core.windows.net/mathlib4-master
2026-09-17T02:15:46.8192441Z 
2026-09-17T02:15:46.9237966Z Downloaded: 1 file(s) [attempted 1/8690 = 0%, 14 KB/s], Decompressed: 0
2026-09-17T02:15:47.0224917Z Downloaded: 71 file(s) [attempted 71/8690 = 0%, 1404 KB/s], Decompressed: 9
2026-09-17T02:15:47.1224337Z Downloaded: 164 file(s) [attempted 164/8690 = 1%, 192 KB/s], Decompressed: 36
2026-09-17T02:15:47.2237840Z Downloaded: 257 file(s) [attempted 257/8690 = 2%, 614 KB/s], Decompressed: 36
2026-09-17T02:15:47.3304832Z Downloaded: 360 file(s) [attempted 360/8690 = 4%, 152 KB/s], Decompressed: 36
2026-09-17T02:15:47.4347693Z Downloaded: 452 file(s) [attempted 452/8690 = 5%, 557 KB/s], Decompressed: 107
2026-09-17T02:15:47.5389614Z Downloaded: 532 file(s) [attempted 532/8690 = 6%, 1265 KB/s], Decompressed: 107
2026-09-17T02:15:47.6435216Z Downloaded: 630 file(s) [attempted 630/8690 = 7%, 1812 KB/s], Decompressed: 107
2026-09-17T02:15:47.7526300Z Downloaded: 738 file(s) [attempted 738/8690 = 8%, 1315 KB/s], Decompressed: 107
2026-09-17T02:15:47.8602328Z Downloaded: 802 file(s) [attempted 802/8690 = 9%, 2936 KB/s], Decompressed: 107
2026-09-17T02:15:47.9658997Z Downloaded: 905 file(s) [attempted 905/8690 = 10%, 1716 KB/s], Decompressed: 107
2026-09-17T02:15:48.0704992Z Downloaded: 1010 file(s) [attempted 1010/8690 = 11%, 1650 KB/s], Decompressed: 107
2026-09-17T02:15:48.1716605Z Downloaded: 1118 file(s) [attempted 1118/8690 = 12%, 1008 KB/s], Decompressed: 107
2026-09-17T02:15:48.2928085Z Downloaded: 1173 file(s) [attempted 1173/8690 = 13%, 613 KB/s], Decompressed: 107
2026-09-17T02:15:48.4089038Z Downloaded: 1273 file(s) [attempted 1273/8690 = 14%, 686 KB/s], Decompressed: 107
2026-09-17T02:15:48.5333339Z Downloaded: 1376 file(s) [attempted 1376/8690 = 15%, 3478 KB/s], Decompressed: 383
2026-09-17T02:15:48.6605313Z Downloaded: 1477 file(s) [attempted 1477/8690 = 16%, 1443 KB/s], Decompressed: 383
2026-09-17T02:15:48.8155111Z Downloaded: 1580 file(s) [attempted 1580/8690 = 18%, 209 KB/s], Decompressed: 383
2026-09-17T02:15:48.9246051Z Downloaded: 1680 file(s) [attempted 1680/8690 = 19%, 1038 KB/s], Decompressed: 383
2026-09-17T02:15:49.0370938Z Downloaded: 1781 file(s) [attempted 1781/8690 = 20%, 4555 KB/s], Decompressed: 383
2026-09-17T02:15:49.1454950Z Downloaded: 1882 file(s) [attempted 1882/8690 = 21%, 1146 KB/s], Decompressed: 383
2026-09-17T02:15:49.2505419Z Downloaded: 1959 file(s) [attempted 1959/8690 = 22%, 376 KB/s], Decompressed: 383
2026-09-17T02:15:49.3628536Z Downloaded: 2030 file(s) [attempted 2030/8690 = 23%, 1191 KB/s], Decompressed: 383
2026-09-17T02:15:49.4724735Z Downloaded: 2135 file(s) [attempted 2135/8690 = 24%, 722 KB/s], Decompressed: 383
2026-09-17T02:15:49.5914712Z Downloaded: 2238 file(s) [attempted 2238/8690 = 25%, 2814 KB/s], Decompressed: 383
2026-09-17T02:15:49.7181407Z Downloaded: 2344 file(s) [attempted 2344/8690 = 26%, 851 KB/s], Decompressed: 383
2026-09-17T02:15:49.8334176Z Downloaded: 2444 file(s) [attempted 2444/8690 = 28%, 1861 KB/s], Decompressed: 383
2026-09-17T02:15:49.9424367Z Downloaded: 2543 file(s) [attempted 2543/8690 = 29%, 1344 KB/s], Decompressed: 383
2026-09-17T02:15:50.0482081Z Downloaded: 2643 file(s) [attempted 2643/8690 = 30%, 106 KB/s], Decompressed: 383
2026-09-17T02:15:50.1482716Z Downloaded: 2746 file(s) [attempted 2746/8690 = 31%, 1181 KB/s], Decompressed: 383
2026-09-17T02:15:50.2531084Z Downloaded: 2847 file(s) [attempted 2847/8690 = 32%, 617 KB/s], Decompressed: 383
2026-09-17T02:15:50.3776513Z Downloaded: 2963 file(s) [attempted 2963/8690 = 34%, 585 KB/s], Decompressed: 383
2026-09-17T02:15:50.4924106Z Downloaded: 3068 file(s) [attempted 3068/8690 = 35%, 907 KB/s], Decompressed: 383
2026-09-17T02:15:50.5932863Z Downloaded: 3171 file(s) [attempted 3171/8690 = 36%, 453 KB/s], Decompressed: 383
2026-09-17T02:15:50.6979182Z Downloaded: 3270 file(s) [attempted 3270/8690 = 37%, 704 KB/s], Decompressed: 383
2026-09-17T02:15:50.8071068Z Downloaded: 3325 file(s) [attempted 3325/8690 = 38%, 1360 KB/s], Decompressed: 383
2026-09-17T02:15:50.9111370Z Downloaded: 3423 file(s) [attempted 3423/8690 = 39%, 2811 KB/s], Decompressed: 383
2026-09-17T02:15:51.0159952Z Downloaded: 3526 file(s) [attempted 3526/8690 = 40%, 202 KB/s], Decompressed: 383
2026-09-17T02:15:51.1374881Z Downloaded: 3588 file(s) [attempted 3588/8690 = 41%, 2293 KB/s], Decompressed: 383
2026-09-17T02:15:51.2487740Z Downloaded: 3688 file(s) [attempted 3688/8690 = 42%, 561 KB/s], Decompressed: 383
2026-09-17T02:15:51.3814810Z Downloaded: 3793 file(s) [attempted 3793/8690 = 43%, 930 KB/s], Decompressed: 383
2026-09-17T02:15:51.5044971Z Downloaded: 3894 file(s) [attempted 3894/8690 = 44%, 317 KB/s], Decompressed: 383
2026-09-17T02:15:51.6159672Z Downloaded: 3992 file(s) [attempted 3992/8690 = 45%, 328 KB/s], Decompressed: 383
2026-09-17T02:15:51.7392327Z Downloaded: 4095 file(s) [attempted 4095/8690 = 47%, 5056 KB/s], Decompressed: 1360
2026-09-17T02:15:51.8354937Z Downloaded: 4194 file(s) [attempted 4194/8690 = 48%, 973 KB/s], Decompressed: 1360
2026-09-17T02:15:51.9763634Z Downloaded: 4297 file(s) [attempted 4297/8690 = 49%, 886 KB/s], Decompressed: 1360
2026-09-17T02:15:52.0864964Z Downloaded: 4397 file(s) [attempted 4397/8690 = 50%, 995 KB/s], Decompressed: 1360
2026-09-17T02:15:52.1869257Z Downloaded: 4498 file(s) [attempted 4498/8690 = 51%, 512 KB/s], Decompressed: 1360
2026-09-17T02:15:52.3061184Z Downloaded: 4598 file(s) [attempted 4598/8690 = 52%, 459 KB/s], Decompressed: 1360
2026-09-17T02:15:52.4095233Z Downloaded: 4701 file(s) [attempted 4701/8690 = 54%, 974 KB/s], Decompressed: 1360
2026-09-17T02:15:52.5185009Z Downloaded: 4802 file(s) [attempted 4802/8690 = 55%, 151 KB/s], Decompressed: 1360
2026-09-17T02:15:52.6178122Z Downloaded: 4855 file(s) [attempted 4855/8690 = 55%, 2122 KB/s], Decompressed: 1360
2026-09-17T02:15:52.7451249Z Downloaded: 4953 file(s) [attempted 4953/8690 = 56%, 397 KB/s], Decompressed: 1360
2026-09-17T02:15:52.8653574Z Downloaded: 5053 file(s) [attempted 5053/8690 = 58%, 5429 KB/s], Decompressed: 1360
2026-09-17T02:15:52.9964876Z Downloaded: 5156 file(s) [attempted 5156/8690 = 59%, 274 KB/s], Decompressed: 1360
2026-09-17T02:15:53.1195237Z Downloaded: 5255 file(s) [attempted 5255/8690 = 60%, 3994 KB/s], Decompressed: 1360
2026-09-17T02:15:53.2385021Z Downloaded: 5355 file(s) [attempted 5355/8690 = 61%, 174 KB/s], Decompressed: 1360
2026-09-17T02:15:53.3455139Z Downloaded: 5456 file(s) [attempted 5456/8690 = 62%, 892 KB/s], Decompressed: 1360
2026-09-17T02:15:53.4484667Z Downloaded: 5566 file(s) [attempted 5566/8690 = 64%, 185 KB/s], Decompressed: 1360
2026-09-17T02:15:53.5603914Z Downloaded: 5671 file(s) [attempted 5671/8690 = 65%, 888 KB/s], Decompressed: 1360
2026-09-17T02:15:53.6615822Z Downloaded: 5776 file(s) [attempted 5776/8690 = 66%, 2701 KB/s], Decompressed: 1360
2026-09-17T02:15:53.7829167Z Downloaded: 5869 file(s) [attempted 5869/8690 = 67%, 574 KB/s], Decompressed: 1360
2026-09-17T02:15:53.9024940Z Downloaded: 5929 file(s) [attempted 5929/8690 = 68%, 365 KB/s], Decompressed: 1360
2026-09-17T02:15:54.0260567Z Downloaded: 6030 file(s) [attempted 6030/8690 = 69%, 8856 KB/s], Decompressed: 1360
2026-09-17T02:15:54.1283035Z Downloaded: 6128 file(s) [attempted 6128/8690 = 70%, 1762 KB/s], Decompressed: 1360
2026-09-17T02:15:54.2497977Z Downloaded: 6229 file(s) [attempted 6229/8690 = 71%, 5530 KB/s], Decompressed: 1360
2026-09-17T02:15:54.3537175Z Downloaded: 6336 file(s) [attempted 6336/8690 = 72%, 2879 KB/s], Decompressed: 1360
2026-09-17T02:15:54.4559566Z Downloaded: 6435 file(s) [attempted 6435/8690 = 74%, 7356 KB/s], Decompressed: 1360
2026-09-17T02:15:54.5600632Z Downloaded: 6526 file(s) [attempted 6526/8690 = 75%, 76 KB/s], Decompressed: 1360
2026-09-17T02:15:54.6718778Z Downloaded: 6588 file(s) [attempted 6588/8690 = 75%, 765 KB/s], Decompressed: 1360
2026-09-17T02:15:54.7724687Z Downloaded: 6691 file(s) [attempted 6691/8690 = 76%, 249 KB/s], Decompressed: 1360
2026-09-17T02:15:54.8824791Z Downloaded: 6750 file(s) [attempted 6750/8690 = 77%, 4148 KB/s], Decompressed: 1360
2026-09-17T02:15:54.9899780Z Downloaded: 6842 file(s) [attempted 6842/8690 = 78%, 6519 KB/s], Decompressed: 1360
2026-09-17T02:15:55.1139972Z Downloaded: 6942 file(s) [attempted 6942/8690 = 79%, 142 KB/s], Decompressed: 1360
2026-09-17T02:15:55.2285496Z Downloaded: 7027 file(s) [attempted 7027/8690 = 80%, 808 KB/s], Decompressed: 1360
2026-09-17T02:15:55.3587346Z Downloaded: 7107 file(s) [attempted 7107/8690 = 81%, 311 KB/s], Decompressed: 1360
2026-09-17T02:15:55.5161246Z Downloaded: 7208 file(s) [attempted 7208/8690 = 82%, 497 KB/s], Decompressed: 1360
2026-09-17T02:15:55.6449483Z Downloaded: 7308 file(s) [attempted 7308/8690 = 84%, 474 KB/s], Decompressed: 1360
2026-09-17T02:15:55.7671013Z Downloaded: 7407 file(s) [attempted 7407/8690 = 85%, 773 KB/s], Decompressed: 1360
2026-09-17T02:15:55.8765964Z Downloaded: 7510 file(s) [attempted 7510/8690 = 86%, 113 KB/s], Decompressed: 1360
2026-09-17T02:15:55.9834807Z Downloaded: 7587 file(s) [attempted 7587/8690 = 87%, 5520 KB/s], Decompressed: 1360
2026-09-17T02:15:56.0897678Z Downloaded: 7686 file(s) [attempted 7686/8690 = 88%, 326 KB/s], Decompressed: 1360
2026-09-17T02:15:56.2240754Z Downloaded: 7786 file(s) [attempted 7786/8690 = 89%, 367 KB/s], Decompressed: 1360
2026-09-17T02:15:56.3334890Z Downloaded: 7894 file(s) [attempted 7894/8690 = 90%, 716 KB/s], Decompressed: 1360
2026-09-17T02:15:56.4624997Z Downloaded: 7992 file(s) [attempted 7992/8690 = 91%, 372 KB/s], Decompressed: 1360
2026-09-17T02:15:56.5833775Z Downloaded: 8100 file(s) [attempted 8100/8690 = 93%, 2655 KB/s], Decompressed: 1360
2026-09-17T02:15:56.6826213Z Downloaded: 8200 file(s) [attempted 8200/8690 = 94%, 1141 KB/s], Decompressed: 1360
2026-09-17T02:15:56.8264722Z Downloaded: 8301 file(s) [attempted 8301/8690 = 95%, 1023 KB/s], Decompressed: 1360
2026-09-17T02:15:56.9294731Z Downloaded: 8406 file(s) [attempted 8406/8690 = 96%, 929 KB/s], Decompressed: 1360
2026-09-17T02:15:57.0599098Z Downloaded: 8504 file(s) [attempted 8504/8690 = 97%, 3693 KB/s], Decompressed: 1360
2026-09-17T02:15:57.2040277Z Downloaded: 8607 file(s) [attempted 8607/8690 = 99%, 4435 KB/s], Decompressed: 1360
2026-09-17T02:15:57.2093607Z Downloaded: 8690 file(s) [attempted 8690/8690 = 100%, 309 KB/s], Decompressed: 1360
2026-09-17T02:15:57.2104933Z Downloaded: 8690 file(s) [attempted 8690/8690 = 100%, 309 KB/s], Decompressed: 1360
2026-09-17T02:16:13.9615993Z Decompressed 8690 file(s)
2026-09-17T02:16:13.9616342Z Already decompressed 8690 file(s)
2026-09-17T02:16:14.0516475Z Running systemd-run --user --quiet --wait --pipe --collect -p 'RestrictAddressFamilies=~AF_UNIX' --working-directory /home/runner/work/_temp/nla-lean-tools/.verification-tmp/nla-fresh-proof-x0_x0bv5/project /usr/bin/env -i PATH=/home/runner/.elan/toolchains/leanprover--lean4---v4.33.1/bin:/home/runner/.elan/bin:/home/runner/go/bin:/opt/hostedtoolcache/go/1.27.1/x64/bin:/snap/bin:/home/runner/.local/bin:/opt/pipx_bin:/home/runner/.cargo/bin:/home/runner/.config/composer/vendor/bin:/usr/local/.ghcup/bin:/home/runner/.dotnet/tools:/usr/local/sbin:/usr/local/bin:/usr/sbin:/usr/bin:/sbin:/bin:/usr/games:/usr/local/games:/snap/bin HOME=/home/runner LANG=C.UTF-8 XDG_RUNTIME_DIR=/run/user/1001 DBUS_SESSION_BUS_ADDRESS=unix:path=/run/user/1001/bus GIT_TERMINAL_PROMPT=0 GIT_CONFIG_NOSYSTEM=1 GIT_CONFIG_GLOBAL=/dev/null COMPARATOR_BIN=/home/runner/work/_temp/nla-lean-tools/.tools/comparator/.lake/build/bin/comparator COMPARATOR_LEAN4EXPORT=/home/runner/work/_temp/nla-lean-tools/.tools/lean4export/.lake/build/bin/lean4export COMPARATOR_LANDRUN=/home/runner/work/_temp/nla-lean-tools/scripts/strict_landrun.py XDG_CACHE_HOME=/home/runner/work/_temp/nla-lean-tools/.tools/cache TMPDIR=/home/runner/work/_temp/nla-lean-tools/.verification-tmp lake env /home/runner/work/_temp/nla-lean-tools/.tools/comparator/.lake/build/bin/comparator comparator.json
2026-09-17T02:16:14.0522771Z Log: /home/runner/work/_temp/nla-lean-tools/logs/verify-20260917T021414Z-4149/comparator.log
2026-09-17T02:16:14.8477754Z Building Challenge
2026-09-17T02:16:18.5284257Z ✔ [2399/2401] Built NLA.MF07.Definitions (1.9s)
2026-09-17T02:16:20.5303272Z ⚠ [2400/2401] Built Challenge (1.0s)
2026-09-17T02:16:20.5304419Z warning: Challenge.lean:19:8: declaration uses `sorry`
2026-09-17T02:16:20.5304873Z warning: Challenge.lean:25:8: declaration uses `sorry`
2026-09-17T02:16:20.5305307Z warning: Challenge.lean:30:8: declaration uses `sorry`
2026-09-17T02:16:20.5305735Z warning: Challenge.lean:36:8: declaration uses `sorry`
2026-09-17T02:16:20.5306174Z warning: Challenge.lean:45:8: declaration uses `sorry`
2026-09-17T02:16:20.5306608Z warning: Challenge.lean:50:8: declaration uses `sorry`
2026-09-17T02:16:20.5307038Z warning: Challenge.lean:57:8: declaration uses `sorry`
2026-09-17T02:16:20.5307466Z warning: Challenge.lean:63:8: declaration uses `sorry`
2026-09-17T02:16:20.5307954Z warning: Challenge.lean:71:8: declaration uses `sorry`
2026-09-17T02:16:20.5308382Z warning: Challenge.lean:82:8: declaration uses `sorry`
2026-09-17T02:16:20.5308830Z warning: Challenge.lean:87:8: declaration uses `sorry`
2026-09-17T02:16:20.5309251Z warning: Challenge.lean:98:8: declaration uses `sorry`
2026-09-17T02:16:20.5309690Z warning: Challenge.lean:105:8: declaration uses `sorry`
2026-09-17T02:16:20.5310149Z warning: Challenge.lean:111:8: declaration uses `sorry`
2026-09-17T02:16:20.5310584Z warning: Challenge.lean:114:8: declaration uses `sorry`
2026-09-17T02:16:20.5311034Z warning: Challenge.lean:122:8: declaration uses `sorry`
2026-09-17T02:16:20.5311617Z warning: Challenge.lean:126:8: declaration uses `sorry`
2026-09-17T02:16:20.5312594Z warning: Challenge.lean:134:8: declaration uses `sorry`
2026-09-17T02:16:20.5356397Z Build completed successfully (2401 jobs).
2026-09-17T02:16:29.6773750Z Exporting #[Quot, Quot.mk, Quot.lift, Quot.ind, NLA.MF07.matrix_product_semantics, NLA.MF07.diagonal_inverse, NLA.MF07.family_norm_maximum, NLA.MF07.family_growth_maximum, NLA.MF07.family_growth_submultiplicative, NLA.MF07.radius_one_semantics, NLA.MF07.identity_family_semantics, NLA.MF07.approximate_extremal_norm, NLA.MF07.rounded_extremal_norm, NLA.MF07.triangular_damping, NLA.MF07.interspersed_product_bound, NLA.MF07.quantitative_comparison, NLA.MF07.scalar_family_growth, NLA.MF07.exp_one_bound, NLA.MF07.comparison_threshold_bound, NLA.MF07.growth_constant_positive, NLA.MF07.radius_one_growth, NLA.MF07.canonical_uniform_bound, propext, Classical.choice, Quot.sound, Nat.add, Nat.sub, Nat.mul, Nat.pow, Nat.gcd, Nat.div, Nat.mod, Nat.beq, Nat.ble, Nat.land, Nat.lor, Nat.xor, Nat.shiftLeft, Nat.shiftRight, String.ofList, Char.ofNat, List, eagerReduce, Nat, String, String.mk, Char, optParam, autoParam, semiOutParam, outParam] from Challenge
2026-09-17T02:16:29.6777623Z Building Solution
2026-09-17T02:16:35.6731339Z ✔ [3495/3534] Built LeanCert.Tactic.Verification (4.1s)
2026-09-17T02:16:35.6732641Z ✔ [3496/3534] Built LeanCert.Core.Interval (3.9s)
2026-09-17T02:16:35.9745233Z ✔ [3500/3537] Built LeanCert.Core.DerivativeIntervals (4.1s)
2026-09-17T02:16:39.0779644Z ✔ [3501/3541] Built LeanCert.Core.Expr (7.3s)
2026-09-17T02:16:45.9049451Z ⚠ [3502/3541] Built NLA.MF07.MatrixBasics (10s)
2026-09-17T02:16:45.9050769Z warning: NLA/MF07/MatrixBasics.lean:55:2: Try this: 
2026-09-17T02:16:45.9054437Z   letI̵
2026-09-17T02:16:45.9054676Z 
2026-09-17T02:16:45.9054989Z The goal is a proposition, so `let` is preferred over `letI`.
2026-09-17T02:16:45.9055742Z The difference between `let` and `letI` is that `letI` inlines the value.
2026-09-17T02:16:45.9056843Z But this is not relevant for proofs because of proof irrelevance.
2026-09-17T02:16:45.9057288Z 
2026-09-17T02:16:45.9057705Z Note: This linter can be disabled with `set_option linter.style.haveILetI false`
2026-09-17T02:16:45.9058684Z warning: NLA/MF07/MatrixBasics.lean:122:51: This simp argument is unused:
2026-09-17T02:16:45.9059371Z   Matrix.diagonal_apply
2026-09-17T02:16:45.9059624Z 
2026-09-17T02:16:45.9059831Z Hint: Omit it from the simp argument list.
2026-09-17T02:16:45.9060666Z   [apply] simp [diagonalWeights, inverseDiagonalWeights, Matrix.one_apply, hij, hz]
2026-09-17T02:16:45.9061267Z 
2026-09-17T02:16:45.9061670Z Note: This linter can be disabled with `set_option linter.unusedSimpArgs false`
2026-09-17T02:16:45.9063257Z info: NLA/MF07/MatrixBasics.lean:125:0: 'NLA.MF07.matrix_product_semantics' depends on axioms: [propext, Classical.choice, Quot.sound]
2026-09-17T02:16:45.9065015Z info: NLA/MF07/MatrixBasics.lean:127:0: 'NLA.MF07.diagonal_inverse' depends on axioms: [propext, Classical.choice, Quot.sound]
2026-09-17T02:16:45.9066517Z info: NLA/MF07/MatrixBasics.lean:129:0: 'NLA.MF07.word_spectralNorm_le_pow' depends on axioms: [propext, Classical.choice, Quot.sound]
2026-09-17T02:16:47.4057802Z ✔ [3503/3541] Built LeanCert.Core.Taylor (11s)
2026-09-17T02:16:48.1089984Z ✔ [3504/3542] Built LeanCert.Core.IntervalRat.Basic (12s)
2026-09-17T02:16:48.5105505Z ✔ [3505/3542] Built LeanCert.Core.IntervalRat.LogReduction (9.4s)
2026-09-17T02:16:50.0109839Z ✔ [3506/3542] Built LeanCert.Core.Support (4.2s)
2026-09-17T02:16:51.8131132Z ✔ [3507/3542] Built LeanCert.Meta.Numeral (4.4s)
2026-09-17T02:16:52.8206187Z ⚠ [3508/3542] Built NLA.MF07.CompactGrowth (4.7s)
2026-09-17T02:16:52.8207487Z warning: NLA/MF07/CompactGrowth.lean:31:28: This simp argument is unused:
2026-09-17T02:16:52.8208410Z   List.ofFn_get
2026-09-17T02:16:52.8208812Z 
2026-09-17T02:16:52.8209197Z Hint: Omit it from the simp argument list.
2026-09-17T02:16:52.8209887Z   [apply] simp [finiteProduct, A]
2026-09-17T02:16:52.8210349Z 
2026-09-17T02:16:52.8210928Z Note: This linter can be disabled with `set_option linter.unusedSimpArgs false`
2026-09-17T02:16:52.8211870Z warning: NLA/MF07/CompactGrowth.lean:44:2: Try this: 
2026-09-17T02:16:52.8212631Z   letI̵
2026-09-17T02:16:52.8212989Z 
2026-09-17T02:16:52.8213695Z The goal is a proposition, so `let` is preferred over `letI`.
2026-09-17T02:16:52.8214650Z The difference between `let` and `letI` is that `letI` inlines the value.
2026-09-17T02:16:52.8215596Z But this is not relevant for proofs because of proof irrelevance.
2026-09-17T02:16:52.8216219Z 
2026-09-17T02:16:52.8216785Z Note: This linter can be disabled with `set_option linter.style.haveILetI false`
2026-09-17T02:16:52.8217938Z warning: NLA/MF07/CompactGrowth.lean:51:37: Variable name `hd` is not explicitly referenced.
2026-09-17T02:16:52.8218702Z 
2026-09-17T02:16:52.8219611Z Hint: The binding can be removed (if unused) or named `_` (if used implicitly). Alternatively, prefix the name with `_` to silence this warning:
2026-09-17T02:16:52.8220758Z   [apply] _hd
2026-09-17T02:16:52.8221137Z 
2026-09-17T02:16:52.8221734Z Note: This linter can be disabled with `set_option linter.unusedVariables false`
2026-09-17T02:16:52.8222883Z warning: NLA/MF07/CompactGrowth.lean:114:49: Variable name `hd` is not explicitly referenced.
2026-09-17T02:16:52.8223935Z 
2026-09-17T02:16:52.8224859Z Hint: The binding can be removed (if unused) or named `_` (if used implicitly). Alternatively, prefix the name with `_` to silence this warning:
2026-09-17T02:16:52.8226017Z   [apply] _hd
2026-09-17T02:16:52.8226394Z 
2026-09-17T02:16:52.8226954Z Note: This linter can be disabled with `set_option linter.unusedVariables false`
2026-09-17T02:16:52.8228338Z info: NLA/MF07/CompactGrowth.lean:133:0: 'NLA.MF07.family_norm_maximum' depends on axioms: [propext, Classical.choice, Quot.sound]
2026-09-17T02:16:52.8229961Z info: NLA/MF07/CompactGrowth.lean:135:0: 'NLA.MF07.family_growth_maximum' depends on axioms: [propext, Classical.choice, Quot.sound]
2026-09-17T02:16:52.8232078Z info: NLA/MF07/CompactGrowth.lean:137:0: 'NLA.MF07.family_growth_submultiplicative' depends on axioms: [propext, Classical.choice, Quot.sound]
2026-09-17T02:16:53.9242035Z ✔ [3509/3542] Built LeanCert.Engine.Eval.Result (3.9s)
2026-09-17T02:16:54.2244334Z ℹ [3510/3544] Built NLA.MF07.ProductEnvelope (5.8s)
2026-09-17T02:16:54.2246366Z info: NLA/MF07/ProductEnvelope.lean:175:0: 'NLA.MF07.productEnvelope_isComplexNorm' depends on axioms: [propext, Classical.choice, Quot.sound]
2026-09-17T02:16:54.2248110Z info: NLA/MF07/ProductEnvelope.lean:177:0: 'NLA.MF07.productEnvelope_generator' depends on axioms: [propext, Classical.choice, Quot.sound]
2026-09-17T02:16:56.1257865Z ✔ [3511/3544] Built LeanCert.Core.TrigReduction (4.3s)
2026-09-17T02:16:58.5344180Z ✔ [3512/3544] Built LeanCert.Tactic.IntervalAuto.Types (4.7s)
2026-09-17T02:16:59.4381110Z ✔ [3513/3544] Built LeanCert.Core.IntervalRat.Transcendental (6.6s)
2026-09-17T02:17:01.7442750Z ✔ [3514/3544] Built LeanCert.Tactic.IntervalAuto.Extract (5.6s)
2026-09-17T02:17:07.0549193Z ℹ [3515/3544] Built NLA.MF07.RootSemantics (7.6s)
2026-09-17T02:17:07.0551183Z info: NLA/MF07/RootSemantics.lean:193:0: 'NLA.MF07.radius_one_semantics' depends on axioms: [propext, Classical.choice, Quot.sound]
2026-09-17T02:17:07.0553084Z info: NLA/MF07/RootSemantics.lean:195:0: 'NLA.MF07.identity_family_semantics' depends on axioms: [propext, Classical.choice, Quot.sound]
2026-09-17T02:17:07.6560148Z ✔ [3516/3544] Built LeanCert.Meta.ToExpr (9.1s)
2026-09-17T02:17:10.0860792Z ℹ [3517/3545] Built NLA.MF07.Interspersed (8.4s)
2026-09-17T02:17:10.0862947Z info: NLA/MF07/Interspersed.lean:132:0: 'NLA.MF07.interspersed_product_bound' depends on axioms: [propext, Classical.choice, Quot.sound]
2026-09-17T02:17:13.8914192Z ⚠ [3518/3545] Built NLA.MF07.UnitaryGeometry (6.8s)
2026-09-17T02:17:13.8915581Z warning: NLA/MF07/UnitaryGeometry.lean:69:40: This simp argument is unused:
2026-09-17T02:17:13.8916333Z   Matrix.diagonal_apply
2026-09-17T02:17:13.8916594Z 
2026-09-17T02:17:13.8916800Z Hint: Omit it from the simp argument list.
2026-09-17T02:17:13.8917404Z   [apply] simp [Matrix.one_apply, hi]
2026-09-17T02:17:13.8917721Z 
2026-09-17T02:17:13.8918131Z Note: This linter can be disabled with `set_option linter.unusedSimpArgs false`
2026-09-17T02:17:13.8919053Z warning: NLA/MF07/UnitaryGeometry.lean:69:63: This simp argument is unused:
2026-09-17T02:17:13.8919741Z   Matrix.one_apply
2026-09-17T02:17:13.8919957Z 
2026-09-17T02:17:13.8920153Z Hint: Omit it from the simp argument list.
2026-09-17T02:17:13.8920715Z   [apply] simp [Matrix.diagonal_apply, hi]
2026-09-17T02:17:13.8921051Z 
2026-09-17T02:17:13.8921450Z Note: This linter can be disabled with `set_option linter.unusedSimpArgs false`
2026-09-17T02:17:13.8922390Z warning: NLA/MF07/UnitaryGeometry.lean:70:12: This simp argument is unused:
2026-09-17T02:17:13.8923104Z   Matrix.diagonal_apply
2026-09-17T02:17:13.8923345Z 
2026-09-17T02:17:13.8923716Z Hint: Omit it from the simp argument list.
2026-09-17T02:17:13.8924268Z   [apply] simp [Matrix.one_apply, hij]
2026-09-17T02:17:13.8924581Z 
2026-09-17T02:17:13.8925196Z Note: This linter can be disabled with `set_option linter.unusedSimpArgs false`
2026-09-17T02:17:13.8926443Z warning: NLA/MF07/UnitaryGeometry.lean:70:35: This simp argument is unused:
2026-09-17T02:17:13.8927603Z   Matrix.one_apply
2026-09-17T02:17:13.8928000Z 
2026-09-17T02:17:13.8928409Z Hint: Omit it from the simp argument list.
2026-09-17T02:17:13.8929193Z   [apply] simp [Matrix.diagonal_apply, hij]
2026-09-17T02:17:13.8929725Z 
2026-09-17T02:17:13.8930314Z Note: This linter can be disabled with `set_option linter.unusedSimpArgs false`
2026-09-17T02:17:13.8931538Z warning: NLA/MF07/UnitaryGeometry.lean:101:4: Unused tactic linter: `push_cast` does nothing
2026-09-17T02:17:13.8932366Z 
2026-09-17T02:17:13.8932946Z Note: This linter can be disabled with `set_option linter.unusedTactic false`
2026-09-17T02:17:13.8934701Z info: NLA/MF07/UnitaryGeometry.lean:103:0: 'NLA.MF07.spectralNorm_unitary_conj' depends on axioms: [propext, Classical.choice, Quot.sound]
2026-09-17T02:17:13.8936941Z info: NLA/MF07/UnitaryGeometry.lean:105:0: 'NLA.MF07.cutDamping_spectralNorm_le' depends on axioms: [propext, Classical.choice, Quot.sound]
2026-09-17T02:17:14.3939695Z ℹ [3519/3545] Built NLA.MF07.NormGeometry (6.7s)
2026-09-17T02:17:14.3941307Z info: NLA/MF07/NormGeometry.lean:134:0: 'NLA.MF07.complexNorm_unitBall_compact' depends on axioms: [propext, Classical.choice, Quot.sound]
2026-09-17T02:17:14.3943832Z info: NLA/MF07/NormGeometry.lean:136:0: 'NLA.MF07.sum_coordinate_norms_le' depends on axioms: [propext, Classical.choice, Quot.sound]
2026-09-17T02:17:15.2951338Z ✔ [3520/3545] Built LeanCert.Tactic.IntervalAuto.Norm (5.2s)
2026-09-17T02:17:17.9972831Z ⚠ [3521/3545] Built NLA.MF07.ScalarFamily (4.1s)
2026-09-17T02:17:17.9975057Z warning: NLA/MF07/ScalarFamily.lean:30:47: This simp argument is unused:
2026-09-17T02:17:17.9975895Z   norm_mul
2026-09-17T02:17:17.9976255Z 
2026-09-17T02:17:17.9976601Z Hint: Omit it from the simp argument list.
2026-09-17T02:17:17.9977420Z   [apply] simp [scalar_spectralNorm, Matrix.mul_apply]
2026-09-17T02:17:17.9977971Z 
2026-09-17T02:17:17.9978532Z Note: This linter can be disabled with `set_option linter.unusedSimpArgs false`
2026-09-17T02:17:17.9979951Z info: NLA/MF07/ScalarFamily.lean:69:0: 'NLA.MF07.scalar_family_growth' depends on axioms: [propext, Classical.choice, Quot.sound]
2026-09-17T02:17:19.4985091Z ✔ [3522/3548] Built LeanCert.Core.IntervalRat.Taylor (25s)
2026-09-17T02:17:20.0037020Z ℹ [3523/3549] Built NLA.MF07.ApproximateNorm (5.5s)
2026-09-17T02:17:20.0038489Z info: NLA/MF07/ApproximateNorm.lean:72:0: 'NLA.MF07.approximate_extremal_norm' depends on axioms: [propext, Classical.choice, Quot.sound]
2026-09-17T02:17:22.0050395Z ✔ [3524/3549] Built LeanCert.Tactic.IntervalAuto.Parse (6.6s)
2026-09-17T02:17:23.0053834Z ⚠ [3525/3550] Built NLA.MF07.TriangularDamping (5.1s)
2026-09-17T02:17:23.0054916Z warning: NLA/MF07/TriangularDamping.lean:50:2: Unused tactic linter: `push_cast` does nothing
2026-09-17T02:17:23.0056027Z 
2026-09-17T02:17:23.0056866Z Note: This linter can be disabled with `set_option linter.unusedTactic false`
2026-09-17T02:17:23.0058275Z warning: NLA/MF07/TriangularDamping.lean:90:31: Unused tactic linter: `ring` does nothing
2026-09-17T02:17:23.0059231Z 
2026-09-17T02:17:23.0059920Z Note: This linter can be disabled with `set_option linter.unusedTactic false`
2026-09-17T02:17:23.0061385Z warning: NLA/MF07/TriangularDamping.lean:94:6: Unused tactic linter: `push_cast` does nothing
2026-09-17T02:17:23.0062312Z 
2026-09-17T02:17:23.0062968Z Note: This linter can be disabled with `set_option linter.unusedTactic false`
2026-09-17T02:17:23.0064574Z warning: NLA/MF07/TriangularDamping.lean:95:31: Unused tactic linter: `ring` does nothing
2026-09-17T02:17:23.0065436Z 
2026-09-17T02:17:23.0066061Z Note: This linter can be disabled with `set_option linter.unusedTactic false`
2026-09-17T02:17:23.0067255Z warning: NLA/MF07/TriangularDamping.lean:90:31: this tactic is never executed
2026-09-17T02:17:23.0068031Z 
2026-09-17T02:17:23.0068697Z Note: This linter can be disabled with `set_option linter.unreachableTactic false`
2026-09-17T02:17:23.0070004Z warning: NLA/MF07/TriangularDamping.lean:95:31: this tactic is never executed
2026-09-17T02:17:23.0070861Z 
2026-09-17T02:17:23.0071563Z Note: This linter can be disabled with `set_option linter.unreachableTactic false`
2026-09-17T02:17:23.0073285Z info: NLA/MF07/TriangularDamping.lean:130:0: 'NLA.MF07.triangular_damping' depends on axioms: [propext, Classical.choice, Quot.sound]
2026-09-17T02:17:23.0075285Z ✔ [3526/3550] Built LeanCert.Core.IntervalReal (3.0s)
2026-09-17T02:17:24.7066951Z ⚠ [3528/3550] Built NLA.MF07.Auerbach (5.2s)
2026-09-17T02:17:24.7068122Z warning: NLA/MF07/Auerbach.lean:46:67: This simp argument is unused:
2026-09-17T02:17:24.7069000Z   PiLp.smul_apply
2026-09-17T02:17:24.7069406Z 
2026-09-17T02:17:24.7069862Z Hint: Omit it from the simp argument list.
2026-09-17T02:17:24.7070881Z   [apply] simp [applyMatrix_coordinate, WithLp.ofLp_sum, Finset.sum_apply, mul_comm]
2026-09-17T02:17:24.7071633Z 
2026-09-17T02:17:24.7072525Z Note: This linter can be disabled with `set_option linter.unusedSimpArgs false`
2026-09-17T02:17:24.7073817Z warning: NLA/MF07/Auerbach.lean:56:10: This simp argument is unused:
2026-09-17T02:17:24.7074684Z   Matrix.updateCol_apply
2026-09-17T02:17:24.7075111Z 
2026-09-17T02:17:24.7075492Z Hint: Omit it from the simp argument list.
2026-09-17T02:17:24.7076162Z   [apply] simp [h]
2026-09-17T02:17:24.7076547Z 
2026-09-17T02:17:24.7077120Z Note: This linter can be disabled with `set_option linter.unusedSimpArgs false`
2026-09-17T02:17:24.7078067Z warning: NLA/MF07/Auerbach.lean:71:2: Try this: 
2026-09-17T02:17:24.7079084Z   letI̵
2026-09-17T02:17:24.7079436Z 
2026-09-17T02:17:24.7079971Z The goal is a proposition, so `let` is preferred over `letI`.
2026-09-17T02:17:24.7080943Z The difference between `let` and `letI` is that `letI` inlines the value.
2026-09-17T02:17:24.7081925Z But this is not relevant for proofs because of proof irrelevance.
2026-09-17T02:17:24.7082559Z 
2026-09-17T02:17:24.7083165Z Note: This linter can be disabled with `set_option linter.style.haveILetI false`
2026-09-17T02:17:24.7084311Z warning: NLA/MF07/Auerbach.lean:73:2: Try this: 
2026-09-17T02:17:24.7085024Z   letI̵
2026-09-17T02:17:24.7085373Z 
2026-09-17T02:17:24.7085836Z The goal is a proposition, so `let` is preferred over `letI`.
2026-09-17T02:17:24.7086817Z The difference between `let` and `letI` is that `letI` inlines the value.
2026-09-17T02:17:24.7087793Z But this is not relevant for proofs because of proof irrelevance.
2026-09-17T02:17:24.7088412Z 
2026-09-17T02:17:24.7088990Z Note: This linter can be disabled with `set_option linter.style.haveILetI false`
2026-09-17T02:17:24.7090044Z warning: NLA/MF07/Auerbach.lean:100:13: This simp argument is unused:
2026-09-17T02:17:24.7090932Z   Matrix.det_smul
2026-09-17T02:17:24.7091397Z 
2026-09-17T02:17:24.7091778Z Hint: Omit it from the simp argument list.
2026-09-17T02:17:24.7092475Z   [apply] simp [W, hcpos.ne']
2026-09-17T02:17:24.7092910Z 
2026-09-17T02:17:24.7093682Z Note: This linter can be disabled with `set_option linter.unusedSimpArgs false`
2026-09-17T02:17:24.7095154Z info: NLA/MF07/Auerbach.lean:186:0: 'NLA.MF07.maximal_determinant_basis' depends on axioms: [propext, Classical.choice, Quot.sound]
2026-09-17T02:17:24.7096947Z info: NLA/MF07/Auerbach.lean:188:0: 'NLA.MF07.exists_auerbach_coordinates' depends on axioms: [propext, Classical.choice, Quot.sound]
2026-09-17T02:17:25.6071188Z ✔ [3529/3550] Built LeanCert.Core.IntervalRat.TrigReduced (3.7s)
2026-09-17T02:17:27.4126205Z ✔ [3530/3556] Built LeanCert.Tactic.IntervalAuto.Diagnostic (4.4s)
2026-09-17T02:17:28.2169060Z ✔ [3531/3560] Built LeanCert.Core.IntervalRealEndpoints (5.2s)
2026-09-17T02:17:30.7235227Z ✔ [3532/3560] Built LeanCert.Contrib.Sinc (5.0s)
2026-09-17T02:17:32.8244857Z ⚠ [3533/3561] Built NLA.MF07.SingularCoordinates (7.2s)
2026-09-17T02:17:32.8247583Z warning: NLA/MF07/SingularCoordinates.lean:43:55: This simp argument is unused:
2026-09-17T02:17:32.8248738Z   Matrix.diagonal_apply
2026-09-17T02:17:32.8249248Z 
2026-09-17T02:17:32.8249691Z Hint: Omit it from the simp argument list.
2026-09-17T02:17:32.8250768Z   [apply] simp [diagonalWeights, Matrix.conjTranspose_apply, hij, Ne.symm hij]
2026-09-17T02:17:32.8251589Z 
2026-09-17T02:17:32.8252203Z Note: This linter can be disabled with `set_option linter.unusedSimpArgs false`
2026-09-17T02:17:32.8253718Z warning: NLA/MF07/SingularCoordinates.lean:109:29: This simp argument is unused:
2026-09-17T02:17:32.8254684Z   Matrix.diagonal_apply
2026-09-17T02:17:32.8255135Z 
2026-09-17T02:17:32.8255543Z Hint: Omit it from the simp argument list.
2026-09-17T02:17:32.8256386Z   [apply] simp [diagonalWeights, hij]
2026-09-17T02:17:32.8256883Z 
2026-09-17T02:17:32.8257462Z Note: This linter can be disabled with `set_option linter.unusedSimpArgs false`
2026-09-17T02:17:32.8259142Z info: NLA/MF07/SingularCoordinates.lean:143:0: 'NLA.MF07.ordered_positive_gram_coordinates' depends on axioms: [propext, Classical.choice, Quot.sound]
2026-09-17T02:17:32.8261689Z info: NLA/MF07/SingularCoordinates.lean:145:0: 'NLA.MF07.exists_singular_coordinates' depends on axioms: [propext, Classical.choice, Quot.sound]
2026-09-17T02:17:33.1269463Z ✔ [3534/3561] Built LeanCert.Core.Dyadic (5.8s)
2026-09-17T02:17:34.2307817Z ✔ [3535/3561] Built LeanCert.Tactic.NumericalRefinement (1.1s)
2026-09-17T02:17:34.6311113Z ✔ [3536/3561] Built LeanCert.Tactic.LeanCert.Bridge.Environment (3.9s)
2026-09-17T02:17:38.7466187Z ✔ [3537/3561] Built LeanCert.Engine.Eval.Core (10s)
2026-09-17T02:17:39.1482518Z ⚠ [3538/3563] Built NLA.MF07.RoundedNorm (6.4s)
2026-09-17T02:17:39.1485040Z warning: NLA/MF07/RoundedNorm.lean:43:44: Variable name `hd` is not explicitly referenced.
2026-09-17T02:17:39.1486261Z 
2026-09-17T02:17:39.1487371Z Hint: The binding can be removed (if unused) or named `_` (if used implicitly). Alternatively, prefix the name with `_` to silence this warning:
2026-09-17T02:17:39.1488927Z   [apply] _hd
2026-09-17T02:17:39.1489450Z 
2026-09-17T02:17:39.1490109Z Note: This linter can be disabled with `set_option linter.unusedVariables false`
2026-09-17T02:17:39.1491600Z info: NLA/MF07/RoundedNorm.lean:143:0: 'NLA.MF07.rounded_extremal_norm' depends on axioms: [propext, Classical.choice, Quot.sound]
2026-09-17T02:17:39.8522295Z ✔ [3539/3619] Built LeanCert.Tactic.LeanCert.Normalize (5.2s)
2026-09-17T02:17:44.8617602Z ✔ [3587/3625] Built LeanCert.Engine.Eval.Extended (6.1s)
2026-09-17T02:17:44.9619145Z ✔ [3588/3657] Built LeanCert.Core.IntervalDyadic (10s)
2026-09-17T02:17:45.3648084Z ⚠ [3591/3659] Built NLA.MF07.BlockComparison (6.2s)
2026-09-17T02:17:45.3650590Z warning: NLA/MF07/BlockComparison.lean:70:8: This simp argument is unused:
2026-09-17T02:17:45.3651781Z   Matrix.one_apply
2026-09-17T02:17:45.3652291Z 
2026-09-17T02:17:45.3652732Z Hint: Omit it from the simp argument list.
2026-09-17T02:17:45.3653868Z   [apply] simp [hne]
2026-09-17T02:17:45.3654387Z 
2026-09-17T02:17:45.3655080Z Note: This linter can be disabled with `set_option linter.unusedSimpArgs false`
2026-09-17T02:17:45.3656898Z info: NLA/MF07/BlockComparison.lean:141:0: 'NLA.MF07.spectralNorm_le_card_mul_entry_bound' depends on axioms: [propext, Classical.choice, Quot.sound]
2026-09-17T02:17:45.3659053Z info: NLA/MF07/BlockComparison.lean:143:0: 'NLA.MF07.damped_lower_product_bound' depends on axioms: [propext, Classical.choice, Quot.sound]
2026-09-17T02:17:49.0857674Z ✔ [3592/3659] Built LeanCert.Engine.Bounds.Lemmas (4.3s)
2026-09-17T02:17:49.6874241Z ✔ [3593/3661] Built LeanCert.Engine.Affine.Basic (9.8s)
2026-09-17T02:17:51.5930966Z ✔ [3594/3661] Built LeanCert.Core.DyadicCell (6.6s)
2026-09-17T02:17:52.6947790Z ✔ [3595/3663] Built LeanCert.Engine.IntervalEval (3.6s)
2026-09-17T02:17:52.9016822Z ⚠ [3596/3663] Built NLA.MF07.CappedWeights (7.5s)
2026-09-17T02:17:52.9019350Z warning: NLA/MF07/CappedWeights.lean:31:37: Try `simp at hij` instead of `simpa using hij`
2026-09-17T02:17:52.9020337Z 
2026-09-17T02:17:52.9020970Z Note: This linter can be disabled with `set_option linter.unnecessarySimpa false`
2026-09-17T02:17:52.9022272Z warning: NLA/MF07/CappedWeights.lean:123:90: Unused tactic linter: `ring` does nothing
2026-09-17T02:17:52.9023176Z 
2026-09-17T02:17:52.9024048Z Note: This linter can be disabled with `set_option linter.unusedTactic false`
2026-09-17T02:17:52.9025240Z warning: NLA/MF07/CappedWeights.lean:123:90: this tactic is never executed
2026-09-17T02:17:52.9025986Z 
2026-09-17T02:17:52.9026624Z Note: This linter can be disabled with `set_option linter.unreachableTactic false`
2026-09-17T02:17:52.9028161Z info: NLA/MF07/CappedWeights.lean:158:0: 'NLA.MF07.exists_capped_weights' depends on axioms: [propext, Classical.choice, Quot.sound]
2026-09-17T02:17:55.1109780Z ✔ [3597/3663] Built LeanCert.Tactic.VecUtil (3.5s)
2026-09-17T02:17:55.9117658Z ✔ [3598/3663] Built LeanCert.Engine.Affine.Nonlinear (6.2s)
2026-09-17T02:17:56.4327094Z ✔ [3599/3663] Built LeanCert.Validity.Bounds.Checked (3.6s)
2026-09-17T02:17:56.8334591Z ✔ [3600/3663] Built LeanCert.Core.DyadicFrontier (4.2s)
2026-09-17T02:17:58.6345841Z ✔ [3601/3663] Built LeanCert.Validity.Bounds.Core (3.5s)
2026-09-17T02:18:00.8398005Z ✔ [3602/3663] Built LeanCert.Engine.Optimization.Box (3.0s)
2026-09-17T02:18:02.2466673Z ✔ [3603/3663] Built LeanCert.Engine.RootFinding.Basic (6.4s)
2026-09-17T02:18:04.9582668Z ✔ [3604/3663] Built LeanCert.Engine.IntervalEvalDyadic (8.5s)
2026-09-17T02:18:06.9945623Z ✔ [3605/3663] Built LeanCert.Engine.Integrate (8.4s)
2026-09-17T02:18:07.1946143Z ✔ [3606/3664] Built LeanCert.Engine.AD.Basic (4.9s)
2026-09-17T02:18:10.2996015Z ✔ [3607/3664] Built LeanCert.Tactic.FinsetParse (5.3s)
2026-09-17T02:18:10.4066174Z ✔ [3608/3664] Built LeanCert.Tactic.FinSumExpand (3.2s)
2026-09-17T02:18:13.1143334Z ⚠ [3609/3664] Built NLA.MF07.Similarity (6.1s)
2026-09-17T02:18:13.1145695Z warning: NLA/MF07/Similarity.lean:42:6: Unused tactic linter: `ring` does nothing
2026-09-17T02:18:13.1146467Z 
2026-09-17T02:18:13.1147030Z Note: This linter can be disabled with `set_option linter.unusedTactic false`
2026-09-17T02:18:13.1148102Z warning: NLA/MF07/Similarity.lean:42:6: this tactic is never executed
2026-09-17T02:18:13.1148744Z 
2026-09-17T02:18:13.1149341Z Note: This linter can be disabled with `set_option linter.unreachableTactic false`
2026-09-17T02:18:13.1150767Z info: NLA/MF07/Similarity.lean:142:0: 'NLA.MF07.rotatedGenerator_product' depends on axioms: [propext, Classical.choice, Quot.sound]
2026-09-17T02:18:13.1152527Z info: NLA/MF07/Similarity.lean:144:0: 'NLA.MF07.spectralNorm_unrotate_le' depends on axioms: [propext, Classical.choice, Quot.sound]
2026-09-17T02:18:13.6146350Z ✔ [3610/3664] Built LeanCert.Engine.TaylorModel.Core (12s)
2026-09-17T02:18:16.2266670Z ✔ [3611/3667] Built LeanCert.Engine.Affine.Transcendental (5.9s)
2026-09-17T02:18:17.6376880Z ✔ [3612/3667] Built LeanCert.Engine.RootFinding.Bisection (7.3s)
2026-09-17T02:18:18.0382808Z ✔ [3613/3667] Built LeanCert.Validity.DyadicBounds (4.3s)
2026-09-17T02:18:18.9395825Z ✔ [3614/3667] Built LeanCert.Engine.FinSumDyadic (5.8s)
2026-09-17T02:18:22.0446640Z ✔ [3615/3667] Built LeanCert.Engine.AD.Transcendental (5.8s)
2026-09-17T02:18:22.3458001Z ✔ [3616/3667] Built LeanCert.Engine.TaylorModel.Special (3.4s)
2026-09-17T02:18:22.5468281Z ✔ [3617/3667] Built LeanCert.Engine.TaylorModel.Integral (4.6s)
2026-09-17T02:18:22.7479326Z ℹ [3618/3667] Built NLA.MF07.QuantitativeComparison (5.1s)
2026-09-17T02:18:22.7484138Z info: NLA/MF07/QuantitativeComparison.lean:160:0: 'NLA.MF07.quantitative_comparison' depends on axioms: [propext, Classical.choice, Quot.sound]
2026-09-17T02:18:33.2716997Z ✔ [3619/3667] Built LeanCert.Engine.IntervalEvalAffine (10s)
2026-09-17T02:18:34.6748154Z ✔ [3620/3669] Built LeanCert.Engine.TaylorModel.ExpLog (12s)
2026-09-17T02:18:35.8754439Z ✔ [3621/3669] Built LeanCert.Tactic.BridgeNative (2.6s)
2026-09-17T02:18:38.0792337Z ✔ [3622/3669] Built LeanCert.Engine.TaylorModel.Trig (15s)
2026-09-17T02:18:39.1812745Z ✔ [3623/3669] Built LeanCert.Engine.WitnessSum (4.4s)
2026-09-17T02:18:39.5820320Z ✔ [3624/3669] Built LeanCert.Engine.AD.Eval (3.7s)
2026-09-17T02:18:39.7820400Z ✔ [3625/3671] Built LeanCert.Engine.TaylorModel.Hyperbolic (17s)
2026-09-17T02:18:42.7882953Z ✔ [3626/3671] Built LeanCert.Validity.Eventual (3.6s)
2026-09-17T02:18:42.8881669Z ✔ [3627/3677] Built LeanCert.Engine.TaylorModel.Functions (3.2s)
2026-09-17T02:18:42.8888089Z ✔ [3628/3677] Built LeanCert.Engine.Affine.Environment (4.8s)
2026-09-17T02:18:44.2911211Z ✔ [3629/3678] Built LeanCert.Engine.AD.Correctness (4.7s)
2026-09-17T02:18:44.7939870Z ✔ [3630/3678] Built LeanCert.Tactic.LeanCert.Semantic.Domain (1.0s)
2026-09-17T02:18:49.7114727Z ✔ [3631/3678] Built LeanCert.Tactic.EventualBound (6.9s)
2026-09-17T02:18:49.8114168Z ✔ [3632/3678] Built LeanCert.Engine.TaylorModel.Expr (6.9s)
2026-09-17T02:18:50.2106510Z ✔ [3633/3678] Built LeanCert.Engine.AD.Computable (5.0s)
2026-09-17T02:18:51.9135686Z ✔ [3634/3680] Built LeanCert.Tactic.VecSimp (2.1s)
2026-09-17T02:18:52.3139055Z ✔ [3635/3682] Built LeanCert.Tactic.LeanCert.Semantic.Goal (2.5s)
2026-09-17T02:18:53.2151267Z ✔ [3636/3683] Built LeanCert.Engine.TaylorModel (2.9s)
2026-09-17T02:18:53.5153320Z ✔ [3637/3683] Built LeanCert.Engine.AD.PartialCorrectness (8.7s)
2026-09-17T02:18:54.9212536Z ✔ [3638/3685] Built LeanCert.Tactic.LeanCert.Semantic.Parse.Comparison (1.7s)
2026-09-17T02:18:55.7323658Z ✔ [3639/3686] Built LeanCert.Tactic.Extension.Protocol (3.5s)
2026-09-17T02:18:56.4325695Z ✔ [3640/3686] Built LeanCert.Engine.AD.DomainChecked (4.6s)
2026-09-17T02:18:57.3333928Z ✔ [3641/3686] Built LeanCert.Tactic.LeanCert.Diagnostic.Evidence (3.9s)
2026-09-17T02:18:57.8338040Z ✔ [3642/3690] Built LeanCert.Tactic.LeanCert.Config (2.1s)
2026-09-17T02:18:58.8357891Z ✔ [3644/3699] Built LeanCert.Tactic.LeanCert.Semantic.Parse.Bound (3.9s)
2026-09-17T02:19:00.0371117Z ✔ [3646/3707] Built LeanCert.Tactic.Extension.Registry (3.6s)
2026-09-17T02:19:02.5489166Z ✔ [3647/3707] Built LeanCert.Engine.FloatEval (3.7s)
2026-09-17T02:19:03.3514241Z ✔ [3648/3707] Built LeanCert.Engine.Algebra.QPoly (5.5s)
2026-09-17T02:19:03.5646837Z ✔ [3649/3707] Built LeanCert.Engine.AD.Dyadic (6.2s)
2026-09-17T02:19:03.8649116Z ✔ [3650/3707] Built LeanCert.Tactic.Extension.Command (3.8s)
2026-09-17T02:19:06.1718466Z ✔ [3651/3707] Built LeanCert.Engine.Search.Heuristic (3.6s)
2026-09-17T02:19:06.3735578Z ✔ [3652/3707] Built LeanCert.Engine.AD (2.8s)
2026-09-17T02:19:06.6764300Z ✔ [3653/3707] Built LeanCert.Tactic.Extension (2.8s)
2026-09-17T02:19:07.0771444Z ✔ [3654/3707] Built LeanCert.Engine.Algebra.QPolyIntegral (3.8s)
2026-09-17T02:19:10.5856710Z ✔ [3655/3707] Built LeanCert.Validity.Bounds.Smart (4.2s)
2026-09-17T02:19:11.2921636Z ✔ [3656/3707] Built LeanCert.Engine.IntervalEvalRefined (4.9s)
2026-09-17T02:19:11.3922993Z ✔ [3657/3707] Built LeanCert.Meta.ProveSupported (4.7s)
2026-09-17T02:19:14.7019886Z ✔ [3658/3707] Built LeanCert.Engine.Optimize (7.5s)
2026-09-17T02:19:15.0026282Z ✔ [3659/3707] Built LeanCert.Validity.Bounds.Bridge (4.4s)
2026-09-17T02:19:17.2143642Z ✔ [3660/3707] Built LeanCert.Meta.ProveContinuous (5.9s)
2026-09-17T02:19:18.2191245Z ✔ [3661/3707] Built LeanCert.Tactic.IntervalAuto.ProveCommon (6.8s)
2026-09-17T02:19:20.9249971Z ✔ [3662/3707] Built LeanCert.Validity.Bounds.Basic (3.7s)
2026-09-17T02:19:21.3253162Z ✔ [3663/3707] Built LeanCert.Engine.RootFinding.Newton (6.4s)
2026-09-17T02:19:22.7267545Z ✔ [3664/3707] Built LeanCert.Engine.Optimization.Gradient (8.1s)
2026-09-17T02:19:22.9279064Z ✔ [3665/3707] Built LeanCert.Tactic.LeanCert.Bridge.ReifiedFunction (4.8s)
2026-09-17T02:19:24.9346846Z ✔ [3666/3707] Built LeanCert.Tactic.IntervalAuto.Basic (3.6s)
2026-09-17T02:19:29.5522519Z ✔ [3667/3707] Built LeanCert.Validity.Integration (8.7s)
2026-09-17T02:19:34.8688335Z ✔ [3668/3707] Built LeanCert.Engine.RootFinding.MVTBounds (12s)
2026-09-17T02:19:36.9737202Z ✔ [3669/3707] Built LeanCert.Engine.RootFinding.Krawczyk (12s)
2026-09-17T02:19:39.3776630Z ✔ [3670/3707] Built LeanCert.Tactic.LeanCert.Semantic.Prepare (9.8s)
2026-09-17T02:19:45.6872816Z ✔ [3671/3707] Built LeanCert.Engine.RootFinding.Contraction (8.8s)
2026-09-17T02:19:45.8876511Z ✔ [3672/3707] Built LeanCert.Engine.RootFinding.KrawczykCandidate (6.4s)
2026-09-17T02:19:45.8882195Z ✔ [3673/3707] Built LeanCert.Tactic.LeanCert.Integral (11s)
2026-09-17T02:19:48.9932519Z ✔ [3674/3707] Built LeanCert.Validity.Krawczyk (3.3s)
2026-09-17T02:19:53.3026767Z ✔ [3675/3707] Built LeanCert.Engine.RootFinding.Main (4.3s)
2026-09-17T02:19:53.4026049Z ✔ [3676/3707] Built LeanCert.Tactic.LeanCert.Solver.Protocol (7.5s)
2026-09-17T02:19:54.4055508Z ✔ [3677/3707] Built LeanCert.Tactic.Extension.Execute (8.5s)
2026-09-17T02:19:54.5049099Z ✔ [3678/3707] Built LeanCert.Engine.Optimization.Global (31s)
2026-09-17T02:19:57.6300104Z ✔ [3679/3707] Built LeanCert.Tactic.LeanCert.Diagnostic.Render (4.3s)
2026-09-17T02:19:58.2361439Z ✔ [3680/3707] Built LeanCert.Engine.Optimization.Guided (3.7s)
2026-09-17T02:19:58.4362126Z ✔ [3681/3707] Built LeanCert.Tactic.Enclosure (4.1s)
2026-09-17T02:20:02.1485906Z ✔ [3682/3707] Built LeanCert.Validity.Types (4.5s)
2026-09-17T02:20:02.4507979Z ✔ [3683/3707] Built LeanCert.Engine.Search.CounterExample (4.2s)
2026-09-17T02:20:02.8513635Z ✔ [3684/3707] Built LeanCert.Validity.Bounds (8.4s)
2026-09-17T02:20:02.9546884Z ✔ [3685/3707] Built LeanCert.Engine.Optimization.BoundVerify (4.5s)
2026-09-17T02:20:06.8585205Z ✔ [3686/3707] Built LeanCert.Discovery.Find (3.0s)
2026-09-17T02:20:07.3583260Z ✔ [3687/3707] Built LeanCert.Tactic.IntervalAuto.RootBound (4.4s)
2026-09-17T02:20:07.4585392Z ✔ [3688/3707] Built LeanCert.Tactic.IntervalAuto.OptBound (4.5s)
2026-09-17T02:20:09.2603901Z ✔ [3689/3707] Built LeanCert.Tactic.IntervalAuto.Multivariate (6.3s)
2026-09-17T02:20:20.3748653Z ✔ [3690/3707] Built LeanCert.Tactic.IntervalAuto.Bound (13s)
2026-09-17T02:20:26.1845756Z ✔ [3691/3707] Built LeanCert.Tactic.IntervalAuto.Subdiv (5.9s)
2026-09-17T02:20:28.1864059Z ✔ [3692/3707] Built LeanCert.Tactic.IntervalAuto.Adaptive (7.8s)
2026-09-17T02:20:29.1891540Z ✔ [3693/3707] Built LeanCert.Tactic.IntervalAuto.PointIneq (8.8s)
2026-09-17T02:20:31.4910201Z ✔ [3694/3707] Built LeanCert.Tactic.IntervalAuto (2.3s)
2026-09-17T02:20:35.6975091Z ✔ [3695/3707] Built LeanCert.Tactic.Refute (4.2s)
2026-09-17T02:20:37.3010345Z ✔ [3696/3707] Built LeanCert.Tactic.FinSumWitness (5.8s)
2026-09-17T02:20:41.6111847Z ✔ [3697/3707] Built LeanCert.Tactic.FinSumBound (4.3s)
2026-09-17T02:20:44.7194521Z ✔ [3698/3707] Built LeanCert.Tactic.LeanCert.Semantic.Parse (3.1s)
2026-09-17T02:20:44.9196042Z ✔ [3699/3707] Built LeanCert.Tactic.Discovery (13s)
2026-09-17T02:20:47.9228158Z ✔ [3700/3707] Built LeanCert.Tactic.Krawczyk (3.3s)
2026-09-17T02:20:55.5305479Z ✔ [3701/3707] Built LeanCert.Tactic.LeanCert.Router (7.5s)
2026-09-17T02:20:57.9332903Z ✔ [3702/3707] Built LeanCert.Tactic.LeanCert (2.4s)
2026-09-17T02:21:00.3359721Z ✔ [3703/3707] Built LeanCert.Tactic (2.4s)
2026-09-17T02:21:03.9404305Z ⚠ [3704/3707] Built NLA.MF07.Numerical (3.6s)
2026-09-17T02:21:03.9405248Z warning: NLA/MF07/Numerical.lean:38:31: try 'simp' instead of 'simpa'
2026-09-17T02:21:03.9405840Z 
2026-09-17T02:21:03.9406421Z Note: This linter can be disabled with `set_option linter.unnecessarySimpa false`
2026-09-17T02:21:03.9407532Z info: NLA/MF07/Numerical.lean:103:0: 'NLA.MF07.exp_one_bound' depends on axioms: [propext, Classical.choice, Quot.sound]
2026-09-17T02:21:03.9408708Z info: NLA/MF07/Numerical.lean:105:0: 'NLA.MF07.variable_binomial_bound' depends on axioms: [propext, Classical.choice, Quot.sound]
2026-09-17T02:21:03.9409949Z info: NLA/MF07/Numerical.lean:107:0: 'NLA.MF07.comparison_threshold_bound' depends on axioms: [propext, Classical.choice, Quot.sound]
2026-09-17T02:21:03.9411052Z info: NLA/MF07/Numerical.lean:109:0: 'NLA.MF07.growth_constant_positive' depends on axioms: [propext, Classical.choice, Quot.sound]
2026-09-17T02:21:06.5424392Z ℹ [3705/3707] Built NLA.MF07.Final (2.6s)
2026-09-17T02:21:06.5425727Z info: NLA/MF07/Final.lean:51:0: 'NLA.MF07.radius_one_growth' depends on axioms: [propext, Classical.choice, Quot.sound]
2026-09-17T02:21:06.5427515Z info: NLA/MF07/Final.lean:53:0: 'NLA.MF07.canonical_uniform_bound' depends on axioms: [propext, Classical.choice, Quot.sound]
2026-09-17T02:21:09.1455583Z ℹ [3706/3707] Built Solution (2.6s)
2026-09-17T02:21:09.1456789Z info: Solution.lean:16:0: NLA.MF07.matrix_product_semantics {d : ℕ} :
2026-09-17T02:21:09.1457794Z   NLA.MF07.matrixProduct [] = 1 ∧
2026-09-17T02:21:09.1458855Z     ∀ (w : List (NLA.MF07.Square d)) (A : NLA.MF07.Square d),
2026-09-17T02:21:09.1459737Z       NLA.MF07.matrixProduct (w ++ [A]) = A * NLA.MF07.matrixProduct w
2026-09-17T02:21:09.1460775Z info: Solution.lean:17:0: 'NLA.MF07.matrix_product_semantics' depends on axioms: [propext, Classical.choice, Quot.sound]
2026-09-17T02:21:09.1462353Z info: Solution.lean:20:0: NLA.MF07.diagonal_inverse {d : ℕ} (σ : Fin d → ℝ) (hσ : ∀ (i : Fin d), σ i ≠ 0) :
2026-09-17T02:21:09.1463737Z   NLA.MF07.diagonalWeights σ * NLA.MF07.inverseDiagonalWeights σ = 1 ∧
2026-09-17T02:21:09.1464935Z     NLA.MF07.inverseDiagonalWeights σ * NLA.MF07.diagonalWeights σ = 1
2026-09-17T02:21:09.1466552Z info: Solution.lean:21:0: 'NLA.MF07.diagonal_inverse' depends on axioms: [propext, Classical.choice, Quot.sound]
2026-09-17T02:21:09.1468333Z info: Solution.lean:24:0: NLA.MF07.family_norm_maximum {d : ℕ} (hd : 1 ≤ d) (M : Set (NLA.MF07.Square d)) (hM : IsCompact M) (hne : M.Nonempty) :
2026-09-17T02:21:09.1469230Z   0 ≤ NLA.MF07.familyNorm M ∧
2026-09-17T02:21:09.1470003Z     (∃ A ∈ M, NLA.MF07.spectralNorm A = NLA.MF07.familyNorm M) ∧
2026-09-17T02:21:09.1470777Z       ∀ A ∈ M, NLA.MF07.spectralNorm A ≤ NLA.MF07.familyNorm M
2026-09-17T02:21:09.1471463Z info: Solution.lean:25:0: 'NLA.MF07.family_norm_maximum' depends on axioms: [propext, Classical.choice, Quot.sound]
2026-09-17T02:21:09.1472422Z info: Solution.lean:28:0: NLA.MF07.family_growth_maximum {d : ℕ} (hd : 1 ≤ d) (M : Set (NLA.MF07.Square d)) (hM : IsCompact M) (hne : M.Nonempty)
2026-09-17T02:21:09.1484157Z   (n : ℕ) :
2026-09-17T02:21:09.1484568Z   0 ≤ NLA.MF07.familyGrowth M n ∧
2026-09-17T02:21:09.1485167Z     NLA.MF07.familyGrowth M n ≤ NLA.MF07.familyNorm M ^ n ∧
2026-09-17T02:21:09.1485746Z       (∃ w,
2026-09-17T02:21:09.1486162Z           w.length = n ∧
2026-09-17T02:21:09.1487341Z             NLA.MF07.WordIn M w ∧ NLA.MF07.spectralNorm (NLA.MF07.matrixProduct w) = NLA.MF07.familyGrowth M n) ∧
2026-09-17T02:21:09.1488184Z         ∀ (w : List (NLA.MF07.Square d)),
2026-09-17T02:21:09.1488636Z           w.length = n →
2026-09-17T02:21:09.1489755Z             NLA.MF07.WordIn M w → NLA.MF07.spectralNorm (NLA.MF07.matrixProduct w) ≤ NLA.MF07.familyGrowth M n
2026-09-17T02:21:09.1490741Z info: Solution.lean:29:0: 'NLA.MF07.family_growth_maximum' depends on axioms: [propext, Classical.choice, Quot.sound]
2026-09-17T02:21:09.1491979Z info: Solution.lean:32:0: NLA.MF07.family_growth_submultiplicative {d : ℕ} (hd : 1 ≤ d) (M : Set (NLA.MF07.Square d)) (hM : IsCompact M)
2026-09-17T02:21:09.1493710Z   (hne : M.Nonempty) (m n : ℕ) : NLA.MF07.familyGrowth M (m + n) ≤ NLA.MF07.familyGrowth M m * NLA.MF07.familyGrowth M n
2026-09-17T02:21:09.1494792Z info: Solution.lean:33:0: 'NLA.MF07.family_growth_submultiplicative' depends on axioms: [propext, Classical.choice, Quot.sound]
2026-09-17T02:21:09.1496113Z info: Solution.lean:36:0: NLA.MF07.radius_one_semantics {d : ℕ} (hd : 1 ≤ d) (M : Set (NLA.MF07.Square d)) (hM : IsCompact M) (hne : M.Nonempty) :
2026-09-17T02:21:09.1497334Z   (NLA.MF07.jointSpectralRadius M = 1 ↔ Filter.Tendsto (NLA.MF07.rootGrowth M) Filter.atTop (nhds 1)) ∧
2026-09-17T02:21:09.1498262Z     (NLA.MF07.jointSpectralRadius M = 1 → 1 ≤ NLA.MF07.familyNorm M)
2026-09-17T02:21:09.1499091Z info: Solution.lean:37:0: 'NLA.MF07.radius_one_semantics' depends on axioms: [propext, Classical.choice, Quot.sound]
2026-09-17T02:21:09.1500055Z info: Solution.lean:40:0: NLA.MF07.identity_family_semantics {d : ℕ} (hd : 1 ≤ d) :
2026-09-17T02:21:09.1501094Z   NLA.MF07.familyNorm {1} = 1 ∧ (∀ (n : ℕ), NLA.MF07.familyGrowth {1} n = 1) ∧ NLA.MF07.jointSpectralRadius {1} = 1
2026-09-17T02:21:09.1502108Z info: Solution.lean:41:0: 'NLA.MF07.identity_family_semantics' depends on axioms: [propext, Classical.choice, Quot.sound]
2026-09-17T02:21:09.1503334Z info: Solution.lean:44:0: NLA.MF07.approximate_extremal_norm {d : ℕ} (hd : 1 ≤ d) (M : Set (NLA.MF07.Square d)) (hM : IsCompact M)
2026-09-17T02:21:09.1504582Z   (hne : M.Nonempty) (hr : NLA.MF07.jointSpectralRadius M = 1) (a : ℝ) (ha : 1 < a) :
2026-09-17T02:21:09.1505126Z   ∃ v c,
2026-09-17T02:21:09.1505412Z     1 ≤ c ∧
2026-09-17T02:21:09.1505773Z       NLA.MF07.IsComplexNorm v ∧
2026-09-17T02:21:09.1506494Z         (∀ (x : NLA.MF07.EuclideanVector d), ‖x‖ ≤ v x ∧ v x ≤ c * ‖x‖) ∧
2026-09-17T02:21:09.1507539Z           ∀ A ∈ M, ∀ (x : NLA.MF07.EuclideanVector d), v (NLA.MF07.applyMatrix A x) ≤ a * v x
2026-09-17T02:21:09.1508479Z info: Solution.lean:45:0: 'NLA.MF07.approximate_extremal_norm' depends on axioms: [propext, Classical.choice, Quot.sound]
2026-09-17T02:21:09.1509769Z info: Solution.lean:48:0: NLA.MF07.rounded_extremal_norm {d : ℕ} (hd : 1 ≤ d) (M : Set (NLA.MF07.Square d)) (hM : IsCompact M) (hne : M.Nonempty)
2026-09-17T02:21:09.1510987Z   (hr : NLA.MF07.jointSpectralRadius M = 1) (a : ℝ) (ha : 1 < a) :
2026-09-17T02:21:09.1511479Z   ∃ Q σ w,
2026-09-17T02:21:09.1511800Z     NLA.MF07.IsUnitary Q ∧
2026-09-17T02:21:09.1512170Z       Antitone σ ∧
2026-09-17T02:21:09.1512573Z         (∀ (i : Fin d), 0 < σ i) ∧
2026-09-17T02:21:09.1513044Z           NLA.MF07.IsComplexNorm w ∧
2026-09-17T02:21:09.1518723Z             (∀ (x : NLA.MF07.EuclideanVector d), ‖x‖ ≤ w x ∧ w x ≤ ↑d * ‖x‖) ∧
2026-09-17T02:21:09.1519368Z               (∀ A ∈ M,
2026-09-17T02:21:09.1520040Z                   ∀ (x : NLA.MF07.EuclideanVector d),
2026-09-17T02:21:09.1521271Z                     w (NLA.MF07.applyMatrix (NLA.MF07.rotatedGenerator Q σ A) x) ≤ a * w x) ∧
2026-09-17T02:21:09.1522989Z                 ∀ A ∈ M, ∀ (i j : Fin d), ‖NLA.MF07.rotatedGenerator Q σ A i j‖ ≤ NLA.MF07.familyNorm M * σ j / σ i
2026-09-17T02:21:09.1525723Z info: Solution.lean:49:0: 'NLA.MF07.rounded_extremal_norm' depends on axioms: [propext, Classical.choice, Quot.sound]
2026-09-17T02:21:09.1526984Z info: Solution.lean:52:0: NLA.MF07.triangular_damping {d : ℕ} (h : Fin d → ℝ) (hh : Antitone h) (hpos : ∀ (i : Fin d), 0 < h i)
2026-09-17T02:21:09.1527909Z   (X : NLA.MF07.Square d) (hX : NLA.MF07.LowerForWeights h X) :
2026-09-17T02:21:09.1528711Z   NLA.MF07.spectralNorm (NLA.MF07.diagonalDamping h X) ≤ NLA.MF07.spectralNorm X
2026-09-17T02:21:09.1529612Z info: Solution.lean:53:0: 'NLA.MF07.triangular_damping' depends on axioms: [propext, Classical.choice, Quot.sound]
2026-09-17T02:21:09.1530891Z info: Solution.lean:56:0: NLA.MF07.interspersed_product_bound {d : ℕ} (M : Set (NLA.MF07.Square d)) (C E : NLA.MF07.Square d → NLA.MF07.Square d)
2026-09-17T02:21:09.1531817Z   (K u v : ℝ) (hK : 1 ≤ K) (hu : 0 ≤ u) (hv : 0 ≤ v)
2026-09-17T02:21:09.1532206Z   (hC :
2026-09-17T02:21:09.1532582Z     ∀ (z : List (NLA.MF07.Square d)),
2026-09-17T02:21:09.1533836Z       NLA.MF07.WordIn M z → NLA.MF07.spectralNorm (NLA.MF07.matrixProduct (List.map C z)) ≤ K * u ^ z.length)
2026-09-17T02:21:09.1535269Z   (hE : ∀ A ∈ M, NLA.MF07.spectralNorm (E A) ≤ v) (z : List (NLA.MF07.Square d)) (hz : NLA.MF07.WordIn M z) :
2026-09-17T02:21:09.1536123Z   NLA.MF07.spectralNorm (NLA.MF07.matrixProduct (List.map (fun A => C A + E A) z)) ≤ K * (u + K * v) ^ z.length
2026-09-17T02:21:09.1536903Z info: Solution.lean:57:0: 'NLA.MF07.interspersed_product_bound' depends on axioms: [propext, Classical.choice, Quot.sound]
2026-09-17T02:21:09.1537792Z info: Solution.lean:60:0: NLA.MF07.quantitative_comparison {d : ℕ} (hd : 1 ≤ d) (M : Set (NLA.MF07.Square d)) (hM : IsCompact M)
2026-09-17T02:21:09.1538580Z   (hne : M.Nonempty) (hr : NLA.MF07.jointSpectralRadius M = 1) (s : ℝ) (hs : 1 ≤ s) (n : ℕ) :
2026-09-17T02:21:09.1539295Z   NLA.MF07.familyGrowth M n ≤ ↑d * s ^ (d - 1) * (1 + 2 * ↑d ^ 2 * NLA.MF07.familyNorm M / s) ^ n
2026-09-17T02:21:09.1540131Z info: Solution.lean:61:0: 'NLA.MF07.quantitative_comparison' depends on axioms: [propext, Classical.choice, Quot.sound]
2026-09-17T02:21:09.1556094Z info: Solution.lean:64:0: NLA.MF07.scalar_family_growth (M : Set (NLA.MF07.Square 1)) (hM : IsCompact M) (hne : M.Nonempty) :
2026-09-17T02:21:09.1557426Z   (∀ (n : ℕ), NLA.MF07.familyGrowth M n = NLA.MF07.familyNorm M ^ n) ∧
2026-09-17T02:21:09.1558253Z     NLA.MF07.jointSpectralRadius M = NLA.MF07.familyNorm M
2026-09-17T02:21:09.1559280Z info: Solution.lean:65:0: 'NLA.MF07.scalar_family_growth' depends on axioms: [propext, Classical.choice, Quot.sound]
2026-09-17T02:21:09.1560055Z info: Solution.lean:68:0: NLA.MF07.exp_one_bound : Real.exp 1 ≤ 3
2026-09-17T02:21:09.1560661Z info: Solution.lean:69:0: 'NLA.MF07.exp_one_bound' depends on axioms: [propext, Classical.choice, Quot.sound]
2026-09-17T02:21:09.1561481Z info: Solution.lean:72:0: NLA.MF07.comparison_threshold_bound (d n : ℕ) (hd : 2 ≤ d) (hn : 1 ≤ n) (L : ℝ) (hL : 1 ≤ L) :
2026-09-17T02:21:09.1562073Z   1 ≤ NLA.MF07.comparisonThreshold d n L ∧
2026-09-17T02:21:09.1562826Z     ↑d * NLA.MF07.comparisonThreshold d n L ^ (d - 1) * (1 + 2 * ↑d ^ 2 * L / NLA.MF07.comparisonThreshold d n L) ^ n ≤
2026-09-17T02:21:09.1564444Z       NLA.MF07.growthConstant d * (L * ↑n) ^ (d - 1)
2026-09-17T02:21:09.1565075Z info: Solution.lean:73:0: 'NLA.MF07.comparison_threshold_bound' depends on axioms: [propext, Classical.choice, Quot.sound]
2026-09-17T02:21:09.1565930Z info: Solution.lean:76:0: NLA.MF07.growth_constant_positive (d : ℕ) (hd : 1 ≤ d) : 0 < NLA.MF07.growthConstant d
2026-09-17T02:21:09.1566677Z info: Solution.lean:77:0: 'NLA.MF07.growth_constant_positive' depends on axioms: [propext, Classical.choice, Quot.sound]
2026-09-17T02:21:09.1567573Z info: Solution.lean:80:0: NLA.MF07.radius_one_growth {d : ℕ} (hd : 1 ≤ d) (M : Set (NLA.MF07.Square d)) (hM : IsCompact M) (hne : M.Nonempty)
2026-09-17T02:21:09.1568406Z   (hr : NLA.MF07.jointSpectralRadius M = 1) (n : ℕ) (hn : 1 ≤ n) :
2026-09-17T02:21:09.1569047Z   NLA.MF07.familyGrowth M n ≤ NLA.MF07.growthConstant d * (NLA.MF07.familyNorm M * ↑n) ^ (d - 1)
2026-09-17T02:21:09.1569724Z info: Solution.lean:81:0: 'NLA.MF07.radius_one_growth' depends on axioms: [propext, Classical.choice, Quot.sound]
2026-09-17T02:21:09.1570409Z info: Solution.lean:84:0: NLA.MF07.canonical_uniform_bound (d : ℕ) (hd : 1 ≤ d) :
2026-09-17T02:21:09.1570805Z   ∃ Θ,
2026-09-17T02:21:09.1571021Z     0 < Θ ∧
2026-09-17T02:21:09.1571309Z       ∀ (M : Set (NLA.MF07.Square d)),
2026-09-17T02:21:09.1571622Z         IsCompact M →
2026-09-17T02:21:09.1571899Z           M.Nonempty →
2026-09-17T02:21:09.1572282Z             NLA.MF07.jointSpectralRadius M = 1 →
2026-09-17T02:21:09.1572647Z               ∀ (n : ℕ),
2026-09-17T02:21:09.1572947Z                 1 ≤ n →
2026-09-17T02:21:09.1573649Z                   ∀ (A : Fin n → NLA.MF07.Square d),
2026-09-17T02:21:09.1574217Z                     (∀ (i : Fin n), A i ∈ M) →
2026-09-17T02:21:09.1575286Z                       NLA.MF07.spectralNorm (NLA.MF07.finiteProduct A) ≤ Θ * (NLA.MF07.familyNorm M * ↑n) ^ (d - 1)
2026-09-17T02:21:09.1576027Z info: Solution.lean:85:0: 'NLA.MF07.canonical_uniform_bound' depends on axioms: [propext, Classical.choice, Quot.sound]
2026-09-17T02:21:09.1582639Z Build completed successfully (3707 jobs).
2026-09-17T02:23:01.3891863Z Exporting #[Quot, Quot.mk, Quot.lift, Quot.ind, NLA.MF07.matrix_product_semantics, NLA.MF07.diagonal_inverse, NLA.MF07.family_norm_maximum, NLA.MF07.family_growth_maximum, NLA.MF07.family_growth_submultiplicative, NLA.MF07.radius_one_semantics, NLA.MF07.identity_family_semantics, NLA.MF07.approximate_extremal_norm, NLA.MF07.rounded_extremal_norm, NLA.MF07.triangular_damping, NLA.MF07.interspersed_product_bound, NLA.MF07.quantitative_comparison, NLA.MF07.scalar_family_growth, NLA.MF07.exp_one_bound, NLA.MF07.comparison_threshold_bound, NLA.MF07.growth_constant_positive, NLA.MF07.radius_one_growth, NLA.MF07.canonical_uniform_bound, propext, Classical.choice, Quot.sound, Nat.add, Nat.sub, Nat.mul, Nat.pow, Nat.gcd, Nat.div, Nat.mod, Nat.beq, Nat.ble, Nat.land, Nat.lor, Nat.xor, Nat.shiftLeft, Nat.shiftRight, String.ofList, Char.ofNat, List, eagerReduce, Nat, String, String.mk, Char, optParam, autoParam, semiOutParam, outParam] from Solution
2026-09-17T02:23:01.3896459Z Running Lean default kernel on solution.
2026-09-17T02:23:01.3896822Z Lean default kernel accepts the solution
2026-09-17T02:23:01.3897144Z Your solution is okay!
2026-09-17T02:23:07.0549031Z PASS: fresh Comparator run and all controls. Evidence: /home/runner/work/_temp/nla-lean-tools/logs/verify-20260917T021414Z-4149
2026-09-17T02:23:07.0759823Z Node 20 is being deprecated. This workflow is running with Node 24 by default. If you need to temporarily use Node 20, you can set the ACTIONS_ALLOW_USE_UNSECURE_NODE_VERSION=true environment variable. For more information see: https://github.blog/changelog/2025-09-19-deprecation-of-node-20-on-github-actions-runners/
2026-09-17T02:23:07.0761694Z ##[group]Run actions/upload-artifact@ea165f8d65b6e75b540449e92b4886f43607fa02
2026-09-17T02:23:07.0762178Z with:
2026-09-17T02:23:07.0762470Z   name: lean-MF-07
2026-09-17T02:23:07.0762813Z   path: /home/runner/work/_temp/nla-lean-tools/logs/
2026-09-17T02:23:07.0763207Z   if-no-files-found: warn
2026-09-17T02:23:07.0763739Z   compression-level: 6
2026-09-17T02:23:07.0763969Z   overwrite: false
2026-09-17T02:23:07.0764275Z   include-hidden-files: false
2026-09-17T02:23:07.0764586Z env:
2026-09-17T02:23:07.0764767Z   GOTOOLCHAIN: local
2026-09-17T02:23:07.0765072Z   XDG_RUNTIME_DIR: /run/user/1001
2026-09-17T02:23:07.0765503Z   DBUS_SESSION_BUS_ADDRESS: unix:path=/run/user/1001/bus
2026-09-17T02:23:07.0765904Z ##[endgroup]
2026-09-17T02:23:07.4234363Z (node:7667) [DEP0040] DeprecationWarning: The `punycode` module is deprecated. Please use a userland alternative instead.
2026-09-17T02:23:07.4235595Z (Use `node --trace-deprecation ...` to show where the warning was created)
2026-09-17T02:23:07.4354993Z With the provided path, there will be 13 files uploaded
2026-09-17T02:23:07.4360739Z Artifact name is valid!
2026-09-17T02:23:07.4361629Z Root directory input is valid!
2026-09-17T02:23:07.8338840Z Beginning upload of artifact content to blob storage
2026-09-17T02:23:07.8851845Z (node:7667) [DEP0169] DeprecationWarning: `url.parse()` behavior is not standardized and prone to errors that have security implications. Use the WHATWG URL API instead. CVEs are not issued for `url.parse()` vulnerabilities.
2026-09-17T02:23:08.2386907Z Uploaded bytes 30679
2026-09-17T02:23:08.3202064Z Finished uploading artifact content to blob storage!
2026-09-17T02:23:08.3203297Z SHA256 digest of uploaded artifact zip is ad4959dc022f8ee39db26150372f5d7ee413246098f44c705d325fa8fac87c2f
2026-09-17T02:23:08.3205820Z Finalizing artifact upload
2026-09-17T02:23:08.5597881Z Artifact lean-MF-07.zip successfully finalized. Artifact ID 10478290606
2026-09-17T02:23:08.5599046Z Artifact lean-MF-07 has been successfully uploaded! Final size is 30679 bytes. Artifact ID is 10478290606
2026-09-17T02:23:08.5605022Z Artifact download URL: https://github.com/sgstepaniants/OpenProblemsInNLA/actions/runs/35172783207/artifacts/10478290606
2026-09-17T02:23:08.5776840Z Post job cleanup.
2026-09-17T02:23:08.7206941Z Node 20 is being deprecated. This workflow is running with Node 24 by default. If you need to temporarily use Node 20, you can set the ACTIONS_ALLOW_USE_UNSECURE_NODE_VERSION=true environment variable. For more information see: https://github.blog/changelog/2025-09-19-deprecation-of-node-20-on-github-actions-runners/
2026-09-17T02:23:08.7209062Z Post job cleanup.
2026-09-17T02:23:08.8152231Z [command]/usr/bin/git version
2026-09-17T02:23:08.8200366Z git version 2.55.0
2026-09-17T02:23:08.8244970Z Temporarily overriding HOME='/home/runner/work/_temp/388f8331-cc28-4082-9b16-452298419015' before making global git config changes
2026-09-17T02:23:08.8246437Z Adding repository directory to the temporary git global config as a safe directory
2026-09-17T02:23:08.8249750Z [command]/usr/bin/git config --global --add safe.directory /home/runner/work/OpenProblemsInNLA/OpenProblemsInNLA
2026-09-17T02:23:08.8290151Z [command]/usr/bin/git config --local --name-only --get-regexp core\.sshCommand
2026-09-17T02:23:08.8328372Z [command]/usr/bin/git submodule foreach --recursive sh -c "git config --local --name-only --get-regexp 'core\.sshCommand' && git config --local --unset-all 'core.sshCommand' || :"
2026-09-17T02:23:08.8688210Z [command]/usr/bin/git config --local --name-only --get-regexp http\.https\:\/\/github\.com\/\.extraheader
2026-09-17T02:23:08.8737551Z [command]/usr/bin/git submodule foreach --recursive sh -c "git config --local --name-only --get-regexp 'http\.https\:\/\/github\.com\/\.extraheader' && git config --local --unset-all 'http.https://github.com/.extraheader' || :"
2026-09-17T02:23:08.9126659Z [command]/usr/bin/git config --local --name-only --get-regexp ^includeIf\.gitdir:
2026-09-17T02:23:08.9186827Z [command]/usr/bin/git submodule foreach --recursive git config --local --show-origin --name-only --get-regexp remote.origin.url
2026-09-17T02:23:08.9593816Z Cleaning up orphan processes
2026-09-17T02:23:09.0105451Z ##[warning]Node.js 20 is deprecated. The following actions target Node.js 20 but are being forced to run on Node.js 24: actions/checkout@11d5960a326750d5838078e36cf38b85af677262, actions/upload-artifact@ea165f8d65b6e75b540449e92b4886f43607fa02. For more information see: https://github.blog/changelog/2025-09-19-deprecation-of-node-20-on-github-actions-runners/
