2026-09-17T17:23:14.9688993Z Current runner version: '2.337.0'
2026-09-17T17:23:14.9725307Z ##[group]Runner Image Provisioner
2026-09-17T17:23:14.9726640Z Hosted Compute Agent
2026-09-17T17:23:14.9727737Z Version: 20260828.587
2026-09-17T17:23:14.9728786Z Commit: abac92662cab4cc7352de4f9f9d2e2419aad9c29
2026-09-17T17:23:14.9729931Z Build Date: 2026-08-28T16:44:25Z
2026-09-17T17:23:14.9731302Z Worker ID: {9a54ca10-6678-4cde-935c-95732f00268d}
2026-09-17T17:23:14.9732493Z Azure Region: eastus2
2026-09-17T17:23:14.9734258Z ##[endgroup]
2026-09-17T17:23:14.9736758Z ##[group]Operating System
2026-09-17T17:23:14.9737966Z Ubuntu
2026-09-17T17:23:14.9738877Z 24.04.5
2026-09-17T17:23:14.9739691Z LTS
2026-09-17T17:23:14.9740601Z ##[endgroup]
2026-09-17T17:23:14.9741571Z ##[group]Runner Image
2026-09-17T17:23:14.9742536Z Image: ubuntu-24.04
2026-09-17T17:23:14.9743623Z Version: 20260907.300.1
2026-09-17T17:23:14.9746016Z Included Software: https://github.com/actions/runner-images/blob/ubuntu24/20260907.300/images/ubuntu/Ubuntu2404-Readme.md
2026-09-17T17:23:14.9748997Z Image Release: https://github.com/actions/runner-images/releases/tag/ubuntu24%2F20260907.300
2026-09-17T17:23:14.9750808Z ##[endgroup]
2026-09-17T17:23:14.9752747Z ##[group]GITHUB_TOKEN Permissions
2026-09-17T17:23:14.9755912Z Contents: read
2026-09-17T17:23:14.9756922Z Metadata: read
2026-09-17T17:23:14.9757943Z ##[endgroup]
2026-09-17T17:23:14.9761158Z Secret source: Actions
2026-09-17T17:23:14.9762784Z Cache mode: write
2026-09-17T17:23:14.9764289Z Prepare workflow directory
2026-09-17T17:23:15.0273145Z Prepare all required actions
2026-09-17T17:23:15.0344994Z Getting action download info
2026-09-17T17:23:15.2716760Z Download action repository 'actions/checkout@11d5960a326750d5838078e36cf38b85af677262' (SHA:11d5960a326750d5838078e36cf38b85af677262)
2026-09-17T17:23:15.4416008Z Download action repository 'actions/setup-go@924ae3a1cded613372ab5595356fb5720e22ba16' (SHA:924ae3a1cded613372ab5595356fb5720e22ba16)
2026-09-17T17:23:15.6602062Z Download action repository 'leanprover/lean-action@96e06131c0e9943c780388fd166f55d1e2fa0433' (SHA:96e06131c0e9943c780388fd166f55d1e2fa0433)
2026-09-17T17:23:15.7932436Z Download action repository 'actions/upload-artifact@ea165f8d65b6e75b540449e92b4886f43607fa02' (SHA:ea165f8d65b6e75b540449e92b4886f43607fa02)
2026-09-17T17:23:16.0244869Z Getting action download info
2026-09-17T17:23:16.1136639Z Download action repository 'actions/cache@v5' (SHA:caa296126883cff596d87d8935842f9db880ef25)
2026-09-17T17:23:16.3663513Z Complete job name: verify (MF-05, matrix-functions-and-stability/MF-05/lean)
2026-09-17T17:23:16.4633977Z Node 20 is being deprecated. This workflow is running with Node 24 by default. If you need to temporarily use Node 20, you can set the ACTIONS_ALLOW_USE_UNSECURE_NODE_VERSION=true environment variable. For more information see: https://github.blog/changelog/2025-09-19-deprecation-of-node-20-on-github-actions-runners/
2026-09-17T17:23:16.4645502Z ##[group]Run actions/checkout@11d5960a326750d5838078e36cf38b85af677262
2026-09-17T17:23:16.4647003Z with:
2026-09-17T17:23:16.4647707Z   persist-credentials: false
2026-09-17T17:23:16.4648627Z   repository: sgstepaniants/OpenProblemsInNLA
2026-09-17T17:23:16.4657754Z   token: ***
2026-09-17T17:23:16.4658454Z   ssh-strict: true
2026-09-17T17:23:16.4659148Z   ssh-user: git
2026-09-17T17:23:16.4659817Z   clean: true
2026-09-17T17:23:16.4660529Z   sparse-checkout-cone-mode: true
2026-09-17T17:23:16.4661385Z   fetch-depth: 1
2026-09-17T17:23:16.4662076Z   fetch-tags: false
2026-09-17T17:23:16.4662780Z   show-progress: true
2026-09-17T17:23:16.4663565Z   lfs: false
2026-09-17T17:23:16.4664230Z   submodules: false
2026-09-17T17:23:16.4665228Z   set-safe-directory: true
2026-09-17T17:23:16.4666082Z   allow-unsafe-pr-checkout: false
2026-09-17T17:23:16.4667280Z ##[endgroup]
2026-09-17T17:23:16.5724477Z Syncing repository: sgstepaniants/OpenProblemsInNLA
2026-09-17T17:23:16.5727720Z ##[group]Getting Git version info
2026-09-17T17:23:16.5729108Z Working directory is '/home/runner/work/OpenProblemsInNLA/OpenProblemsInNLA'
2026-09-17T17:23:16.5731523Z [command]/usr/bin/git version
2026-09-17T17:23:16.5775744Z git version 2.55.0
2026-09-17T17:23:16.5799080Z ##[endgroup]
2026-09-17T17:23:16.5828325Z Temporarily overriding HOME='/home/runner/work/_temp/bf57496f-33e8-41db-b430-71d42dc8a116' before making global git config changes
2026-09-17T17:23:16.5832680Z Adding repository directory to the temporary git global config as a safe directory
2026-09-17T17:23:16.5837880Z [command]/usr/bin/git config --global --add safe.directory /home/runner/work/OpenProblemsInNLA/OpenProblemsInNLA
2026-09-17T17:23:16.5884519Z Deleting the contents of '/home/runner/work/OpenProblemsInNLA/OpenProblemsInNLA'
2026-09-17T17:23:16.5892997Z ##[group]Initializing the repository
2026-09-17T17:23:16.5903849Z [command]/usr/bin/git init /home/runner/work/OpenProblemsInNLA/OpenProblemsInNLA
2026-09-17T17:23:16.6002032Z hint: Using 'master' as the name for the initial branch. This default branch name
2026-09-17T17:23:16.6005088Z hint: will change to "main" in Git 3.0. To configure the initial branch name
2026-09-17T17:23:16.6007878Z hint: to use in all of your new repositories, which will suppress this warning,
2026-09-17T17:23:16.6010280Z hint: call:
2026-09-17T17:23:16.6011282Z hint:
2026-09-17T17:23:16.6012598Z hint: 	git config --global init.defaultBranch <name>
2026-09-17T17:23:16.6014245Z hint:
2026-09-17T17:23:16.6016013Z hint: Names commonly chosen instead of 'master' are 'main', 'trunk' and
2026-09-17T17:23:16.6018672Z hint: 'development'. The just-created branch can be renamed via this command:
2026-09-17T17:23:16.6020744Z hint:
2026-09-17T17:23:16.6021992Z hint: 	git branch -m <name>
2026-09-17T17:23:16.6023404Z hint:
2026-09-17T17:23:16.6025981Z hint: Disable this message with "git config set advice.defaultBranchName false"
2026-09-17T17:23:16.6029407Z Initialized empty Git repository in /home/runner/work/OpenProblemsInNLA/OpenProblemsInNLA/.git/
2026-09-17T17:23:16.6034975Z [command]/usr/bin/git remote add origin https://github.com/sgstepaniants/OpenProblemsInNLA
2026-09-17T17:23:16.6100607Z ##[endgroup]
2026-09-17T17:23:16.6102751Z ##[group]Disabling automatic garbage collection
2026-09-17T17:23:16.6105335Z [command]/usr/bin/git config --local gc.auto 0
2026-09-17T17:23:16.6137759Z ##[endgroup]
2026-09-17T17:23:16.6147018Z ##[group]Setting up auth
2026-09-17T17:23:16.6149023Z [command]/usr/bin/git config --local --name-only --get-regexp core\.sshCommand
2026-09-17T17:23:16.6187503Z [command]/usr/bin/git submodule foreach --recursive sh -c "git config --local --name-only --get-regexp 'core\.sshCommand' && git config --local --unset-all 'core.sshCommand' || :"
2026-09-17T17:23:16.6571485Z [command]/usr/bin/git config --local --name-only --get-regexp http\.https\:\/\/github\.com\/\.extraheader
2026-09-17T17:23:16.6616865Z [command]/usr/bin/git submodule foreach --recursive sh -c "git config --local --name-only --get-regexp 'http\.https\:\/\/github\.com\/\.extraheader' && git config --local --unset-all 'http.https://github.com/.extraheader' || :"
2026-09-17T17:23:16.6850455Z [command]/usr/bin/git config --local --name-only --get-regexp ^includeIf\.gitdir:
2026-09-17T17:23:16.6888929Z [command]/usr/bin/git submodule foreach --recursive git config --local --show-origin --name-only --get-regexp remote.origin.url
2026-09-17T17:23:16.7118627Z [command]/usr/bin/git config --local http.https://github.com/.extraheader AUTHORIZATION: basic ***
2026-09-17T17:23:16.7157608Z ##[endgroup]
2026-09-17T17:23:16.7167381Z ##[group]Fetching the repository
2026-09-17T17:23:16.7170207Z [command]/usr/bin/git -c protocol.version=2 fetch --no-tags --prune --no-recurse-submodules --depth=1 origin +06b8cf49740205c4b7b0b71ee5c636855fbe26a6:refs/remotes/origin/codex/lean-mf05-verification
2026-09-17T17:23:24.3109942Z From https://github.com/sgstepaniants/OpenProblemsInNLA
2026-09-17T17:23:24.3111448Z  * [new ref]           06b8cf49740205c4b7b0b71ee5c636855fbe26a6 -> origin/codex/lean-mf05-verification
2026-09-17T17:23:24.3114111Z ##[endgroup]
2026-09-17T17:23:24.3115225Z ##[group]Determining the checkout info
2026-09-17T17:23:24.3116793Z ##[endgroup]
2026-09-17T17:23:24.3122454Z [command]/usr/bin/git sparse-checkout disable
2026-09-17T17:23:24.3176859Z [command]/usr/bin/git config --local --unset-all extensions.worktreeConfig
2026-09-17T17:23:24.3211009Z ##[group]Checking out the ref
2026-09-17T17:23:24.3216040Z [command]/usr/bin/git checkout --progress --force -B codex/lean-mf05-verification refs/remotes/origin/codex/lean-mf05-verification
2026-09-17T17:23:25.3682568Z Updating files:  36% (12928/35267)
2026-09-17T17:23:25.3946531Z Updating files:  37% (13049/35267)
2026-09-17T17:23:25.4551285Z Updating files:  38% (13402/35267)
2026-09-17T17:23:25.4776317Z Updating files:  39% (13755/35267)
2026-09-17T17:23:25.5015379Z Updating files:  40% (14107/35267)
2026-09-17T17:23:25.5229461Z Updating files:  41% (14460/35267)
2026-09-17T17:23:25.5455204Z Updating files:  42% (14813/35267)
2026-09-17T17:23:25.5959007Z Updating files:  43% (15165/35267)
2026-09-17T17:23:25.6239114Z Updating files:  44% (15518/35267)
2026-09-17T17:23:25.6495978Z Updating files:  45% (15871/35267)
2026-09-17T17:23:25.6738283Z Updating files:  46% (16223/35267)
2026-09-17T17:23:25.6976720Z Updating files:  47% (16576/35267)
2026-09-17T17:23:25.7251089Z Updating files:  48% (16929/35267)
2026-09-17T17:23:25.7482122Z Updating files:  49% (17281/35267)
2026-09-17T17:23:25.7775984Z Updating files:  50% (17634/35267)
2026-09-17T17:23:25.8064159Z Updating files:  51% (17987/35267)
2026-09-17T17:23:25.8296026Z Updating files:  52% (18339/35267)
2026-09-17T17:23:25.8557908Z Updating files:  53% (18692/35267)
2026-09-17T17:23:25.8845760Z Updating files:  54% (19045/35267)
2026-09-17T17:23:25.9089521Z Updating files:  55% (19397/35267)
2026-09-17T17:23:25.9327530Z Updating files:  56% (19750/35267)
2026-09-17T17:23:25.9552105Z Updating files:  57% (20103/35267)
2026-09-17T17:23:25.9901641Z Updating files:  58% (20455/35267)
2026-09-17T17:23:26.0138153Z Updating files:  59% (20808/35267)
2026-09-17T17:23:26.0461787Z Updating files:  60% (21161/35267)
2026-09-17T17:23:26.0723155Z Updating files:  61% (21513/35267)
2026-09-17T17:23:26.0931105Z Updating files:  62% (21866/35267)
2026-09-17T17:23:26.1135689Z Updating files:  63% (22219/35267)
2026-09-17T17:23:26.1332313Z Updating files:  64% (22571/35267)
2026-09-17T17:23:26.1529317Z Updating files:  65% (22924/35267)
2026-09-17T17:23:26.1744856Z Updating files:  66% (23277/35267)
2026-09-17T17:23:26.1986038Z Updating files:  67% (23629/35267)
2026-09-17T17:23:26.2244805Z Updating files:  68% (23982/35267)
2026-09-17T17:23:26.2479527Z Updating files:  69% (24335/35267)
2026-09-17T17:23:26.2669621Z Updating files:  70% (24687/35267)
2026-09-17T17:23:26.2906452Z Updating files:  71% (25040/35267)
2026-09-17T17:23:26.3113708Z Updating files:  72% (25393/35267)
2026-09-17T17:23:26.3292156Z Updating files:  73% (25745/35267)
2026-09-17T17:23:26.3475588Z Updating files:  74% (26098/35267)
2026-09-17T17:23:26.3609344Z Updating files:  75% (26451/35267)
2026-09-17T17:23:26.3699697Z Updating files:  75% (26639/35267)
2026-09-17T17:23:26.3965781Z Updating files:  76% (26803/35267)
2026-09-17T17:23:26.4150731Z Updating files:  77% (27156/35267)
2026-09-17T17:23:26.4417163Z Updating files:  78% (27509/35267)
2026-09-17T17:23:26.4608544Z Updating files:  79% (27861/35267)
2026-09-17T17:23:26.4807712Z Updating files:  80% (28214/35267)
2026-09-17T17:23:26.5022405Z Updating files:  81% (28567/35267)
2026-09-17T17:23:26.5438980Z Updating files:  82% (28919/35267)
2026-09-17T17:23:26.5712278Z Updating files:  83% (29272/35267)
2026-09-17T17:23:26.6027064Z Updating files:  84% (29625/35267)
2026-09-17T17:23:26.7696074Z Updating files:  85% (29977/35267)
2026-09-17T17:23:26.8106100Z Updating files:  86% (30330/35267)
2026-09-17T17:23:26.8649969Z Updating files:  87% (30683/35267)
2026-09-17T17:23:27.0059974Z Updating files:  88% (31035/35267)
2026-09-17T17:23:27.0404672Z Updating files:  89% (31388/35267)
2026-09-17T17:23:27.1172424Z Updating files:  90% (31741/35267)
2026-09-17T17:23:27.1825890Z Updating files:  91% (32093/35267)
2026-09-17T17:23:27.2717267Z Updating files:  92% (32446/35267)
2026-09-17T17:23:27.3120465Z Updating files:  93% (32799/35267)
2026-09-17T17:23:27.3420174Z Updating files:  94% (33151/35267)
2026-09-17T17:23:27.3609882Z Updating files:  95% (33504/35267)
2026-09-17T17:23:27.3754299Z Updating files:  95% (33742/35267)
2026-09-17T17:23:27.4028067Z Updating files:  96% (33857/35267)
2026-09-17T17:23:27.4265309Z Updating files:  97% (34209/35267)
2026-09-17T17:23:27.4488501Z Updating files:  98% (34562/35267)
2026-09-17T17:23:27.4705102Z Updating files:  99% (34915/35267)
2026-09-17T17:23:27.4706426Z Updating files: 100% (35267/35267)
2026-09-17T17:23:27.4706914Z Updating files: 100% (35267/35267), done.
2026-09-17T17:23:27.5150182Z Switched to a new branch 'codex/lean-mf05-verification'
2026-09-17T17:23:27.5155385Z branch 'codex/lean-mf05-verification' set up to track 'origin/codex/lean-mf05-verification'.
2026-09-17T17:23:27.5256585Z ##[endgroup]
2026-09-17T17:23:27.5307785Z [command]/usr/bin/git log -1 --format=%H
2026-09-17T17:23:27.5338791Z 06b8cf49740205c4b7b0b71ee5c636855fbe26a6
2026-09-17T17:23:27.5357185Z ##[group]Removing auth
2026-09-17T17:23:27.5357872Z [command]/usr/bin/git config --local --name-only --get-regexp core\.sshCommand
2026-09-17T17:23:27.5395497Z [command]/usr/bin/git submodule foreach --recursive sh -c "git config --local --name-only --get-regexp 'core\.sshCommand' && git config --local --unset-all 'core.sshCommand' || :"
2026-09-17T17:23:27.5664644Z [command]/usr/bin/git config --local --name-only --get-regexp http\.https\:\/\/github\.com\/\.extraheader
2026-09-17T17:23:27.5697306Z http.https://github.com/.extraheader
2026-09-17T17:23:27.5707260Z [command]/usr/bin/git config --local --unset-all http.https://github.com/.extraheader
2026-09-17T17:23:27.5741960Z [command]/usr/bin/git submodule foreach --recursive sh -c "git config --local --name-only --get-regexp 'http\.https\:\/\/github\.com\/\.extraheader' && git config --local --unset-all 'http.https://github.com/.extraheader' || :"
2026-09-17T17:23:27.6003455Z [command]/usr/bin/git config --local --name-only --get-regexp ^includeIf\.gitdir:
2026-09-17T17:23:27.6040230Z [command]/usr/bin/git submodule foreach --recursive git config --local --show-origin --name-only --get-regexp remote.origin.url
2026-09-17T17:23:27.6302943Z ##[endgroup]
2026-09-17T17:23:27.6511611Z ##[group]Run python3 -m pip install -r tools/lean/requirements.txt
2026-09-17T17:23:27.6512177Z [36;1mpython3 -m pip install -r tools/lean/requirements.txt[0m
2026-09-17T17:23:27.6512637Z [36;1mpython3 tools/lean/validate_manifest.py "$LEAN_PROJECT"[0m
2026-09-17T17:23:27.6555060Z shell: /usr/bin/bash -e {0}
2026-09-17T17:23:27.6555326Z env:
2026-09-17T17:23:27.6555598Z   LEAN_PROJECT: matrix-functions-and-stability/MF-05/lean
2026-09-17T17:23:27.6555934Z ##[endgroup]
2026-09-17T17:23:28.7756706Z Defaulting to user installation because normal site-packages is not writeable
2026-09-17T17:23:29.5332152Z Collecting PyYAML==6.0.3 (from -r tools/lean/requirements.txt (line 1))
2026-09-17T17:23:29.5852075Z   Downloading pyyaml-6.0.3-cp312-cp312-manylinux2014_x86_64.manylinux_2_17_x86_64.manylinux_2_28_x86_64.whl.metadata (2.4 kB)
2026-09-17T17:23:29.6285774Z Collecting jsonschema==4.26.0 (from -r tools/lean/requirements.txt (line 2))
2026-09-17T17:23:29.6360111Z   Downloading jsonschema-4.26.0-py3-none-any.whl.metadata (7.6 kB)
2026-09-17T17:23:29.6532903Z Requirement already satisfied: attrs>=22.2.0 in /usr/lib/python3/dist-packages (from jsonschema==4.26.0->-r tools/lean/requirements.txt (line 2)) (23.2.0)
2026-09-17T17:23:29.6777213Z Collecting jsonschema-specifications>=2023.03.6 (from jsonschema==4.26.0->-r tools/lean/requirements.txt (line 2))
2026-09-17T17:23:29.6854296Z   Downloading jsonschema_specifications-2025.9.1-py3-none-any.whl.metadata (2.9 kB)
2026-09-17T17:23:29.7290877Z Collecting referencing>=0.28.4 (from jsonschema==4.26.0->-r tools/lean/requirements.txt (line 2))
2026-09-17T17:23:29.7371551Z   Downloading referencing-0.37.0-py3-none-any.whl.metadata (2.8 kB)
2026-09-17T17:23:30.0836680Z Collecting rpds-py>=0.25.0 (from jsonschema==4.26.0->-r tools/lean/requirements.txt (line 2))
2026-09-17T17:23:30.0914662Z   Downloading rpds_py-2026.6.3-cp312-cp312-manylinux_2_17_x86_64.manylinux2014_x86_64.whl.metadata (4.1 kB)
2026-09-17T17:23:30.1256169Z Requirement already satisfied: typing-extensions>=4.4.0 in /usr/lib/python3/dist-packages (from referencing>=0.28.4->jsonschema==4.26.0->-r tools/lean/requirements.txt (line 2)) (4.10.0)
2026-09-17T17:23:30.1386130Z Downloading pyyaml-6.0.3-cp312-cp312-manylinux2014_x86_64.manylinux_2_17_x86_64.manylinux_2_28_x86_64.whl (807 kB)
2026-09-17T17:23:30.1721280Z    ━━━━━━━━━━━━━━━━━━━━━━━━━━━━━━━━━━━━━━━━ 807.9/807.9 kB 25.9 MB/s eta 0:00:00
2026-09-17T17:23:30.1796619Z Downloading jsonschema-4.26.0-py3-none-any.whl (90 kB)
2026-09-17T17:23:30.1837634Z    ━━━━━━━━━━━━━━━━━━━━━━━━━━━━━━━━━━━━━━━━ 90.6/90.6 kB 35.5 MB/s eta 0:00:00
2026-09-17T17:23:30.1910049Z Downloading jsonschema_specifications-2025.9.1-py3-none-any.whl (18 kB)
2026-09-17T17:23:30.2019579Z Downloading referencing-0.37.0-py3-none-any.whl (26 kB)
2026-09-17T17:23:30.2133603Z Downloading rpds_py-2026.6.3-cp312-cp312-manylinux_2_17_x86_64.manylinux2014_x86_64.whl (366 kB)
2026-09-17T17:23:30.2188240Z    ━━━━━━━━━━━━━━━━━━━━━━━━━━━━━━━━━━━━━━━━ 366.2/366.2 kB 98.0 MB/s eta 0:00:00
2026-09-17T17:23:30.5297994Z Installing collected packages: rpds-py, PyYAML, referencing, jsonschema-specifications, jsonschema
2026-09-17T17:23:30.7052607Z Successfully installed PyYAML-6.0.3 jsonschema-4.26.0 jsonschema-specifications-2025.9.1 referencing-0.37.0 rpds-py-2026.6.3
2026-09-17T17:23:30.9431834Z Manifest schema and comparator coverage: PASS (14 declarations)
2026-09-17T17:23:30.9656072Z ##[group]Run actions/setup-go@924ae3a1cded613372ab5595356fb5720e22ba16
2026-09-17T17:23:30.9656482Z with:
2026-09-17T17:23:30.9656724Z   go-version: 1.27.1
2026-09-17T17:23:30.9656936Z   cache: false
2026-09-17T17:23:30.9657138Z   check-latest: false
2026-09-17T17:23:30.9659692Z   token: ***
2026-09-17T17:23:30.9659919Z ##[endgroup]
2026-09-17T17:23:31.0943089Z Setup go version spec 1.27.1
2026-09-17T17:23:31.0956355Z Attempting to download 1.27.1...
2026-09-17T17:23:31.5787379Z matching 1.27.1...
2026-09-17T17:23:31.5814977Z Acquiring 1.27.1 from https://github.com/actions/go-versions/releases/download/1.27.1-33583469715/go-1.27.1-linux-x64.tar.gz
2026-09-17T17:23:32.0861870Z Extracting Go...
2026-09-17T17:23:32.0998952Z [command]/usr/bin/tar xz --warning=no-unknown-keyword --overwrite -C /home/runner/work/_temp/f2d1ce8c-acc3-4728-a42c-dadf5a923057 -f /home/runner/work/_temp/dc3ff690-566c-4493-995e-dad325e97950
2026-09-17T17:23:33.7817861Z Successfully extracted go to /home/runner/work/_temp/f2d1ce8c-acc3-4728-a42c-dadf5a923057
2026-09-17T17:23:33.7818375Z Adding to the cache ...
2026-09-17T17:23:39.6445683Z Successfully cached go to /opt/hostedtoolcache/go/1.27.1/x64
2026-09-17T17:23:39.6448350Z Added go to the path
2026-09-17T17:23:39.6450868Z Successfully set up Go version 1.27.1
2026-09-17T17:23:39.6686637Z go version go1.27.1 linux/amd64
2026-09-17T17:23:39.6686961Z 
2026-09-17T17:23:39.6687420Z ##[group]go env
2026-09-17T17:23:40.3170143Z AR='ar'
2026-09-17T17:23:40.3170401Z CC='gcc'
2026-09-17T17:23:40.3170824Z CGO_CFLAGS='-O2 -g'
2026-09-17T17:23:40.3171178Z CGO_CPPFLAGS=''
2026-09-17T17:23:40.3171516Z CGO_CXXFLAGS='-O2 -g'
2026-09-17T17:23:40.3171868Z CGO_ENABLED='1'
2026-09-17T17:23:40.3172204Z CGO_FFLAGS='-O2 -g'
2026-09-17T17:23:40.3172549Z CGO_LDFLAGS='-O2 -g'
2026-09-17T17:23:40.3172906Z CXX='g++'
2026-09-17T17:23:40.3173243Z GCCGO='gccgo'
2026-09-17T17:23:40.3173583Z GO111MODULE=''
2026-09-17T17:23:40.3173899Z GOAMD64='v1'
2026-09-17T17:23:40.3174200Z GOARCH='amd64'
2026-09-17T17:23:40.3174569Z GOAUTH='netrc'
2026-09-17T17:23:40.3175187Z GOBIN='/home/runner/go/bin'
2026-09-17T17:23:40.3175670Z GOCACHE='/home/runner/.cache/go-build'
2026-09-17T17:23:40.3176175Z GOCACHEPROG=''
2026-09-17T17:23:40.3176589Z GODEBUG=''
2026-09-17T17:23:40.3176996Z GOENV='/home/runner/.config/go/env'
2026-09-17T17:23:40.3177717Z GOEXE=''
2026-09-17T17:23:40.3177922Z GOEXPERIMENT=''
2026-09-17T17:23:40.3178136Z GOFIPS140='off'
2026-09-17T17:23:40.3178336Z GOFLAGS=''
2026-09-17T17:23:40.3179046Z GOGCCFLAGS='-fPIC -m64 -pthread -Wl,--no-gc-sections -fmessage-length=0 -ffile-prefix-map=/tmp/go-build2823056056=/tmp/go-build -gno-record-gcc-switches'
2026-09-17T17:23:40.3179741Z GOHOSTARCH='amd64'
2026-09-17T17:23:40.3179959Z GOHOSTOS='linux'
2026-09-17T17:23:40.3180159Z GOINSECURE=''
2026-09-17T17:23:40.3180358Z GOMOD='/dev/null'
2026-09-17T17:23:40.3180599Z GOMODCACHE='/home/runner/go/pkg/mod'
2026-09-17T17:23:40.3180886Z GONOPROXY=''
2026-09-17T17:23:40.3181080Z GONOSUMDB=''
2026-09-17T17:23:40.3181277Z GOOS='linux'
2026-09-17T17:23:40.3181476Z GOPACKAGESDRIVER=''
2026-09-17T17:23:40.3182127Z GOPATH='/home/runner/go'
2026-09-17T17:23:40.3182899Z GOPRIVATE=''
2026-09-17T17:23:40.3183738Z GOPROXY='https://proxy.golang.org,direct'
2026-09-17T17:23:40.3184534Z GOROOT='/opt/hostedtoolcache/go/1.27.1/x64'
2026-09-17T17:23:40.3185382Z GOSUMDB='sum.golang.org'
2026-09-17T17:23:40.3185788Z GOTELEMETRY='local'
2026-09-17T17:23:40.3186246Z GOTELEMETRYDIR='/home/runner/.config/go/telemetry'
2026-09-17T17:23:40.3186785Z GOTMPDIR=''
2026-09-17T17:23:40.3187119Z GOTOOLCHAIN='local'
2026-09-17T17:23:40.3187670Z GOTOOLDIR='/opt/hostedtoolcache/go/1.27.1/x64/pkg/tool/linux_amd64'
2026-09-17T17:23:40.3188274Z GOVCS=''
2026-09-17T17:23:40.3188581Z GOVERSION='go1.27.1'
2026-09-17T17:23:40.3188950Z GOWORK=''
2026-09-17T17:23:40.3189177Z PKG_CONFIG='pkg-config'
2026-09-17T17:23:40.3189335Z 
2026-09-17T17:23:40.3190576Z ##[endgroup]
2026-09-17T17:23:40.3632977Z ##[group]Run leanprover/lean-action@96e06131c0e9943c780388fd166f55d1e2fa0433
2026-09-17T17:23:40.3633403Z with:
2026-09-17T17:23:40.3633720Z   lake-package-directory: matrix-functions-and-stability/MF-05/lean
2026-09-17T17:23:40.3634095Z   auto-config: false
2026-09-17T17:23:40.3634305Z   build: false
2026-09-17T17:23:40.3634493Z   test: false
2026-09-17T17:23:40.3634880Z   lint: false
2026-09-17T17:23:40.3635105Z   use-mathlib-cache: false
2026-09-17T17:23:40.3635341Z   use-github-cache: false
2026-09-17T17:23:40.3635563Z   mk_all-check: false
2026-09-17T17:23:40.3635796Z   check-reservoir-eligibility: false
2026-09-17T17:23:40.3636057Z   leanchecker: false
2026-09-17T17:23:40.3636264Z   lean4checker: false
2026-09-17T17:23:40.3636464Z   nanoda: false
2026-09-17T17:23:40.3636662Z   nanoda-allow-sorry: true
2026-09-17T17:23:40.3636885Z   axiom-audit: false
2026-09-17T17:23:40.3637158Z   axiom-audit-allow: propext,Classical.choice,Quot.sound
2026-09-17T17:23:40.3637580Z   reinstall-transient-toolchain: false
2026-09-17T17:23:40.3637885Z env:
2026-09-17T17:23:40.3638064Z   GOTOOLCHAIN: local
2026-09-17T17:23:40.3638266Z ##[endgroup]
2026-09-17T17:23:40.3705814Z ##[start-action display=install elan;id=__leanprover_lean-action.__run]
2026-09-17T17:23:40.3729256Z ##[group]Run : Install Elan
2026-09-17T17:23:40.3729537Z [36;1m: Install Elan[0m
2026-09-17T17:23:40.3729825Z [36;1m${GITHUB_ACTION_PATH}/scripts/install_elan.sh[0m
2026-09-17T17:23:40.3770694Z shell: /usr/bin/bash --noprofile --norc -e -o pipefail {0}
2026-09-17T17:23:40.3771045Z env:
2026-09-17T17:23:40.3771247Z   GOTOOLCHAIN: local
2026-09-17T17:23:40.3771463Z ##[endgroup]
2026-09-17T17:23:40.3865759Z ##[group]Elan Installation Output
2026-09-17T17:23:40.4501895Z info: downloading installer
2026-09-17T17:23:41.0201767Z info: downloading https://releases.lean-lang.org/lean4/v4.33.1/lean-4.33.1-linux.tar.zst
2026-09-17T17:23:44.0389692Z info: installing /home/runner/.elan/toolchains/leanprover--lean4---v4.33.1
2026-09-17T17:23:50.9869465Z Lean (version 4.33.1, x86_64-unknown-linux-gnu, commit 819816b2e0a3bf405af45ae5c7af2491d8f5bee6, Release)
2026-09-17T17:23:51.0402917Z Lake version 5.0.0-src+819816b (Lean version 4.33.1)
2026-09-17T17:23:51.0438094Z ##[endgroup]
2026-09-17T17:23:51.0438335Z 
2026-09-17T17:23:51.0460302Z ##[end-action id=__leanprover_lean-action.__run;outcome=success;conclusion=success;duration_ms=10675]
2026-09-17T17:23:51.0465438Z ##[start-action display=configure `lean-action`;id=__leanprover_lean-action.config]
2026-09-17T17:23:51.0481566Z ##[group]Run : Configure Lean Action
2026-09-17T17:23:51.0481873Z [36;1m: Configure Lean Action[0m
2026-09-17T17:23:51.0482162Z [36;1m${GITHUB_ACTION_PATH}/scripts/config.sh[0m
2026-09-17T17:23:51.0519779Z shell: /usr/bin/bash --noprofile --norc -e -o pipefail {0}
2026-09-17T17:23:51.0520130Z env:
2026-09-17T17:23:51.0520320Z   GOTOOLCHAIN: local
2026-09-17T17:23:51.0520539Z   AUTO_CONFIG: false
2026-09-17T17:23:51.0520741Z   BUILD: false
2026-09-17T17:23:51.0520939Z   TEST: false
2026-09-17T17:23:51.0521122Z   LINT: false
2026-09-17T17:23:51.0521305Z ##[endgroup]
2026-09-17T17:23:51.0916366Z ##[group]Configure lean-action
2026-09-17T17:23:51.0967958Z ##[end-action id=__leanprover_lean-action.config;outcome=success;conclusion=success;duration_ms=50]
2026-09-17T17:23:51.0972843Z ##[start-action display=reinstall transient toolchain;id=__leanprover_lean-action.__run_2]
2026-09-17T17:23:51.0979258Z ##[end-action id=__leanprover_lean-action.__run_2;outcome=skipped;conclusion=skipped;duration_ms=0]
2026-09-17T17:23:51.0982031Z ##[start-action display=ensure all files are imported;id=__leanprover_lean-action.mk_all]
2026-09-17T17:23:51.0986022Z ##[end-action id=__leanprover_lean-action.mk_all;outcome=skipped;conclusion=skipped;duration_ms=0]
2026-09-17T17:23:51.0987978Z ##[start-action display=Run actions/cache/restore@v5;id=__leanprover_lean-action.__actions_cache]
2026-09-17T17:23:51.0991526Z ##[end-action id=__leanprover_lean-action.__actions_cache;outcome=skipped;conclusion=skipped;duration_ms=0]
2026-09-17T17:23:51.0993405Z ##[start-action display=detect mathlib;id=__leanprover_lean-action.detect-mathlib]
2026-09-17T17:23:51.0997138Z ##[end-action id=__leanprover_lean-action.detect-mathlib;outcome=skipped;conclusion=skipped;duration_ms=0]
2026-09-17T17:23:51.0999003Z ##[start-action display=get mathlib cache;id=__leanprover_lean-action.__run_3]
2026-09-17T17:23:51.1014312Z ##[end-action id=__leanprover_lean-action.__run_3;outcome=skipped;conclusion=skipped;duration_ms=0]
2026-09-17T17:23:51.1041705Z ##[start-action display=build sgstepaniants/OpenProblemsInNLA;id=__leanprover_lean-action.build]
2026-09-17T17:23:51.1046607Z ##[end-action id=__leanprover_lean-action.build;outcome=skipped;conclusion=skipped;duration_ms=0]
2026-09-17T17:23:51.1048572Z ##[start-action display=Run actions/cache/save@v5;id=__leanprover_lean-action.__actions_cache_2]
2026-09-17T17:23:51.1052033Z ##[end-action id=__leanprover_lean-action.__actions_cache_2;outcome=skipped;conclusion=skipped;duration_ms=0]
2026-09-17T17:23:51.1056080Z ##[start-action display=test sgstepaniants/OpenProblemsInNLA;id=__leanprover_lean-action.test]
2026-09-17T17:23:51.1060528Z ##[end-action id=__leanprover_lean-action.test;outcome=skipped;conclusion=skipped;duration_ms=0]
2026-09-17T17:23:51.1063297Z ##[start-action display=lint sgstepaniants/OpenProblemsInNLA;id=__leanprover_lean-action.lint]
2026-09-17T17:23:51.1067950Z ##[end-action id=__leanprover_lean-action.lint;outcome=skipped;conclusion=skipped;duration_ms=0]
2026-09-17T17:23:51.1069817Z ##[start-action display=check reservoir eligibility;id=__leanprover_lean-action.__run_4]
2026-09-17T17:23:51.1073098Z ##[end-action id=__leanprover_lean-action.__run_4;outcome=skipped;conclusion=skipped;duration_ms=0]
2026-09-17T17:23:51.1076166Z ##[start-action display=check environment with leanchecker;id=__leanprover_lean-action.__run_5]
2026-09-17T17:23:51.1080881Z ##[end-action id=__leanprover_lean-action.__run_5;outcome=skipped;conclusion=skipped;duration_ms=0]
2026-09-17T17:23:51.1083195Z ##[start-action display=check environment with nanoda;id=__leanprover_lean-action.nanoda]
2026-09-17T17:23:51.1086790Z ##[end-action id=__leanprover_lean-action.nanoda;outcome=skipped;conclusion=skipped;duration_ms=0]
2026-09-17T17:23:51.1089276Z ##[start-action display=audit axioms with axiom-audit;id=__leanprover_lean-action.axiom-audit]
2026-09-17T17:23:51.1092577Z ##[end-action id=__leanprover_lean-action.axiom-audit;outcome=skipped;conclusion=skipped;duration_ms=0]
2026-09-17T17:23:51.1144322Z ##[group]Run sudo apt-get update
2026-09-17T17:23:51.1144648Z [36;1msudo apt-get update[0m
2026-09-17T17:23:51.1145298Z [36;1msudo apt-get install -y bubblewrap dbus-user-session[0m
2026-09-17T17:23:51.1145754Z [36;1msudo sysctl -w kernel.apparmor_restrict_unprivileged_userns=0[0m
2026-09-17T17:23:51.1146161Z [36;1msudo loginctl enable-linger "$(id -un)"[0m
2026-09-17T17:23:51.1146499Z [36;1msudo systemctl start "user@$(id -u).service"[0m
2026-09-17T17:23:51.1146882Z [36;1mecho "XDG_RUNTIME_DIR=/run/user/$(id -u)" >> "$GITHUB_ENV"[0m
2026-09-17T17:23:51.1147389Z [36;1mecho "DBUS_SESSION_BUS_ADDRESS=unix:path=/run/user/$(id -u)/bus" >> "$GITHUB_ENV"[0m
2026-09-17T17:23:51.1183886Z shell: /usr/bin/bash -e {0}
2026-09-17T17:23:51.1184129Z env:
2026-09-17T17:23:51.1184322Z   GOTOOLCHAIN: local
2026-09-17T17:23:51.1184537Z ##[endgroup]
2026-09-17T17:23:52.2482952Z Get:1 file:/etc/apt/apt-mirrors.txt Mirrorlist [144 B]
2026-09-17T17:23:52.3016226Z Hit:2 http://azure.archive.ubuntu.com/ubuntu noble InRelease
2026-09-17T17:23:52.3017219Z Get:6 https://packages.microsoft.com/ubuntu/24.04/prod noble InRelease [3600 B]
2026-09-17T17:23:52.3380136Z Get:3 http://azure.archive.ubuntu.com/ubuntu noble-updates InRelease [126 kB]
2026-09-17T17:23:52.3435587Z Get:4 http://azure.archive.ubuntu.com/ubuntu noble-backports InRelease [126 kB]
2026-09-17T17:23:52.3846770Z Get:5 http://azure.archive.ubuntu.com/ubuntu noble-security InRelease [126 kB]
2026-09-17T17:23:52.3898531Z Get:7 https://dl.google.com/linux/chrome-stable/deb stable InRelease [2548 B]
2026-09-17T17:23:52.5293888Z Get:8 https://packages.microsoft.com/ubuntu/24.04/prod noble/main amd64 Packages [476 kB]
2026-09-17T17:23:52.5449139Z Get:9 https://packages.microsoft.com/ubuntu/24.04/prod noble/main arm64 Packages [427 kB]
2026-09-17T17:23:52.5790158Z Get:10 http://azure.archive.ubuntu.com/ubuntu noble-updates/main amd64 Packages [1275 kB]
2026-09-17T17:23:52.5856042Z Get:11 http://azure.archive.ubuntu.com/ubuntu noble-updates/main Translation-en [294 kB]
2026-09-17T17:23:52.5872158Z Get:12 http://azure.archive.ubuntu.com/ubuntu noble-updates/main amd64 Components [181 kB]
2026-09-17T17:23:52.5886583Z Get:13 http://azure.archive.ubuntu.com/ubuntu noble-updates/universe amd64 Packages [1689 kB]
2026-09-17T17:23:52.6001378Z Get:14 http://azure.archive.ubuntu.com/ubuntu noble-updates/universe Translation-en [338 kB]
2026-09-17T17:23:52.6047229Z Get:15 http://azure.archive.ubuntu.com/ubuntu noble-updates/universe amd64 Components [388 kB]
2026-09-17T17:23:52.6076767Z Get:16 http://azure.archive.ubuntu.com/ubuntu noble-updates/restricted amd64 Packages [1580 kB]
2026-09-17T17:23:52.6131812Z Get:17 http://azure.archive.ubuntu.com/ubuntu noble-updates/restricted Translation-en [359 kB]
2026-09-17T17:23:52.6157310Z Get:18 http://azure.archive.ubuntu.com/ubuntu noble-updates/multiverse amd64 Packages [45.7 kB]
2026-09-17T17:23:52.6167410Z Get:19 http://azure.archive.ubuntu.com/ubuntu noble-updates/multiverse Translation-en [13.1 kB]
2026-09-17T17:23:52.6592163Z Get:20 http://azure.archive.ubuntu.com/ubuntu noble-updates/multiverse amd64 Components [940 B]
2026-09-17T17:23:52.6601479Z Get:21 http://azure.archive.ubuntu.com/ubuntu noble-backports/main amd64 Components [5776 B]
2026-09-17T17:23:52.6625837Z Get:22 http://azure.archive.ubuntu.com/ubuntu noble-backports/universe amd64 Components [12.6 kB]
2026-09-17T17:23:52.6988501Z Get:23 http://azure.archive.ubuntu.com/ubuntu noble-security/main amd64 Packages [1009 kB]
2026-09-17T17:23:52.7043950Z Get:24 http://azure.archive.ubuntu.com/ubuntu noble-security/main Translation-en [214 kB]
2026-09-17T17:23:52.7061610Z Get:25 http://azure.archive.ubuntu.com/ubuntu noble-security/main amd64 Components [46.4 kB]
2026-09-17T17:23:52.7074556Z Get:26 http://azure.archive.ubuntu.com/ubuntu noble-security/universe amd64 Packages [1208 kB]
2026-09-17T17:23:52.7158794Z Get:27 http://azure.archive.ubuntu.com/ubuntu noble-security/universe Translation-en [243 kB]
2026-09-17T17:23:52.7186171Z Get:28 http://azure.archive.ubuntu.com/ubuntu noble-security/universe amd64 Components [76.3 kB]
2026-09-17T17:23:52.7187462Z Get:29 http://azure.archive.ubuntu.com/ubuntu noble-security/restricted amd64 Packages [1449 kB]
2026-09-17T17:23:52.7259778Z Get:30 http://azure.archive.ubuntu.com/ubuntu noble-security/restricted Translation-en [336 kB]
2026-09-17T17:23:52.7279666Z Get:31 http://azure.archive.ubuntu.com/ubuntu noble-security/multiverse Translation-en [11.3 kB]
2026-09-17T17:23:52.7848546Z Get:32 https://dl.google.com/linux/chrome-stable/deb stable/main amd64 Packages [1409 B]
2026-09-17T17:24:01.7058870Z Fetched 12.1 MB in 2s (7517 kB/s)
2026-09-17T17:24:02.5518390Z Reading package lists...
2026-09-17T17:24:02.5824095Z Reading package lists...
2026-09-17T17:24:02.7665671Z Building dependency tree...
2026-09-17T17:24:02.7672930Z Reading state information...
2026-09-17T17:24:02.9357726Z dbus-user-session is already the newest version (1.14.10-4ubuntu4.1).
2026-09-17T17:24:02.9358613Z dbus-user-session set to manually installed.
2026-09-17T17:24:02.9359223Z The following NEW packages will be installed:
2026-09-17T17:24:02.9366761Z   bubblewrap
2026-09-17T17:24:02.9539693Z 0 upgraded, 1 newly installed, 0 to remove and 73 not upgraded.
2026-09-17T17:24:02.9540393Z Need to get 50.2 kB of archives.
2026-09-17T17:24:02.9541053Z After this operation, 133 kB of additional disk space will be used.
2026-09-17T17:24:02.9541551Z Get:1 file:/etc/apt/apt-mirrors.txt Mirrorlist [144 B]
2026-09-17T17:24:02.9723833Z Get:2 http://azure.archive.ubuntu.com/ubuntu noble-updates/main amd64 bubblewrap amd64 0.9.0-1ubuntu0.1 [50.2 kB]
2026-09-17T17:24:03.2406946Z Fetched 50.2 kB in 0s (1711 kB/s)
2026-09-17T17:24:03.3104390Z Selecting previously unselected package bubblewrap.
2026-09-17T17:24:03.3613607Z (Reading database ... 
2026-09-17T17:24:03.3614192Z (Reading database ... 5%
2026-09-17T17:24:03.3614921Z (Reading database ... 10%
2026-09-17T17:24:03.3615640Z (Reading database ... 15%
2026-09-17T17:24:03.3616152Z (Reading database ... 20%
2026-09-17T17:24:03.3616583Z (Reading database ... 25%
2026-09-17T17:24:03.3616864Z (Reading database ... 30%
2026-09-17T17:24:03.3617141Z (Reading database ... 35%
2026-09-17T17:24:03.3617413Z (Reading database ... 40%
2026-09-17T17:24:03.3617696Z (Reading database ... 45%
2026-09-17T17:24:03.3618068Z (Reading database ... 50%
2026-09-17T17:24:03.4176190Z (Reading database ... 55%
2026-09-17T17:24:03.8199836Z (Reading database ... 60%
2026-09-17T17:24:04.0804292Z (Reading database ... 65%
2026-09-17T17:24:04.3106224Z (Reading database ... 70%
2026-09-17T17:24:04.6538639Z (Reading database ... 75%
2026-09-17T17:24:05.1855803Z (Reading database ... 80%
2026-09-17T17:24:05.7402484Z (Reading database ... 85%
2026-09-17T17:24:06.4086452Z (Reading database ... 90%
2026-09-17T17:24:07.0112543Z (Reading database ... 95%
2026-09-17T17:24:07.0113059Z (Reading database ... 100%
2026-09-17T17:24:07.0113717Z (Reading database ... 201818 files and directories currently installed.)
2026-09-17T17:24:07.0159401Z Preparing to unpack .../bubblewrap_0.9.0-1ubuntu0.1_amd64.deb ...
2026-09-17T17:24:07.0188095Z Unpacking bubblewrap (0.9.0-1ubuntu0.1) ...
2026-09-17T17:24:07.0760638Z Setting up bubblewrap (0.9.0-1ubuntu0.1) ...
2026-09-17T17:24:07.0809718Z Processing triggers for man-db (2.12.0-4build2) ...
2026-09-17T17:24:07.0831538Z Not building database; man-db/auto-update is not 'true'.
2026-09-17T17:24:08.1352905Z 
2026-09-17T17:24:08.1353641Z Running kernel seems to be up-to-date.
2026-09-17T17:24:08.1354065Z 
2026-09-17T17:24:08.1354261Z No services need to be restarted.
2026-09-17T17:24:08.1354571Z 
2026-09-17T17:24:08.1355013Z No containers need to be restarted.
2026-09-17T17:24:08.1355338Z 
2026-09-17T17:24:08.1355571Z No user sessions are running outdated binaries.
2026-09-17T17:24:08.1355960Z 
2026-09-17T17:24:08.1356329Z No VM guests are running outdated hypervisor (qemu) binaries on this host.
2026-09-17T17:24:09.1021574Z kernel.apparmor_restrict_unprivileged_userns = 0
2026-09-17T17:24:09.1351565Z ##[group]Run ulimit -n 65536
2026-09-17T17:24:09.1351864Z [36;1mulimit -n 65536[0m
2026-09-17T17:24:09.1352190Z [36;1mtools/lean/bootstrap.sh "$RUNNER_TEMP/nla-lean-tools"[0m
2026-09-17T17:24:09.1352651Z [36;1mtools/lean/verify.sh "$LEAN_PROJECT" "$RUNNER_TEMP/nla-lean-tools"[0m
2026-09-17T17:24:09.1390035Z shell: /usr/bin/bash -e {0}
2026-09-17T17:24:09.1390283Z env:
2026-09-17T17:24:09.1390476Z   GOTOOLCHAIN: local
2026-09-17T17:24:09.1390717Z   XDG_RUNTIME_DIR: /run/user/1001
2026-09-17T17:24:09.1391030Z   DBUS_SESSION_BUS_ADDRESS: unix:path=/run/user/1001/bus
2026-09-17T17:24:09.1391419Z   LEAN_PROJECT: matrix-functions-and-stability/MF-05/lean
2026-09-17T17:24:09.1391742Z ##[endgroup]
2026-09-17T17:24:09.9228232Z Running elan toolchain install leanprover/lean4:v4.33.1
2026-09-17T17:24:09.9229075Z Log: /home/runner/work/_temp/nla-lean-tools/logs/bootstrap/elan.log
2026-09-17T17:24:09.9249189Z info: toolchain 'leanprover/lean4:v4.33.1' is already installed
2026-09-17T17:24:10.0159995Z Running go build -mod=readonly -buildvcs=false -o /home/runner/work/_temp/nla-lean-tools/.tools/bin/landrun ./cmd/landrun
2026-09-17T17:24:10.0161207Z Log: /home/runner/work/_temp/nla-lean-tools/logs/bootstrap/landrun-build.log
2026-09-17T17:24:10.0209116Z go: downloading github.com/urfave/cli/v3 v3.6.2
2026-09-17T17:24:10.0380937Z go: downloading github.com/landlock-lsm/go-landlock v0.9.0
2026-09-17T17:24:10.1148029Z go: downloading golang.org/x/sys v0.40.0
2026-09-17T17:24:10.1158045Z go: downloading kernel.org/pub/linux/libs/security/libcap/psx v1.2.77
2026-09-17T17:24:19.1249038Z Running lake build lean4export comparator
2026-09-17T17:24:19.1249756Z Log: /home/runner/work/_temp/nla-lean-tools/logs/bootstrap/comparator-build.log
2026-09-17T17:24:19.6666581Z ✔ [3/20] Built Comparator.Util (423ms)
2026-09-17T17:24:19.8644285Z ✔ [4/20] Built Comparator.Util:c.o (230ms)
2026-09-17T17:24:21.2686423Z ✔ [5/20] Built Export.Parse (2.1s)
2026-09-17T17:24:21.9736535Z ✔ [6/20] Built Comparator.Axioms (706ms)
2026-09-17T17:24:22.2689709Z ✔ [7/20] Built Export (3.0s)
2026-09-17T17:24:22.5726468Z ✔ [8/20] Built Comparator.Axioms:c.o (577ms)
2026-09-17T17:24:23.0736440Z ✔ [9/20] Built Comparator.Compare (1.0s)
2026-09-17T17:24:23.6756384Z ✔ [10/20] Built Comparator.Compare:c.o (634ms)
2026-09-17T17:24:24.0716290Z ✔ [11/20] Built Main (1.5s)
2026-09-17T17:24:24.1736598Z ✔ [12/20] Built Comparator (497ms)
2026-09-17T17:24:24.2726430Z ✔ [13/20] Built Comparator:c.o (99ms)
2026-09-17T17:24:24.4712242Z ✔ [14/20] Built Main:c.o (358ms)
2026-09-17T17:24:26.1745219Z ✔ [15/20] Built Export:c.o (3.0s)
2026-09-17T17:24:26.5778819Z ✔ [16/20] Built Main (2.3s)
2026-09-17T17:24:27.4856189Z ✔ [17/20] Built lean4export:exe (1.3s)
2026-09-17T17:24:27.5856514Z ✔ [18/20] Built Export.Parse:c.o (6.3s)
2026-09-17T17:24:28.0863089Z ✔ [19/20] Built Main:c.o (1.4s)
2026-09-17T17:24:28.7874992Z ✔ [20/20] Built comparator:exe (713ms)
2026-09-17T17:24:28.7885716Z Build completed successfully (20 jobs).
2026-09-17T17:24:29.0764424Z Tools built; isolation and checker controls run during verify. Receipt: /home/runner/work/_temp/nla-lean-tools/bootstrap.json
2026-09-17T17:24:29.5013443Z Running /usr/bin/timeout --kill-after=5s 45s systemd-run -p RuntimeMaxSec=40 --user --quiet --wait --pipe --collect -p 'RestrictAddressFamilies=~AF_UNIX' --working-directory /home/runner/work/_temp/nla-lean-tools /usr/bin/env -i PATH=/home/runner/.elan/toolchains/leanprover--lean4---v4.33.1/bin:/home/runner/.elan/bin:/home/runner/go/bin:/opt/hostedtoolcache/go/1.27.1/x64/bin:/snap/bin:/home/runner/.local/bin:/opt/pipx_bin:/home/runner/.cargo/bin:/home/runner/.config/composer/vendor/bin:/usr/local/.ghcup/bin:/home/runner/.dotnet/tools:/usr/local/sbin:/usr/local/bin:/usr/sbin:/usr/bin:/sbin:/bin:/usr/games:/usr/local/games:/snap/bin HOME=/home/runner LANG=C.UTF-8 XDG_RUNTIME_DIR=/run/user/1001 DBUS_SESSION_BUS_ADDRESS=unix:path=/run/user/1001/bus GIT_TERMINAL_PROMPT=0 GIT_CONFIG_NOSYSTEM=1 GIT_CONFIG_GLOBAL=/dev/null COMPARATOR_BIN=/home/runner/work/_temp/nla-lean-tools/.tools/comparator/.lake/build/bin/comparator COMPARATOR_LEAN4EXPORT=/home/runner/work/_temp/nla-lean-tools/.tools/lean4export/.lake/build/bin/lean4export COMPARATOR_LANDRUN=/home/runner/work/_temp/nla-lean-tools/scripts/strict_landrun.py XDG_CACHE_HOME=/home/runner/work/_temp/nla-lean-tools/.tools/cache TMPDIR=/home/runner/work/_temp/nla-lean-tools/.verification-tmp /usr/bin/true
2026-09-17T17:24:29.5022995Z Log: /home/runner/work/_temp/nla-lean-tools/logs/verify-20260917T172429Z-4155/user-service.log
2026-09-17T17:24:29.5445617Z Running python3 /home/runner/work/_temp/nla-lean-tools/reproduction/checks/sandbox_probe_ci.py
2026-09-17T17:24:29.5446941Z Log: /home/runner/work/_temp/nla-lean-tools/logs/verify-20260917T172429Z-4155/sandbox.log
2026-09-17T17:24:29.5787663Z START sandbox mode: build
2026-09-17T17:24:29.6692588Z START sandbox mode: export
2026-09-17T17:24:29.7574352Z START sandbox negative case: unknown option
2026-09-17T17:24:29.7960743Z START sandbox negative case: unexpected --rw
2026-09-17T17:24:29.8372035Z START sandbox negative case: unexpected --rwx
2026-09-17T17:24:29.8826816Z START sandbox negative case: relative --rwx
2026-09-17T17:24:29.9285321Z MODE build: exit=0
2026-09-17T17:24:29.9286553Z Running as unit: run-u2.service; invocation ID: bb0d8a736cf540298ab593f14e870fbc
2026-09-17T17:24:29.9287548Z PASS outside .lake write-open: denied errno=30
2026-09-17T17:24:29.9288295Z PASS outside .lake truncate: denied errno=30
2026-09-17T17:24:29.9289235Z PASS outside .lake read-only truncate-open: denied errno=30
2026-09-17T17:24:29.9290128Z PASS symlink from .lake to outside write: denied errno=30
2026-09-17T17:24:29.9290885Z PASS outside .lake creation: denied errno=30
2026-09-17T17:24:29.9291504Z PASS build .lake write: allowed
2026-09-17T17:24:29.9292012Z PASS user namespace: private
2026-09-17T17:24:29.9292566Z PASS pid namespace: private
2026-09-17T17:24:29.9293245Z PASS mnt namespace: private
2026-09-17T17:24:29.9293743Z PASS net namespace: private
2026-09-17T17:24:29.9294269Z PASS ipc namespace: private
2026-09-17T17:24:29.9295155Z PASS uts namespace: private
2026-09-17T17:24:29.9295774Z PASS host parent: absent from private /proc
2026-09-17T17:24:29.9296606Z PASS host parent signal lookup: denied errno=3
2026-09-17T17:24:29.9297440Z PASS host loopback listener: unreachable errno=13
2026-09-17T17:24:29.9298206Z PASS AF_UNIX socket creation: denied errno=97
2026-09-17T17:24:29.9299042Z PASS effective capabilities: none
2026-09-17T17:24:29.9299669Z PASS no_new_privs: set
2026-09-17T17:24:29.9300246Z Sandbox UID: 1001
2026-09-17T17:24:29.9300900Z PASS nested namespace write attempt: rejected exit=1
2026-09-17T17:24:29.9301657Z bwrap: setting up uid map: Permission denied
2026-09-17T17:24:29.9302368Z Finished with result: success
2026-09-17T17:24:29.9302931Z Main processes terminated with: code=exited/status=0
2026-09-17T17:24:29.9303578Z Service runtime: 72ms
2026-09-17T17:24:29.9304239Z CPU time consumed: 74ms
2026-09-17T17:24:29.9304969Z Memory peak: 256.0K
2026-09-17T17:24:29.9305635Z Memory swap peak: 0B
2026-09-17T17:24:29.9305919Z 
2026-09-17T17:24:29.9306166Z MODE export: exit=0
2026-09-17T17:24:29.9306918Z Running as unit: run-u3.service; invocation ID: 802ca54fb6834b35a954eb43fe9a7dc7
2026-09-17T17:24:29.9307984Z PASS outside .lake write-open: denied errno=30
2026-09-17T17:24:29.9308706Z PASS outside .lake truncate: denied errno=30
2026-09-17T17:24:29.9309542Z PASS outside .lake read-only truncate-open: denied errno=30
2026-09-17T17:24:29.9310422Z PASS symlink from .lake to outside write: denied errno=30
2026-09-17T17:24:29.9311202Z PASS outside .lake creation: denied errno=30
2026-09-17T17:24:29.9312050Z PASS export .lake write-open: denied errno=30
2026-09-17T17:24:29.9312671Z PASS export .lake truncate: denied errno=30
2026-09-17T17:24:29.9313355Z PASS user namespace: private
2026-09-17T17:24:29.9313961Z PASS pid namespace: private
2026-09-17T17:24:29.9314543Z PASS mnt namespace: private
2026-09-17T17:24:29.9315526Z PASS net namespace: private
2026-09-17T17:24:29.9316406Z PASS ipc namespace: private
2026-09-17T17:24:29.9317114Z PASS uts namespace: private
2026-09-17T17:24:29.9317760Z PASS host parent: absent from private /proc
2026-09-17T17:24:29.9318543Z PASS host parent signal lookup: denied errno=3
2026-09-17T17:24:29.9319338Z PASS host loopback listener: unreachable errno=13
2026-09-17T17:24:29.9320094Z PASS AF_UNIX socket creation: denied errno=97
2026-09-17T17:24:29.9320696Z PASS effective capabilities: none
2026-09-17T17:24:29.9321170Z PASS no_new_privs: set
2026-09-17T17:24:29.9321543Z Sandbox UID: 1001
2026-09-17T17:24:29.9321995Z PASS nested namespace write attempt: rejected exit=1
2026-09-17T17:24:29.9322580Z bwrap: setting up uid map: Permission denied
2026-09-17T17:24:29.9323085Z Finished with result: success
2026-09-17T17:24:29.9323582Z Main processes terminated with: code=exited/status=0
2026-09-17T17:24:29.9324099Z Service runtime: 72ms
2026-09-17T17:24:29.9324496Z CPU time consumed: 73ms
2026-09-17T17:24:29.9325229Z Memory peak: 256.0K
2026-09-17T17:24:29.9325597Z Memory swap peak: 0B
2026-09-17T17:24:29.9325818Z 
2026-09-17T17:24:29.9326002Z NEGATIVE unknown option: exit=2
2026-09-17T17:24:29.9326664Z Running as unit: run-u4.service; invocation ID: 02d3ba7796894271b242dcf07616e1c5
2026-09-17T17:24:29.9327706Z strict Comparator sandbox: unsupported Comparator Landrun option: --unrestricted-filesystem
2026-09-17T17:24:29.9328510Z Finished with result: exit-code
2026-09-17T17:24:29.9329036Z Main processes terminated with: code=exited/status=2
2026-09-17T17:24:29.9329573Z Service runtime: 27ms
2026-09-17T17:24:29.9329940Z CPU time consumed: 26ms
2026-09-17T17:24:29.9330343Z Memory peak: 256.0K
2026-09-17T17:24:29.9330723Z Memory swap peak: 0B
2026-09-17T17:24:29.9330950Z 
2026-09-17T17:24:29.9331143Z NEGATIVE unexpected --rw: exit=2
2026-09-17T17:24:29.9331847Z Running as unit: run-u5.service; invocation ID: b57d8c540e694d6d8797b34f76cfe372
2026-09-17T17:24:29.9332763Z strict Comparator sandbox: only private /dev may be passed with --rw
2026-09-17T17:24:29.9333422Z Finished with result: exit-code
2026-09-17T17:24:29.9333926Z Main processes terminated with: code=exited/status=2
2026-09-17T17:24:29.9334474Z Service runtime: 26ms
2026-09-17T17:24:29.9335176Z CPU time consumed: 25ms
2026-09-17T17:24:29.9335672Z Memory peak: 256.0K
2026-09-17T17:24:29.9336021Z Memory swap peak: 0B
2026-09-17T17:24:29.9336245Z 
2026-09-17T17:24:29.9336427Z NEGATIVE unexpected --rwx: exit=2
2026-09-17T17:24:29.9337082Z Running as unit: run-u6.service; invocation ID: c430567c7735464387c83c7c07ce2128
2026-09-17T17:24:29.9338012Z strict Comparator sandbox: only this project's existing .lake may be writable
2026-09-17T17:24:29.9338731Z Finished with result: exit-code
2026-09-17T17:24:29.9339251Z Main processes terminated with: code=exited/status=2
2026-09-17T17:24:29.9339810Z Service runtime: 26ms
2026-09-17T17:24:29.9340201Z CPU time consumed: 26ms
2026-09-17T17:24:29.9340575Z Memory peak: 256.0K
2026-09-17T17:24:29.9340917Z Memory swap peak: 0B
2026-09-17T17:24:29.9341158Z 
2026-09-17T17:24:29.9341352Z NEGATIVE relative --rwx: exit=2
2026-09-17T17:24:29.9342024Z Running as unit: run-u7.service; invocation ID: f3bac50d5f6d49f5af90ec5d2e315a2c
2026-09-17T17:24:29.9342964Z strict Comparator sandbox: only this project's existing .lake may be writable
2026-09-17T17:24:29.9343669Z Finished with result: exit-code
2026-09-17T17:24:29.9344199Z Main processes terminated with: code=exited/status=2
2026-09-17T17:24:29.9344974Z Service runtime: 26ms
2026-09-17T17:24:29.9345343Z CPU time consumed: 25ms
2026-09-17T17:24:29.9345708Z Memory peak: 256.0K
2026-09-17T17:24:29.9346041Z Memory swap peak: 0B
2026-09-17T17:24:29.9346247Z 
2026-09-17T17:24:29.9346674Z Outer and export fixture contents unchanged; only designated build fixture written.
2026-09-17T17:24:29.9361266Z Running bash /home/runner/work/_temp/nla-lean-tools/reproduction/checks/run_replay.sh
2026-09-17T17:24:29.9362198Z Log: /home/runner/work/_temp/nla-lean-tools/logs/verify-20260917T172429Z-4155/kernel-controls.log
2026-09-17T17:24:30.0063617Z Replay probe: RestrictAddressFamilies=~AF_UNIX (deny AF_UNIX sockets).
2026-09-17T17:24:30.0598234Z Lean (version 4.33.1, x86_64-unknown-linux-gnu, Release)
2026-09-17T17:24:30.1023341Z /home/runner/.elan/toolchains/leanprover--lean4---v4.33.1/lib/lean/Init.olean
2026-09-17T17:24:30.1024051Z /home/runner/.elan/toolchains/leanprover--lean4---v4.33.1/lib/lean/Init.olean
2026-09-17T17:24:30.1024947Z /home/runner/work/_temp/nla-lean-tools/.tools/comparator/.lake/build/lib/lean/Main.olean
2026-09-17T17:24:31.3902193Z Trusted base fixture: 11 constants
2026-09-17T17:24:31.3902588Z BEGIN honest_with_inductives_and_quotients
2026-09-17T17:24:31.3902929Z Running Lean default kernel on solution.
2026-09-17T17:24:31.3903234Z Lean default kernel accepts the solution
2026-09-17T17:24:31.3903579Z RETURN honest_with_inductives_and_quotients: accepted
2026-09-17T17:24:31.3903915Z BEGIN invalid_raw_proof
2026-09-17T17:24:31.3904163Z Running Lean default kernel on solution.
2026-09-17T17:24:31.3904452Z Lean default kernel rejects the solution
2026-09-17T17:24:31.3905652Z RETURN invalid_raw_proof: rejected: while replaying declaration 'PinnedReplayProbe.invalid':
2026-09-17T17:24:31.3906695Z (kernel) declaration type mismatch, 'PinnedReplayProbe.invalid' has type
2026-09-17T17:24:31.3907108Z   True
2026-09-17T17:24:31.3907321Z but it is expected to have type
2026-09-17T17:24:31.3907567Z   False
2026-09-17T17:24:31.3907769Z BEGIN quotient_postcheck_mismatch
2026-09-17T17:24:31.3908047Z Running Lean default kernel on solution.
2026-09-17T17:24:31.3908344Z Lean default kernel accepts the solution
2026-09-17T17:24:31.3908632Z Quotient post-check rejects the solution
2026-09-17T17:24:31.3909068Z RETURN quotient_postcheck_mismatch: rejected: Quotient constant mismatch on: Quot.lift
2026-09-17T17:24:31.3909640Z PASS: all three actual Comparator.runBuiltinKernel cases behaved as required
2026-09-17T17:24:31.4845438Z Running python3 /home/runner/work/_temp/nla-lean-tools/reproduction/checks/comparator_regressions.py
2026-09-17T17:24:31.4846759Z Log: /home/runner/work/_temp/nla-lean-tools/logs/verify-20260917T172429Z-4155/comparator-controls.log
2026-09-17T17:24:31.5183596Z Comparator regressions: RestrictAddressFamilies=~AF_UNIX; .tools/env.sh selects the real strict sandbox.
2026-09-17T17:24:31.5192460Z 
2026-09-17T17:24:31.5192681Z CASE simple_match
2026-09-17T17:24:33.5972948Z info: ComparatorRegression: no previous manifest, creating one from scratch
2026-09-17T17:24:33.5973851Z info: toolchain not updated; already up-to-date
2026-09-17T17:24:33.5974398Z Building Challenge
2026-09-17T17:24:33.5975409Z ⚠ [2/3] Built Challenge (226ms)
2026-09-17T17:24:33.5976018Z warning: Challenge.lean:1:8: declaration uses `sorry`
2026-09-17T17:24:33.5976666Z Build completed successfully (3 jobs).
2026-09-17T17:24:33.5979293Z Exporting #[Quot, Quot.mk, Quot.lift, Quot.ind, comm, propext, Quot.sound, Classical.choice, Nat.add, Nat.sub, Nat.mul, Nat.pow, Nat.gcd, Nat.div, Nat.mod, Nat.beq, Nat.ble, Nat.land, Nat.lor, Nat.xor, Nat.shiftLeft, Nat.shiftRight, String.ofList, Char.ofNat, List, eagerReduce, Nat, String, String.mk, Char, optParam, autoParam, semiOutParam, outParam] from Challenge
2026-09-17T17:24:33.5981777Z Building Solution
2026-09-17T17:24:33.5982299Z ✔ [2/3] Built Solution (260ms)
2026-09-17T17:24:33.5982789Z Build completed successfully (3 jobs).
2026-09-17T17:24:33.5985365Z Exporting #[Quot, Quot.mk, Quot.lift, Quot.ind, comm, propext, Quot.sound, Classical.choice, Nat.add, Nat.sub, Nat.mul, Nat.pow, Nat.gcd, Nat.div, Nat.mod, Nat.beq, Nat.ble, Nat.land, Nat.lor, Nat.xor, Nat.shiftLeft, Nat.shiftRight, String.ofList, Char.ofNat, List, eagerReduce, Nat, String, String.mk, Char, optParam, autoParam, semiOutParam, outParam] from Solution
2026-09-17T17:24:33.5987146Z Running Lean default kernel on solution.
2026-09-17T17:24:33.5987497Z Lean default kernel accepts the solution
2026-09-17T17:24:33.5988016Z Your solution is okay!
2026-09-17T17:24:33.5988487Z PASS simple_match: exit 0, expected 0; required phase: Your solution is okay!
2026-09-17T17:24:33.5988818Z 
2026-09-17T17:24:33.5989290Z CASE simple_mismatch
2026-09-17T17:24:35.4650641Z info: ComparatorRegression: no previous manifest, creating one from scratch
2026-09-17T17:24:35.4651523Z info: toolchain not updated; already up-to-date
2026-09-17T17:24:35.4652036Z Building Challenge
2026-09-17T17:24:35.4652511Z ⚠ [2/3] Built Challenge (227ms)
2026-09-17T17:24:35.4652834Z warning: Challenge.lean:1:8: declaration uses `sorry`
2026-09-17T17:24:35.4653188Z Build completed successfully (3 jobs).
2026-09-17T17:24:35.4654621Z Exporting #[Quot, Quot.mk, Quot.lift, Quot.ind, comm, propext, Quot.sound, Classical.choice, Nat.add, Nat.sub, Nat.mul, Nat.pow, Nat.gcd, Nat.div, Nat.mod, Nat.beq, Nat.ble, Nat.land, Nat.lor, Nat.xor, Nat.shiftLeft, Nat.shiftRight, String.ofList, Char.ofNat, List, eagerReduce, Nat, String, String.mk, Char, optParam, autoParam, semiOutParam, outParam] from Challenge
2026-09-17T17:24:35.4656307Z Building Solution
2026-09-17T17:24:35.4656598Z ✔ [2/3] Built Solution (226ms)
2026-09-17T17:24:35.4656909Z Build completed successfully (3 jobs).
2026-09-17T17:24:35.4658359Z Exporting #[Quot, Quot.mk, Quot.lift, Quot.ind, comm, propext, Quot.sound, Classical.choice, Nat.add, Nat.sub, Nat.mul, Nat.pow, Nat.gcd, Nat.div, Nat.mod, Nat.beq, Nat.ble, Nat.land, Nat.lor, Nat.xor, Nat.shiftLeft, Nat.shiftRight, String.ofList, Char.ofNat, List, eagerReduce, Nat, String, String.mk, Char, optParam, autoParam, semiOutParam, outParam] from Solution
2026-09-17T17:24:35.4660080Z uncaught exception: Challenge and solution constant kind don't match: 'comm'
2026-09-17T17:24:35.4660762Z PASS simple_mismatch: exit 1, expected 1; required phase: Challenge and solution constant kind don't match: 'comm'
2026-09-17T17:24:35.4661211Z 
2026-09-17T17:24:35.4661306Z CASE simple_axiom_issue
2026-09-17T17:24:37.3508480Z info: ComparatorRegression: no previous manifest, creating one from scratch
2026-09-17T17:24:37.3509309Z info: toolchain not updated; already up-to-date
2026-09-17T17:24:37.3509830Z Building Challenge
2026-09-17T17:24:37.3510556Z ⚠ [2/3] Built Challenge (227ms)
2026-09-17T17:24:37.3511089Z warning: Challenge.lean:1:8: declaration uses `sorry`
2026-09-17T17:24:37.3511643Z Build completed successfully (3 jobs).
2026-09-17T17:24:37.3513158Z Exporting #[Quot, Quot.mk, Quot.lift, Quot.ind, comm, propext, Quot.sound, Classical.choice, Nat.add, Nat.sub, Nat.mul, Nat.pow, Nat.gcd, Nat.div, Nat.mod, Nat.beq, Nat.ble, Nat.land, Nat.lor, Nat.xor, Nat.shiftLeft, Nat.shiftRight, String.ofList, Char.ofNat, List, eagerReduce, Nat, String, String.mk, Char, optParam, autoParam, semiOutParam, outParam] from Challenge
2026-09-17T17:24:37.3514597Z Building Solution
2026-09-17T17:24:37.3515046Z ✔ [2/3] Built Solution (226ms)
2026-09-17T17:24:37.3515335Z Build completed successfully (3 jobs).
2026-09-17T17:24:37.3517668Z Exporting #[Quot, Quot.mk, Quot.lift, Quot.ind, comm, propext, Quot.sound, Classical.choice, Nat.add, Nat.sub, Nat.mul, Nat.pow, Nat.gcd, Nat.div, Nat.mod, Nat.beq, Nat.ble, Nat.land, Nat.lor, Nat.xor, Nat.shiftLeft, Nat.shiftRight, String.ofList, Char.ofNat, List, eagerReduce, Nat, String, String.mk, Char, optParam, autoParam, semiOutParam, outParam] from Solution
2026-09-17T17:24:37.3519316Z uncaught exception: Illegal axiom detected: 'helper'
2026-09-17T17:24:37.3519830Z PASS simple_axiom_issue: exit 1, expected 1; required phase: Illegal axiom detected: 'helper'
2026-09-17T17:24:37.3520206Z 
2026-09-17T17:24:37.3520312Z CASE simple_kind_mismatch
2026-09-17T17:24:39.2692538Z info: ComparatorRegression: no previous manifest, creating one from scratch
2026-09-17T17:24:39.2693465Z info: toolchain not updated; already up-to-date
2026-09-17T17:24:39.2694036Z Building Challenge
2026-09-17T17:24:39.2694976Z ⚠ [2/3] Built Challenge (235ms)
2026-09-17T17:24:39.2695564Z warning: Challenge.lean:1:8: declaration uses `sorry`
2026-09-17T17:24:39.2696199Z Build completed successfully (3 jobs).
2026-09-17T17:24:39.2699146Z Exporting #[Quot, Quot.mk, Quot.lift, Quot.ind, comm, propext, Quot.sound, Classical.choice, Nat.add, Nat.sub, Nat.mul, Nat.pow, Nat.gcd, Nat.div, Nat.mod, Nat.beq, Nat.ble, Nat.land, Nat.lor, Nat.xor, Nat.shiftLeft, Nat.shiftRight, String.ofList, Char.ofNat, List, eagerReduce, Nat, String, String.mk, Char, optParam, autoParam, semiOutParam, outParam] from Challenge
2026-09-17T17:24:39.2702007Z Building Solution
2026-09-17T17:24:39.2702526Z ✔ [2/3] Built Solution (231ms)
2026-09-17T17:24:39.2703022Z Build completed successfully (3 jobs).
2026-09-17T17:24:39.2705315Z Exporting #[Quot, Quot.mk, Quot.lift, Quot.ind, comm, propext, Quot.sound, Classical.choice, Nat.add, Nat.sub, Nat.mul, Nat.pow, Nat.gcd, Nat.div, Nat.mod, Nat.beq, Nat.ble, Nat.land, Nat.lor, Nat.xor, Nat.shiftLeft, Nat.shiftRight, String.ofList, Char.ofNat, List, eagerReduce, Nat, String, String.mk, Char, optParam, autoParam, semiOutParam, outParam] from Solution
2026-09-17T17:24:39.2706702Z uncaught exception: Illegal axiom detected: 'helper'
2026-09-17T17:24:39.2707220Z PASS simple_kind_mismatch: exit 1, expected 1; required phase: Illegal axiom detected: 'helper'
2026-09-17T17:24:39.2707613Z 
2026-09-17T17:24:39.2707711Z CASE type_mismatch
2026-09-17T17:24:41.1446550Z info: ComparatorRegression: no previous manifest, creating one from scratch
2026-09-17T17:24:41.1447459Z info: toolchain not updated; already up-to-date
2026-09-17T17:24:41.1448035Z Building Challenge
2026-09-17T17:24:41.1448731Z ✔ [2/3] Built Challenge (237ms)
2026-09-17T17:24:41.1449240Z Build completed successfully (3 jobs).
2026-09-17T17:24:41.1451810Z Exporting #[Quot, Quot.mk, Quot.lift, Quot.ind, checked, propext, Quot.sound, Classical.choice, Nat.add, Nat.sub, Nat.mul, Nat.pow, Nat.gcd, Nat.div, Nat.mod, Nat.beq, Nat.ble, Nat.land, Nat.lor, Nat.xor, Nat.shiftLeft, Nat.shiftRight, String.ofList, Char.ofNat, List, eagerReduce, Nat, String, String.mk, Char, optParam, autoParam, semiOutParam, outParam] from Challenge
2026-09-17T17:24:41.1456616Z Building Solution
2026-09-17T17:24:41.1457155Z ✔ [2/3] Built Solution (229ms)
2026-09-17T17:24:41.1457656Z Build completed successfully (3 jobs).
2026-09-17T17:24:41.1460323Z Exporting #[Quot, Quot.mk, Quot.lift, Quot.ind, checked, propext, Quot.sound, Classical.choice, Nat.add, Nat.sub, Nat.mul, Nat.pow, Nat.gcd, Nat.div, Nat.mod, Nat.beq, Nat.ble, Nat.land, Nat.lor, Nat.xor, Nat.shiftLeft, Nat.shiftRight, String.ofList, Char.ofNat, List, eagerReduce, Nat, String, String.mk, Char, optParam, autoParam, semiOutParam, outParam] from Solution
2026-09-17T17:24:41.1463170Z uncaught exception: Challenge and solution theorem statement do not match: 'checked'
2026-09-17T17:24:41.1464482Z PASS type_mismatch: exit 1, expected 1; required phase: Challenge and solution theorem statement do not match: 'checked'
2026-09-17T17:24:41.1492860Z PASS: all five Comparator regressions
2026-09-17T17:24:41.1588521Z Running systemd-run --user --quiet --wait --pipe --collect -p 'RestrictAddressFamilies=~AF_UNIX' --working-directory /home/runner/work/_temp/nla-lean-tools/.verification-tmp/nla-axiom-83yu4nxk /usr/bin/env -i PATH=/home/runner/.elan/toolchains/leanprover--lean4---v4.33.1/bin:/home/runner/.elan/bin:/home/runner/go/bin:/opt/hostedtoolcache/go/1.27.1/x64/bin:/snap/bin:/home/runner/.local/bin:/opt/pipx_bin:/home/runner/.cargo/bin:/home/runner/.config/composer/vendor/bin:/usr/local/.ghcup/bin:/home/runner/.dotnet/tools:/usr/local/sbin:/usr/local/bin:/usr/sbin:/usr/bin:/sbin:/bin:/usr/games:/usr/local/games:/snap/bin HOME=/home/runner LANG=C.UTF-8 XDG_RUNTIME_DIR=/run/user/1001 DBUS_SESSION_BUS_ADDRESS=unix:path=/run/user/1001/bus GIT_TERMINAL_PROMPT=0 GIT_CONFIG_NOSYSTEM=1 GIT_CONFIG_GLOBAL=/dev/null COMPARATOR_BIN=/home/runner/work/_temp/nla-lean-tools/.tools/comparator/.lake/build/bin/comparator COMPARATOR_LEAN4EXPORT=/home/runner/work/_temp/nla-lean-tools/.tools/lean4export/.lake/build/bin/lean4export COMPARATOR_LANDRUN=/home/runner/work/_temp/nla-lean-tools/scripts/strict_landrun.py XDG_CACHE_HOME=/home/runner/work/_temp/nla-lean-tools/.tools/cache TMPDIR=/home/runner/work/_temp/nla-lean-tools/.verification-tmp lake env /home/runner/work/_temp/nla-lean-tools/.tools/comparator/.lake/build/bin/comparator comparator.json
2026-09-17T17:24:41.1598284Z Log: /home/runner/work/_temp/nla-lean-tools/logs/verify-20260917T172429Z-4155/negative-sorry.log
2026-09-17T17:24:41.2908055Z info: NlaAxiomFixture: no previous manifest, creating one from scratch
2026-09-17T17:24:41.2908774Z info: toolchain not updated; already up-to-date
2026-09-17T17:24:41.3624049Z Building Challenge
2026-09-17T17:24:42.3560043Z ✔ [2/3] Built Challenge (822ms)
2026-09-17T17:24:42.3563877Z Build completed successfully (3 jobs).
2026-09-17T17:24:43.3124473Z Exporting #[Quot, Quot.mk, Quot.lift, Quot.ind, checked, Classical.choice, Quot.sound, propext, Nat.add, Nat.sub, Nat.mul, Nat.pow, Nat.gcd, Nat.div, Nat.mod, Nat.beq, Nat.ble, Nat.land, Nat.lor, Nat.xor, Nat.shiftLeft, Nat.shiftRight, String.ofList, Char.ofNat, List, eagerReduce, Nat, String, String.mk, Char, optParam, autoParam, semiOutParam, outParam] from Challenge
2026-09-17T17:24:43.3127941Z Building Solution
2026-09-17T17:24:44.3109525Z ⚠ [2/3] Built Solution (830ms)
2026-09-17T17:24:44.3110590Z warning: Solution.lean:2:8: declaration uses `sorry`
2026-09-17T17:24:44.3135285Z Build completed successfully (3 jobs).
2026-09-17T17:24:45.3384629Z Exporting #[Quot, Quot.mk, Quot.lift, Quot.ind, checked, Classical.choice, Quot.sound, propext, Nat.add, Nat.sub, Nat.mul, Nat.pow, Nat.gcd, Nat.div, Nat.mod, Nat.beq, Nat.ble, Nat.land, Nat.lor, Nat.xor, Nat.shiftLeft, Nat.shiftRight, String.ofList, Char.ofNat, List, eagerReduce, Nat, String, String.mk, Char, optParam, autoParam, semiOutParam, outParam] from Solution
2026-09-17T17:24:45.3387046Z uncaught exception: Illegal axiom detected: 'sorryAx'
2026-09-17T17:24:45.3492065Z Running systemd-run --user --quiet --wait --pipe --collect -p 'RestrictAddressFamilies=~AF_UNIX' --working-directory /home/runner/work/_temp/nla-lean-tools/.verification-tmp/nla-axiom-m4acagyt /usr/bin/env -i PATH=/home/runner/.elan/toolchains/leanprover--lean4---v4.33.1/bin:/home/runner/.elan/bin:/home/runner/go/bin:/opt/hostedtoolcache/go/1.27.1/x64/bin:/snap/bin:/home/runner/.local/bin:/opt/pipx_bin:/home/runner/.cargo/bin:/home/runner/.config/composer/vendor/bin:/usr/local/.ghcup/bin:/home/runner/.dotnet/tools:/usr/local/sbin:/usr/local/bin:/usr/sbin:/usr/bin:/sbin:/bin:/usr/games:/usr/local/games:/snap/bin HOME=/home/runner LANG=C.UTF-8 XDG_RUNTIME_DIR=/run/user/1001 DBUS_SESSION_BUS_ADDRESS=unix:path=/run/user/1001/bus GIT_TERMINAL_PROMPT=0 GIT_CONFIG_NOSYSTEM=1 GIT_CONFIG_GLOBAL=/dev/null COMPARATOR_BIN=/home/runner/work/_temp/nla-lean-tools/.tools/comparator/.lake/build/bin/comparator COMPARATOR_LEAN4EXPORT=/home/runner/work/_temp/nla-lean-tools/.tools/lean4export/.lake/build/bin/lean4export COMPARATOR_LANDRUN=/home/runner/work/_temp/nla-lean-tools/scripts/strict_landrun.py XDG_CACHE_HOME=/home/runner/work/_temp/nla-lean-tools/.tools/cache TMPDIR=/home/runner/work/_temp/nla-lean-tools/.verification-tmp lake env /home/runner/work/_temp/nla-lean-tools/.tools/comparator/.lake/build/bin/comparator comparator.json
2026-09-17T17:24:45.3497780Z Log: /home/runner/work/_temp/nla-lean-tools/logs/verify-20260917T172429Z-4155/negative-native.log
2026-09-17T17:24:45.4033623Z info: NlaAxiomFixture: no previous manifest, creating one from scratch
2026-09-17T17:24:45.4034379Z info: toolchain not updated; already up-to-date
2026-09-17T17:24:45.4722564Z Building Challenge
2026-09-17T17:24:46.4679583Z ✔ [2/3] Built Challenge (841ms)
2026-09-17T17:24:46.4683597Z Build completed successfully (3 jobs).
2026-09-17T17:24:47.4090589Z Exporting #[Quot, Quot.mk, Quot.lift, Quot.ind, checked, Classical.choice, Quot.sound, propext, Nat.add, Nat.sub, Nat.mul, Nat.pow, Nat.gcd, Nat.div, Nat.mod, Nat.beq, Nat.ble, Nat.land, Nat.lor, Nat.xor, Nat.shiftLeft, Nat.shiftRight, String.ofList, Char.ofNat, List, eagerReduce, Nat, String, String.mk, Char, optParam, autoParam, semiOutParam, outParam] from Challenge
2026-09-17T17:24:47.4092715Z Building Solution
2026-09-17T17:24:48.4023829Z ✔ [2/3] Built Solution (821ms)
2026-09-17T17:24:48.4035581Z Build completed successfully (3 jobs).
2026-09-17T17:24:49.4145817Z Exporting #[Quot, Quot.mk, Quot.lift, Quot.ind, checked, Classical.choice, Quot.sound, propext, Nat.add, Nat.sub, Nat.mul, Nat.pow, Nat.gcd, Nat.div, Nat.mod, Nat.beq, Nat.ble, Nat.land, Nat.lor, Nat.xor, Nat.shiftLeft, Nat.shiftRight, String.ofList, Char.ofNat, List, eagerReduce, Nat, String, String.mk, Char, optParam, autoParam, semiOutParam, outParam] from Solution
2026-09-17T17:24:49.4148165Z uncaught exception: Illegal axiom detected: 'checked._native.native_decide.ax_1_1'
2026-09-17T17:24:49.8169235Z Running lake env true
2026-09-17T17:24:49.8169920Z Log: /home/runner/work/_temp/nla-lean-tools/logs/verify-20260917T172429Z-4155/dependencies.log
2026-09-17T17:24:49.8537329Z info: leancert: cloning https://github.com/alerad/leancert
2026-09-17T17:24:50.5907292Z info: leancert: checking out revision '621a43d7cf21f87872392a01e874f2f1dbddc926'
2026-09-17T17:24:50.6260082Z info: mathlib: cloning https://github.com/leanprover-community/mathlib4.git
2026-09-17T17:25:21.9214237Z info: mathlib: checking out revision '0df444a360eaa60ab8c11dca51a86af692955474'
2026-09-17T17:25:24.0905926Z info: plausible: cloning https://github.com/leanprover-community/plausible
2026-09-17T17:25:24.3521371Z info: plausible: checking out revision 'b7eb3304aeae834b12dda98993a37f6a41f6f0bb'
2026-09-17T17:25:24.3647299Z info: LeanSearchClient: cloning https://github.com/leanprover-community/LeanSearchClient
2026-09-17T17:25:24.6573339Z info: LeanSearchClient: checking out revision '5f4d51b81cbd3f6b32b156bfad9056621a040404'
2026-09-17T17:25:24.6700390Z info: importGraph: cloning https://github.com/leanprover-community/import-graph
2026-09-17T17:25:25.5932836Z info: importGraph: checking out revision '16f02aa7642864af59f1ff0e384a015994db9118'
2026-09-17T17:25:25.6098533Z info: proofwidgets: cloning https://github.com/leanprover-community/ProofWidgets4
2026-09-17T17:25:26.1185072Z info: proofwidgets: checking out revision '4be2e3d5087eeb272cf5a8853b8f9dd025ef5957'
2026-09-17T17:25:26.7753468Z info: aesop: cloning https://github.com/leanprover-community/aesop
2026-09-17T17:25:27.3945511Z info: aesop: checking out revision '3448c0bcc5ce01b2d1546e483ec3620e32df3d0e'
2026-09-17T17:25:27.4133506Z info: Qq: cloning https://github.com/leanprover-community/quote4
2026-09-17T17:25:27.7007043Z info: Qq: checking out revision '92c15be17b7caf78c2ad767ec40f89052d908d81'
2026-09-17T17:25:27.7130777Z info: batteries: cloning https://github.com/leanprover-community/batteries
2026-09-17T17:25:29.8963747Z info: batteries: checking out revision '4488d40d070b9700d4d5a6aa342f0d40c31b2a2d'
2026-09-17T17:25:29.9221421Z info: Cli: cloning https://github.com/leanprover/lean4-cli
2026-09-17T17:25:30.2112892Z info: Cli: checking out revision '6130a47896ce867c6a4a55373441e59e565bad0f'
2026-09-17T17:25:30.3270225Z Running lake exe cache get
2026-09-17T17:25:30.3271411Z Log: /home/runner/work/_temp/nla-lean-tools/logs/verify-20260917T172429Z-4155/mathlib-cache.log
2026-09-17T17:25:31.3056120Z ✔ [2/26] Built Cache.Cli (358ms)
2026-09-17T17:25:31.5059267Z ✔ [5/26] Built Cache.Lean (539ms)
2026-09-17T17:25:31.5085844Z ✔ [6/26] Built Cache.Cli:c.o (204ms)
2026-09-17T17:25:31.7062128Z ✔ [7/26] Built Cache.Lean:c.o (183ms)
2026-09-17T17:25:31.9065457Z ✔ [8/26] Built Cache.Infra (580ms)
2026-09-17T17:25:32.1067463Z ✔ [9/26] Built Cache.Infra:c.o (256ms)
2026-09-17T17:25:32.4064534Z ✔ [10/26] Built Batteries.Tactic.OpenPrivate (1.1s)
2026-09-17T17:25:33.9083350Z ✔ [11/26] Built Batteries.Tactic.OpenPrivate:c.o (1.5s)
2026-09-17T17:25:34.0088404Z ✔ [12/26] Built Cache.IO (1.6s)
2026-09-17T17:25:34.8118687Z ✔ [13/26] Built Cache.Hashing (816ms)
2026-09-17T17:25:35.5126915Z ✔ [14/26] Built Cache.Hashing:c.o (745ms)
2026-09-17T17:25:36.1126940Z ✔ [15/26] Built Cache.IO:c.o (2.1s)
2026-09-17T17:25:36.9128762Z ✔ [16/26] Built Cache.Requests (2.1s)
2026-09-17T17:25:37.5146171Z ✔ [17/26] Built Cache.Marker (618ms)
2026-09-17T17:25:37.7141009Z ✔ [18/26] Built Cache.Marker:c.o (192ms)
2026-09-17T17:25:38.3166273Z ✔ [19/26] Built Cache.Query (799ms)
2026-09-17T17:25:38.7153973Z ✔ [20/26] Built Cache.Query:c.o (346ms)
2026-09-17T17:25:39.1219279Z ✔ [21/26] Built Cache.Warning (839ms)
2026-09-17T17:25:39.4212599Z ✔ [22/26] Built Cache.Warning:c.o (304ms)
2026-09-17T17:25:40.3223063Z ✔ [23/26] Built Cache.Requests:c.o (3.4s)
2026-09-17T17:25:40.4223939Z ✔ [24/26] Built Cache.Main (1.3s)
2026-09-17T17:25:41.4237242Z ✔ [25/26] Built Cache.Main:c.o (984ms)
2026-09-17T17:25:42.2245970Z ✔ [26/26] Built cache:exe (754ms)
2026-09-17T17:25:45.1048936Z Current branch: HEAD
2026-09-17T17:25:45.1049552Z Using cache from origin: (some leanprover-community/mathlib4)
2026-09-17T17:25:45.1050557Z Attempting to download 8690 file(s) from leanprover-community/mathlib4 cache at https://lakecache.blob.core.windows.net/mathlib4-master
2026-09-17T17:25:46.3492371Z 
2026-09-17T17:25:46.4569607Z Downloaded: 1 file(s) [attempted 1/8690 = 0%, 16 KB/s], Decompressed: 0
2026-09-17T17:25:46.5575985Z Downloaded: 92 file(s) [attempted 92/8690 = 1%, 681 KB/s], Decompressed: 12
2026-09-17T17:25:46.6608204Z Downloaded: 207 file(s) [attempted 207/8690 = 2%, 1327 KB/s], Decompressed: 41
2026-09-17T17:25:46.7610356Z Downloaded: 317 file(s) [attempted 317/8690 = 3%, 1253 KB/s], Decompressed: 41
2026-09-17T17:25:46.8622489Z Downloaded: 438 file(s) [attempted 438/8690 = 5%, 461 KB/s], Decompressed: 41
2026-09-17T17:25:46.9619048Z Downloaded: 555 file(s) [attempted 555/8690 = 6%, 239 KB/s], Decompressed: 133
2026-09-17T17:25:47.0633723Z Downloaded: 673 file(s) [attempted 673/8690 = 7%, 577 KB/s], Decompressed: 133
2026-09-17T17:25:47.1639746Z Downloaded: 800 file(s) [attempted 800/8690 = 9%, 2460 KB/s], Decompressed: 133
2026-09-17T17:25:47.2668300Z Downloaded: 923 file(s) [attempted 923/8690 = 10%, 1254 KB/s], Decompressed: 133
2026-09-17T17:25:47.3679632Z Downloaded: 1051 file(s) [attempted 1051/8690 = 12%, 658 KB/s], Decompressed: 133
2026-09-17T17:25:47.4706175Z Downloaded: 1177 file(s) [attempted 1177/8690 = 13%, 3456 KB/s], Decompressed: 133
2026-09-17T17:25:47.5699580Z Downloaded: 1294 file(s) [attempted 1294/8690 = 14%, 1776 KB/s], Decompressed: 133
2026-09-17T17:25:47.6715121Z Downloaded: 1422 file(s) [attempted 1422/8690 = 16%, 378 KB/s], Decompressed: 133
2026-09-17T17:25:47.7726044Z Downloaded: 1548 file(s) [attempted 1548/8690 = 17%, 517 KB/s], Decompressed: 133
2026-09-17T17:25:47.8742076Z Downloaded: 1673 file(s) [attempted 1673/8690 = 19%, 160 KB/s], Decompressed: 133
2026-09-17T17:25:47.9753755Z Downloaded: 1806 file(s) [attempted 1806/8690 = 20%, 790 KB/s], Decompressed: 133
2026-09-17T17:25:48.0756921Z Downloaded: 1934 file(s) [attempted 1934/8690 = 22%, 4739 KB/s], Decompressed: 133
2026-09-17T17:25:48.1762626Z Downloaded: 2060 file(s) [attempted 2060/8690 = 23%, 2480 KB/s], Decompressed: 481
2026-09-17T17:25:48.2770166Z Downloaded: 2176 file(s) [attempted 2176/8690 = 25%, 381 KB/s], Decompressed: 481
2026-09-17T17:25:48.3770162Z Downloaded: 2308 file(s) [attempted 2308/8690 = 26%, 644 KB/s], Decompressed: 481
2026-09-17T17:25:48.4802295Z Downloaded: 2435 file(s) [attempted 2435/8690 = 28%, 297 KB/s], Decompressed: 481
2026-09-17T17:25:48.5841491Z Downloaded: 2558 file(s) [attempted 2558/8690 = 29%, 539 KB/s], Decompressed: 481
2026-09-17T17:25:48.6836199Z Downloaded: 2691 file(s) [attempted 2691/8690 = 30%, 90 KB/s], Decompressed: 481
2026-09-17T17:25:48.7867618Z Downloaded: 2814 file(s) [attempted 2814/8690 = 32%, 251 KB/s], Decompressed: 481
2026-09-17T17:25:48.8915708Z Downloaded: 2938 file(s) [attempted 2938/8690 = 33%, 3073 KB/s], Decompressed: 481
2026-09-17T17:25:48.9936120Z Downloaded: 3061 file(s) [attempted 3061/8690 = 35%, 2723 KB/s], Decompressed: 481
2026-09-17T17:25:49.0933693Z Downloaded: 3180 file(s) [attempted 3180/8690 = 36%, 237 KB/s], Decompressed: 481
2026-09-17T17:25:49.1948334Z Downloaded: 3308 file(s) [attempted 3308/8690 = 38%, 408 KB/s], Decompressed: 481
2026-09-17T17:25:49.2966152Z Downloaded: 3434 file(s) [attempted 3434/8690 = 39%, 2323 KB/s], Decompressed: 481
2026-09-17T17:25:49.3975666Z Downloaded: 3567 file(s) [attempted 3567/8690 = 41%, 2251 KB/s], Decompressed: 481
2026-09-17T17:25:49.5022606Z Downloaded: 3688 file(s) [attempted 3688/8690 = 42%, 5331 KB/s], Decompressed: 481
2026-09-17T17:25:49.6011103Z Downloaded: 3821 file(s) [attempted 3821/8690 = 43%, 172 KB/s], Decompressed: 481
2026-09-17T17:25:49.7017830Z Downloaded: 3949 file(s) [attempted 3949/8690 = 45%, 2615 KB/s], Decompressed: 481
2026-09-17T17:25:49.8026140Z Downloaded: 4077 file(s) [attempted 4077/8690 = 46%, 190 KB/s], Decompressed: 481
2026-09-17T17:25:49.9024536Z Downloaded: 4207 file(s) [attempted 4207/8690 = 48%, 486 KB/s], Decompressed: 481
2026-09-17T17:25:50.0038190Z Downloaded: 4335 file(s) [attempted 4335/8690 = 49%, 145 KB/s], Decompressed: 481
2026-09-17T17:25:50.1028049Z Downloaded: 4468 file(s) [attempted 4468/8690 = 51%, 1832 KB/s], Decompressed: 481
2026-09-17T17:25:50.2086338Z Downloaded: 4590 file(s) [attempted 4590/8690 = 52%, 1118 KB/s], Decompressed: 481
2026-09-17T17:25:50.3069333Z Downloaded: 4719 file(s) [attempted 4719/8690 = 54%, 155 KB/s], Decompressed: 481
2026-09-17T17:25:50.4079579Z Downloaded: 4853 file(s) [attempted 4853/8690 = 55%, 546 KB/s], Decompressed: 481
2026-09-17T17:25:50.5081895Z Downloaded: 4982 file(s) [attempted 4982/8690 = 57%, 883 KB/s], Decompressed: 481
2026-09-17T17:25:50.6095425Z Downloaded: 5081 file(s) [attempted 5081/8690 = 58%, 225 KB/s], Decompressed: 481
2026-09-17T17:25:50.7137682Z Downloaded: 5204 file(s) [attempted 5204/8690 = 59%, 202 KB/s], Decompressed: 481
2026-09-17T17:25:50.8140483Z Downloaded: 5314 file(s) [attempted 5314/8690 = 61%, 1607 KB/s], Decompressed: 481
2026-09-17T17:25:50.9146279Z Downloaded: 5433 file(s) [attempted 5433/8690 = 62%, 1068 KB/s], Decompressed: 481
2026-09-17T17:25:51.0180823Z Downloaded: 5561 file(s) [attempted 5561/8690 = 63%, 1186 KB/s], Decompressed: 481
2026-09-17T17:25:51.1195869Z Downloaded: 5682 file(s) [attempted 5682/8690 = 65%, 699 KB/s], Decompressed: 481
2026-09-17T17:25:51.2196589Z Downloaded: 5806 file(s) [attempted 5806/8690 = 66%, 8225 KB/s], Decompressed: 481
2026-09-17T17:25:51.3265628Z Downloaded: 5918 file(s) [attempted 5918/8690 = 68%, 453 KB/s], Decompressed: 481
2026-09-17T17:25:51.4374541Z Downloaded: 6011 file(s) [attempted 6011/8690 = 69%, 1718 KB/s], Decompressed: 481
2026-09-17T17:25:51.5367928Z Downloaded: 6133 file(s) [attempted 6133/8690 = 70%, 1379 KB/s], Decompressed: 481
2026-09-17T17:25:51.6373599Z Downloaded: 6253 file(s) [attempted 6253/8690 = 71%, 773 KB/s], Decompressed: 481
2026-09-17T17:25:51.7376231Z Downloaded: 6373 file(s) [attempted 6373/8690 = 73%, 1439 KB/s], Decompressed: 481
2026-09-17T17:25:51.8376193Z Downloaded: 6503 file(s) [attempted 6503/8690 = 74%, 410 KB/s], Decompressed: 481
2026-09-17T17:25:51.9396518Z Downloaded: 6623 file(s) [attempted 6623/8690 = 76%, 183 KB/s], Decompressed: 481
2026-09-17T17:25:52.0399946Z Downloaded: 6745 file(s) [attempted 6745/8690 = 77%, 106 KB/s], Decompressed: 481
2026-09-17T17:25:52.1406162Z Downloaded: 6867 file(s) [attempted 6867/8690 = 79%, 232 KB/s], Decompressed: 481
2026-09-17T17:25:52.2398839Z Downloaded: 6997 file(s) [attempted 6997/8690 = 80%, 5037 KB/s], Decompressed: 481
2026-09-17T17:25:52.3394595Z Downloaded: 7123 file(s) [attempted 7123/8690 = 81%, 766 KB/s], Decompressed: 481
2026-09-17T17:25:52.4417490Z Downloaded: 7237 file(s) [attempted 7237/8690 = 83%, 713 KB/s], Decompressed: 481
2026-09-17T17:25:52.5436158Z Downloaded: 7365 file(s) [attempted 7365/8690 = 84%, 151 KB/s], Decompressed: 481
2026-09-17T17:25:52.6422144Z Downloaded: 7495 file(s) [attempted 7495/8690 = 86%, 703 KB/s], Decompressed: 481
2026-09-17T17:25:52.7436250Z Downloaded: 7621 file(s) [attempted 7621/8690 = 87%, 2048 KB/s], Decompressed: 481
2026-09-17T17:25:52.8435236Z Downloaded: 7755 file(s) [attempted 7755/8690 = 89%, 409 KB/s], Decompressed: 481
2026-09-17T17:25:52.9475834Z Downloaded: 7886 file(s) [attempted 7886/8690 = 90%, 4044 KB/s], Decompressed: 481
2026-09-17T17:25:53.0486332Z Downloaded: 8010 file(s) [attempted 8010/8690 = 92%, 132 KB/s], Decompressed: 481
2026-09-17T17:25:53.1506903Z Downloaded: 8133 file(s) [attempted 8133/8690 = 93%, 2650 KB/s], Decompressed: 481
2026-09-17T17:25:53.2492510Z Downloaded: 8250 file(s) [attempted 8250/8690 = 94%, 2829 KB/s], Decompressed: 481
2026-09-17T17:25:53.3488139Z Downloaded: 8374 file(s) [attempted 8374/8690 = 96%, 304 KB/s], Decompressed: 481
2026-09-17T17:25:53.4501809Z Downloaded: 8506 file(s) [attempted 8506/8690 = 97%, 369 KB/s], Decompressed: 481
2026-09-17T17:25:53.5566279Z Downloaded: 8632 file(s) [attempted 8632/8690 = 99%, 2984 KB/s], Decompressed: 1996
2026-09-17T17:25:53.5595771Z Downloaded: 8689 file(s) [attempted 8689/8690 = 99%, 1021 KB/s], Decompressed: 1996
2026-09-17T17:25:53.5610139Z Downloaded: 8690 file(s) [attempted 8690/8690 = 100%, 1021 KB/s], Decompressed: 1996
2026-09-17T17:26:13.8953664Z Decompressed 8690 file(s)
2026-09-17T17:26:13.8954135Z Already decompressed 8690 file(s)
2026-09-17T17:26:13.9713301Z Running systemd-run --user --quiet --wait --pipe --collect -p 'RestrictAddressFamilies=~AF_UNIX' --working-directory /home/runner/work/_temp/nla-lean-tools/.verification-tmp/nla-fresh-proof-uwyo5cx4/project /usr/bin/env -i PATH=/home/runner/.elan/toolchains/leanprover--lean4---v4.33.1/bin:/home/runner/.elan/bin:/home/runner/go/bin:/opt/hostedtoolcache/go/1.27.1/x64/bin:/snap/bin:/home/runner/.local/bin:/opt/pipx_bin:/home/runner/.cargo/bin:/home/runner/.config/composer/vendor/bin:/usr/local/.ghcup/bin:/home/runner/.dotnet/tools:/usr/local/sbin:/usr/local/bin:/usr/sbin:/usr/bin:/sbin:/bin:/usr/games:/usr/local/games:/snap/bin HOME=/home/runner LANG=C.UTF-8 XDG_RUNTIME_DIR=/run/user/1001 DBUS_SESSION_BUS_ADDRESS=unix:path=/run/user/1001/bus GIT_TERMINAL_PROMPT=0 GIT_CONFIG_NOSYSTEM=1 GIT_CONFIG_GLOBAL=/dev/null COMPARATOR_BIN=/home/runner/work/_temp/nla-lean-tools/.tools/comparator/.lake/build/bin/comparator COMPARATOR_LEAN4EXPORT=/home/runner/work/_temp/nla-lean-tools/.tools/lean4export/.lake/build/bin/lean4export COMPARATOR_LANDRUN=/home/runner/work/_temp/nla-lean-tools/scripts/strict_landrun.py XDG_CACHE_HOME=/home/runner/work/_temp/nla-lean-tools/.tools/cache TMPDIR=/home/runner/work/_temp/nla-lean-tools/.verification-tmp lake env /home/runner/work/_temp/nla-lean-tools/.tools/comparator/.lake/build/bin/comparator comparator.json
2026-09-17T17:26:13.9720578Z Log: /home/runner/work/_temp/nla-lean-tools/logs/verify-20260917T172429Z-4155/comparator.log
2026-09-17T17:26:14.6264015Z Building Challenge
2026-09-17T17:26:18.9656620Z ✔ [3096/3102] Built NLA.MF07.Definitions (2.6s)
2026-09-17T17:26:19.7665656Z ✔ [3097/3102] Built LeanCert.Tactic.Verification (3.0s)
2026-09-17T17:26:23.1707787Z ⚠ [3098/3102] Built NLA.MF07.MatrixBasics (3.3s)
2026-09-17T17:26:23.1708584Z warning: NLA/MF07/MatrixBasics.lean:55:2: Try this: 
2026-09-17T17:26:23.1709804Z   letI̵
2026-09-17T17:26:23.1710116Z 
2026-09-17T17:26:23.1710549Z The goal is a proposition, so `let` is preferred over `letI`.
2026-09-17T17:26:23.1711323Z The difference between `let` and `letI` is that `letI` inlines the value.
2026-09-17T17:26:23.1712133Z But this is not relevant for proofs because of proof irrelevance.
2026-09-17T17:26:23.1712607Z 
2026-09-17T17:26:23.1713087Z Note: This linter can be disabled with `set_option linter.style.haveILetI false`
2026-09-17T17:26:23.1714004Z warning: NLA/MF07/MatrixBasics.lean:122:51: This simp argument is unused:
2026-09-17T17:26:23.1714934Z   Matrix.diagonal_apply
2026-09-17T17:26:23.1715259Z 
2026-09-17T17:26:23.1715492Z Hint: Omit it from the simp argument list.
2026-09-17T17:26:23.1716407Z   [apply] simp [diagonalWeights, inverseDiagonalWeights, Matrix.one_apply, hij, hz]
2026-09-17T17:26:23.1717005Z 
2026-09-17T17:26:23.1717411Z Note: This linter can be disabled with `set_option linter.unusedSimpArgs false`
2026-09-17T17:26:23.1718279Z info: NLA/MF07/MatrixBasics.lean:125:0: 'NLA.MF07.matrix_product_semantics' depends on axioms: [propext, Classical.choice, Quot.sound]
2026-09-17T17:26:23.1719318Z info: NLA/MF07/MatrixBasics.lean:127:0: 'NLA.MF07.diagonal_inverse' depends on axioms: [propext, Classical.choice, Quot.sound]
2026-09-17T17:26:23.1720622Z info: NLA/MF07/MatrixBasics.lean:129:0: 'NLA.MF07.word_spectralNorm_le_pow' depends on axioms: [propext, Classical.choice, Quot.sound]
2026-09-17T17:26:26.2731473Z ℹ [3099/3102] Built NLA.MF07.ProductEnvelope (3.1s)
2026-09-17T17:26:26.2732276Z info: NLA/MF07/ProductEnvelope.lean:175:0: 'NLA.MF07.productEnvelope_isComplexNorm' depends on axioms: [propext, Classical.choice, Quot.sound]
2026-09-17T17:26:26.2733287Z info: NLA/MF07/ProductEnvelope.lean:177:0: 'NLA.MF07.productEnvelope_generator' depends on axioms: [propext, Classical.choice, Quot.sound]
2026-09-17T17:26:28.6759421Z ✔ [3100/3102] Built NLA.MF05.Definitions (2.4s)
2026-09-17T17:26:31.2792699Z ⚠ [3101/3102] Built Challenge (2.6s)
2026-09-17T17:26:31.2793373Z warning: Challenge.lean:31:8: declaration uses `sorry`
2026-09-17T17:26:31.2794064Z warning: Challenge.lean:37:8: declaration uses `sorry`
2026-09-17T17:26:31.2795079Z warning: Challenge.lean:55:8: declaration uses `sorry`
2026-09-17T17:26:31.2796151Z warning: Challenge.lean:63:8: declaration uses `sorry`
2026-09-17T17:26:31.2797141Z warning: Challenge.lean:70:8: declaration uses `sorry`
2026-09-17T17:26:31.2797889Z warning: Challenge.lean:79:8: declaration uses `sorry`
2026-09-17T17:26:31.2798574Z warning: Challenge.lean:88:8: declaration uses `sorry`
2026-09-17T17:26:31.2799254Z warning: Challenge.lean:97:8: declaration uses `sorry`
2026-09-17T17:26:31.2800214Z warning: Challenge.lean:105:8: declaration uses `sorry`
2026-09-17T17:26:31.2801401Z warning: Challenge.lean:120:8: declaration uses `sorry`
2026-09-17T17:26:31.2802582Z warning: Challenge.lean:129:8: declaration uses `sorry`
2026-09-17T17:26:31.2803342Z warning: Challenge.lean:142:8: declaration uses `sorry`
2026-09-17T17:26:31.2803897Z warning: Challenge.lean:152:8: declaration uses `sorry`
2026-09-17T17:26:31.2804444Z warning: Challenge.lean:163:8: declaration uses `sorry`
2026-09-17T17:26:31.2928986Z Build completed successfully (3102 jobs).
2026-09-17T17:26:41.2396398Z Exporting #[Quot, Quot.mk, Quot.lift, Quot.ind, NLA.MF05.half_radius_certificate, NLA.MF05.spectral_hausdorff_semantics, NLA.MF05.general_exponential_envelope, NLA.MF05.general_root_limit_semantics, NLA.MF05.positive_scaling_semantics, NLA.MF05.exponential_bound_controls_radius, NLA.MF05.scalar_identity_adjoin_radius, NLA.MF05.general_quantitative_comparison, NLA.MF05.controlled_comparison_norm, NLA.MF05.hausdorff_radius_transfer, NLA.MF05.holder_scale_identity, NLA.MF05.uniform_holder_estimate, NLA.MF05.local_common_norm_ball, NLA.MF05.canonical_local_holder, propext, Quot.sound, Classical.choice, Nat.add, Nat.sub, Nat.mul, Nat.pow, Nat.gcd, Nat.div, Nat.mod, Nat.beq, Nat.ble, Nat.land, Nat.lor, Nat.xor, Nat.shiftLeft, Nat.shiftRight, String.ofList, Char.ofNat, List, eagerReduce, Nat, String, String.mk, Char, optParam, autoParam, semiOutParam, outParam] from Challenge
2026-09-17T17:26:41.2400393Z Building Solution
2026-09-17T17:26:42.9626587Z ⚠ [3097/3126] Replayed NLA.MF07.MatrixBasics
2026-09-17T17:26:42.9627697Z warning: NLA/MF07/MatrixBasics.lean:55:2: Try this: 
2026-09-17T17:26:42.9636889Z   letI̵
2026-09-17T17:26:42.9637105Z 
2026-09-17T17:26:42.9637473Z The goal is a proposition, so `let` is preferred over `letI`.
2026-09-17T17:26:42.9638246Z The difference between `let` and `letI` is that `letI` inlines the value.
2026-09-17T17:26:42.9639034Z But this is not relevant for proofs because of proof irrelevance.
2026-09-17T17:26:42.9639462Z 
2026-09-17T17:26:42.9639849Z Note: This linter can be disabled with `set_option linter.style.haveILetI false`
2026-09-17T17:26:42.9640721Z warning: NLA/MF07/MatrixBasics.lean:122:51: This simp argument is unused:
2026-09-17T17:26:42.9641386Z   Matrix.diagonal_apply
2026-09-17T17:26:42.9641622Z 
2026-09-17T17:26:42.9641812Z Hint: Omit it from the simp argument list.
2026-09-17T17:26:42.9642629Z   [apply] simp [diagonalWeights, inverseDiagonalWeights, Matrix.one_apply, hij, hz]
2026-09-17T17:26:42.9643198Z 
2026-09-17T17:26:42.9643582Z Note: This linter can be disabled with `set_option linter.unusedSimpArgs false`
2026-09-17T17:26:42.9645368Z info: NLA/MF07/MatrixBasics.lean:125:0: 'NLA.MF07.matrix_product_semantics' depends on axioms: [propext, Classical.choice, Quot.sound]
2026-09-17T17:26:42.9647093Z info: NLA/MF07/MatrixBasics.lean:127:0: 'NLA.MF07.diagonal_inverse' depends on axioms: [propext, Classical.choice, Quot.sound]
2026-09-17T17:26:42.9648686Z info: NLA/MF07/MatrixBasics.lean:129:0: 'NLA.MF07.word_spectralNorm_le_pow' depends on axioms: [propext, Classical.choice, Quot.sound]
2026-09-17T17:26:42.9649876Z ℹ [3098/3126] Replayed NLA.MF07.ProductEnvelope
2026-09-17T17:26:42.9651060Z info: NLA/MF07/ProductEnvelope.lean:175:0: 'NLA.MF07.productEnvelope_isComplexNorm' depends on axioms: [propext, Classical.choice, Quot.sound]
2026-09-17T17:26:42.9652767Z info: NLA/MF07/ProductEnvelope.lean:177:0: 'NLA.MF07.productEnvelope_generator' depends on axioms: [propext, Classical.choice, Quot.sound]
2026-09-17T17:26:48.2799415Z ⚠ [3209/3233] Built NLA.MF07.CompactGrowth (5.3s)
2026-09-17T17:26:48.2800672Z warning: NLA/MF07/CompactGrowth.lean:31:28: This simp argument is unused:
2026-09-17T17:26:48.2801617Z   List.ofFn_get
2026-09-17T17:26:48.2802024Z 
2026-09-17T17:26:48.2802404Z Hint: Omit it from the simp argument list.
2026-09-17T17:26:48.2803142Z   [apply] simp [finiteProduct, A]
2026-09-17T17:26:48.2803605Z 
2026-09-17T17:26:48.2804184Z Note: This linter can be disabled with `set_option linter.unusedSimpArgs false`
2026-09-17T17:26:48.2805462Z warning: NLA/MF07/CompactGrowth.lean:44:2: Try this: 
2026-09-17T17:26:48.2806273Z   letI̵
2026-09-17T17:26:48.2806632Z 
2026-09-17T17:26:48.2807110Z The goal is a proposition, so `let` is preferred over `letI`.
2026-09-17T17:26:48.2808107Z The difference between `let` and `letI` is that `letI` inlines the value.
2026-09-17T17:26:48.2809127Z But this is not relevant for proofs because of proof irrelevance.
2026-09-17T17:26:48.2809770Z 
2026-09-17T17:26:48.2810342Z Note: This linter can be disabled with `set_option linter.style.haveILetI false`
2026-09-17T17:26:48.2811556Z warning: NLA/MF07/CompactGrowth.lean:51:37: Variable name `hd` is not explicitly referenced.
2026-09-17T17:26:48.2812371Z 
2026-09-17T17:26:48.2813336Z Hint: The binding can be removed (if unused) or named `_` (if used implicitly). Alternatively, prefix the name with `_` to silence this warning:
2026-09-17T17:26:48.2814579Z   [apply] _hd
2026-09-17T17:26:48.2815277Z 
2026-09-17T17:26:48.2815874Z Note: This linter can be disabled with `set_option linter.unusedVariables false`
2026-09-17T17:26:48.2817147Z warning: NLA/MF07/CompactGrowth.lean:114:49: Variable name `hd` is not explicitly referenced.
2026-09-17T17:26:48.2817983Z 
2026-09-17T17:26:48.2818944Z Hint: The binding can be removed (if unused) or named `_` (if used implicitly). Alternatively, prefix the name with `_` to silence this warning:
2026-09-17T17:26:48.2820200Z   [apply] _hd
2026-09-17T17:26:48.2820567Z 
2026-09-17T17:26:48.2821165Z Note: This linter can be disabled with `set_option linter.unusedVariables false`
2026-09-17T17:26:48.2822623Z info: NLA/MF07/CompactGrowth.lean:133:0: 'NLA.MF07.family_norm_maximum' depends on axioms: [propext, Classical.choice, Quot.sound]
2026-09-17T17:26:48.2824402Z info: NLA/MF07/CompactGrowth.lean:135:0: 'NLA.MF07.family_growth_maximum' depends on axioms: [propext, Classical.choice, Quot.sound]
2026-09-17T17:26:48.2826535Z info: NLA/MF07/CompactGrowth.lean:137:0: 'NLA.MF07.family_growth_submultiplicative' depends on axioms: [propext, Classical.choice, Quot.sound]
2026-09-17T17:26:48.6801126Z ⚠ [3210/3233] Built NLA.MF07.UnitaryGeometry (5.6s)
2026-09-17T17:26:48.6804999Z warning: NLA/MF07/UnitaryGeometry.lean:69:40: This simp argument is unused:
2026-09-17T17:26:48.6806212Z   Matrix.diagonal_apply
2026-09-17T17:26:48.6806783Z 
2026-09-17T17:26:48.6807208Z Hint: Omit it from the simp argument list.
2026-09-17T17:26:48.6807986Z   [apply] simp [Matrix.one_apply, hi]
2026-09-17T17:26:48.6808521Z 
2026-09-17T17:26:48.6809151Z Note: This linter can be disabled with `set_option linter.unusedSimpArgs false`
2026-09-17T17:26:48.6810342Z warning: NLA/MF07/UnitaryGeometry.lean:69:63: This simp argument is unused:
2026-09-17T17:26:48.6811834Z   Matrix.one_apply
2026-09-17T17:26:48.6812295Z 
2026-09-17T17:26:48.6812714Z Hint: Omit it from the simp argument list.
2026-09-17T17:26:48.6813527Z   [apply] simp [Matrix.diagonal_apply, hi]
2026-09-17T17:26:48.6814070Z 
2026-09-17T17:26:48.6814674Z Note: This linter can be disabled with `set_option linter.unusedSimpArgs false`
2026-09-17T17:26:48.6816137Z warning: NLA/MF07/UnitaryGeometry.lean:70:12: This simp argument is unused:
2026-09-17T17:26:48.6817114Z   Matrix.diagonal_apply
2026-09-17T17:26:48.6817563Z 
2026-09-17T17:26:48.6817969Z Hint: Omit it from the simp argument list.
2026-09-17T17:26:48.6818744Z   [apply] simp [Matrix.one_apply, hij]
2026-09-17T17:26:48.6819299Z 
2026-09-17T17:26:48.6819892Z Note: This linter can be disabled with `set_option linter.unusedSimpArgs false`
2026-09-17T17:26:48.6821054Z warning: NLA/MF07/UnitaryGeometry.lean:70:35: This simp argument is unused:
2026-09-17T17:26:48.6821990Z   Matrix.one_apply
2026-09-17T17:26:48.6822432Z 
2026-09-17T17:26:48.6822865Z Hint: Omit it from the simp argument list.
2026-09-17T17:26:48.6823671Z   [apply] simp [Matrix.diagonal_apply, hij]
2026-09-17T17:26:48.6824232Z 
2026-09-17T17:26:48.6825052Z Note: This linter can be disabled with `set_option linter.unusedSimpArgs false`
2026-09-17T17:26:48.6826356Z warning: NLA/MF07/UnitaryGeometry.lean:101:4: Unused tactic linter: `push_cast` does nothing
2026-09-17T17:26:48.6827226Z 
2026-09-17T17:26:48.6827821Z Note: This linter can be disabled with `set_option linter.unusedTactic false`
2026-09-17T17:26:48.6829416Z info: NLA/MF07/UnitaryGeometry.lean:103:0: 'NLA.MF07.spectralNorm_unitary_conj' depends on axioms: [propext, Classical.choice, Quot.sound]
2026-09-17T17:26:48.6831372Z info: NLA/MF07/UnitaryGeometry.lean:105:0: 'NLA.MF07.cutDamping_spectralNorm_le' depends on axioms: [propext, Classical.choice, Quot.sound]
2026-09-17T17:26:48.7801660Z ℹ [3211/3233] Built NLA.MF07.NormGeometry (5.8s)
2026-09-17T17:26:48.7803645Z info: NLA/MF07/NormGeometry.lean:134:0: 'NLA.MF07.complexNorm_unitBall_compact' depends on axioms: [propext, Classical.choice, Quot.sound]
2026-09-17T17:26:48.7805940Z info: NLA/MF07/NormGeometry.lean:136:0: 'NLA.MF07.sum_coordinate_norms_le' depends on axioms: [propext, Classical.choice, Quot.sound]
2026-09-17T17:26:49.0808949Z ℹ [3212/3233] Built NLA.MF07.Interspersed (5.0s)
2026-09-17T17:26:49.0811055Z info: NLA/MF07/Interspersed.lean:132:0: 'NLA.MF07.interspersed_product_bound' depends on axioms: [propext, Classical.choice, Quot.sound]
2026-09-17T17:26:53.5905274Z ℹ [3213/3233] Built NLA.MF07.RootSemantics (4.0s)
2026-09-17T17:26:53.5907170Z info: NLA/MF07/RootSemantics.lean:193:0: 'NLA.MF07.radius_one_semantics' depends on axioms: [propext, Classical.choice, Quot.sound]
2026-09-17T17:26:53.5908889Z info: NLA/MF07/RootSemantics.lean:195:0: 'NLA.MF07.identity_family_semantics' depends on axioms: [propext, Classical.choice, Quot.sound]
2026-09-17T17:26:53.5915937Z ℹ [3214/3233] Built NLA.MF05.HolderScale (4.8s)
2026-09-17T17:26:53.5917409Z info: NLA/MF05/HolderScale.lean:72:0: 'NLA.MF05.holder_scale_identity' depends on axioms: [propext, Classical.choice, Quot.sound]
2026-09-17T17:26:54.3916394Z ⚠ [3215/3233] Built NLA.MF07.TriangularDamping (5.3s)
2026-09-17T17:26:54.3919253Z warning: NLA/MF07/TriangularDamping.lean:50:2: Unused tactic linter: `push_cast` does nothing
2026-09-17T17:26:54.3920246Z 
2026-09-17T17:26:54.3920895Z Note: This linter can be disabled with `set_option linter.unusedTactic false`
2026-09-17T17:26:54.3922150Z warning: NLA/MF07/TriangularDamping.lean:90:31: Unused tactic linter: `ring` does nothing
2026-09-17T17:26:54.3923000Z 
2026-09-17T17:26:54.3923589Z Note: This linter can be disabled with `set_option linter.unusedTactic false`
2026-09-17T17:26:54.3925088Z warning: NLA/MF07/TriangularDamping.lean:94:6: Unused tactic linter: `push_cast` does nothing
2026-09-17T17:26:54.3925982Z 
2026-09-17T17:26:54.3926580Z Note: This linter can be disabled with `set_option linter.unusedTactic false`
2026-09-17T17:26:54.3928106Z warning: NLA/MF07/TriangularDamping.lean:95:31: Unused tactic linter: `ring` does nothing
2026-09-17T17:26:54.3929171Z 
2026-09-17T17:26:54.3929762Z Note: This linter can be disabled with `set_option linter.unusedTactic false`
2026-09-17T17:26:54.3930898Z warning: NLA/MF07/TriangularDamping.lean:90:31: this tactic is never executed
2026-09-17T17:26:54.3931670Z 
2026-09-17T17:26:54.3932319Z Note: This linter can be disabled with `set_option linter.unreachableTactic false`
2026-09-17T17:26:54.3933528Z warning: NLA/MF07/TriangularDamping.lean:95:31: this tactic is never executed
2026-09-17T17:26:54.3934289Z 
2026-09-17T17:26:54.3935250Z Note: This linter can be disabled with `set_option linter.unreachableTactic false`
2026-09-17T17:26:54.3936848Z info: NLA/MF07/TriangularDamping.lean:130:0: 'NLA.MF07.triangular_damping' depends on axioms: [propext, Classical.choice, Quot.sound]
2026-09-17T17:26:54.8921525Z ℹ [3216/3242] Built NLA.MF05.Hausdorff (6.7s)
2026-09-17T17:26:54.8923577Z info: NLA/MF05/Hausdorff.lean:162:0: 'NLA.MF05.spectral_hausdorff_semantics' depends on axioms: [propext, Classical.choice, Quot.sound]
2026-09-17T17:26:58.5053267Z ℹ [3454/3502] Built NLA.MF07.ApproximateNorm (4.9s)
2026-09-17T17:26:58.5065214Z info: NLA/MF07/ApproximateNorm.lean:72:0: 'NLA.MF07.approximate_extremal_norm' depends on axioms: [propext, Classical.choice, Quot.sound]
2026-09-17T17:26:58.6052758Z ✔ [3481/3519] Built LeanCert.Core.Interval (3.5s)
2026-09-17T17:26:58.8086989Z ℹ [3494/3519] Built NLA.MF05.GeneralEnvelope (4.3s)
2026-09-17T17:26:58.8089206Z info: NLA/MF05/GeneralEnvelope.lean:78:0: 'NLA.MF05.jointSpectralRadius_nonneg' depends on axioms: [propext, Classical.choice, Quot.sound]
2026-09-17T17:26:58.8091247Z info: NLA/MF05/GeneralEnvelope.lean:80:0: 'NLA.MF05.general_exponential_envelope' depends on axioms: [propext, Classical.choice, Quot.sound]
2026-09-17T17:26:58.8099440Z ⚠ [3495/3519] Built NLA.MF07.Auerbach (5.2s)
2026-09-17T17:26:58.8102574Z warning: NLA/MF07/Auerbach.lean:46:67: This simp argument is unused:
2026-09-17T17:26:58.8103444Z   PiLp.smul_apply
2026-09-17T17:26:58.8103908Z 
2026-09-17T17:26:58.8104292Z Hint: Omit it from the simp argument list.
2026-09-17T17:26:58.8105572Z   [apply] simp [applyMatrix_coordinate, WithLp.ofLp_sum, Finset.sum_apply, mul_comm]
2026-09-17T17:26:58.8106349Z 
2026-09-17T17:26:58.8106941Z Note: This linter can be disabled with `set_option linter.unusedSimpArgs false`
2026-09-17T17:26:58.8108003Z warning: NLA/MF07/Auerbach.lean:56:10: This simp argument is unused:
2026-09-17T17:26:58.8108850Z   Matrix.updateCol_apply
2026-09-17T17:26:58.8109284Z 
2026-09-17T17:26:58.8109663Z Hint: Omit it from the simp argument list.
2026-09-17T17:26:58.8110335Z   [apply] simp [h]
2026-09-17T17:26:58.8110733Z 
2026-09-17T17:26:58.8111319Z Note: This linter can be disabled with `set_option linter.unusedSimpArgs false`
2026-09-17T17:26:58.8112262Z warning: NLA/MF07/Auerbach.lean:71:2: Try this: 
2026-09-17T17:26:58.8113015Z   letI̵
2026-09-17T17:26:58.8115457Z 
2026-09-17T17:26:58.8115795Z The goal is a proposition, so `let` is preferred over `letI`.
2026-09-17T17:26:58.8116624Z The difference between `let` and `letI` is that `letI` inlines the value.
2026-09-17T17:26:58.8117459Z But this is not relevant for proofs because of proof irrelevance.
2026-09-17T17:26:58.8117918Z 
2026-09-17T17:26:58.8118324Z Note: This linter can be disabled with `set_option linter.style.haveILetI false`
2026-09-17T17:26:58.8119075Z warning: NLA/MF07/Auerbach.lean:73:2: Try this: 
2026-09-17T17:26:58.8119616Z   letI̵
2026-09-17T17:26:58.8119785Z 
2026-09-17T17:26:58.8120087Z The goal is a proposition, so `let` is preferred over `letI`.
2026-09-17T17:26:58.8120871Z The difference between `let` and `letI` is that `letI` inlines the value.
2026-09-17T17:26:58.8121671Z But this is not relevant for proofs because of proof irrelevance.
2026-09-17T17:26:58.8122122Z 
2026-09-17T17:26:58.8122515Z Note: This linter can be disabled with `set_option linter.style.haveILetI false`
2026-09-17T17:26:58.8123391Z warning: NLA/MF07/Auerbach.lean:100:13: This simp argument is unused:
2026-09-17T17:26:58.8124485Z   Matrix.det_smul
2026-09-17T17:26:58.8124933Z 
2026-09-17T17:26:58.8125144Z Hint: Omit it from the simp argument list.
2026-09-17T17:26:58.8125662Z   [apply] simp [W, hcpos.ne']
2026-09-17T17:26:58.8125920Z 
2026-09-17T17:26:58.8126318Z Note: This linter can be disabled with `set_option linter.unusedSimpArgs false`
2026-09-17T17:26:58.8127584Z info: NLA/MF07/Auerbach.lean:186:0: 'NLA.MF07.maximal_determinant_basis' depends on axioms: [propext, Classical.choice, Quot.sound]
2026-09-17T17:26:58.8129195Z info: NLA/MF07/Auerbach.lean:188:0: 'NLA.MF07.exists_auerbach_coordinates' depends on axioms: [propext, Classical.choice, Quot.sound]
2026-09-17T17:27:03.7163139Z ℹ [3496/3520] Built NLA.MF05.RootLimit (4.0s)
2026-09-17T17:27:03.7165334Z info: NLA/MF05/RootLimit.lean:87:0: 'NLA.MF05.general_root_limit_semantics' depends on axioms: [propext, Classical.choice, Quot.sound]
2026-09-17T17:27:03.7167271Z info: NLA/MF05/RootLimit.lean:89:0: 'NLA.MF05.exponential_bound_controls_radius' depends on axioms: [propext, Classical.choice, Quot.sound]
2026-09-17T17:27:05.3196680Z ⚠ [3497/3520] Built NLA.MF07.SingularCoordinates (6.6s)
2026-09-17T17:27:05.3207348Z warning: NLA/MF07/SingularCoordinates.lean:43:55: This simp argument is unused:
2026-09-17T17:27:05.3208596Z   Matrix.diagonal_apply
2026-09-17T17:27:05.3209168Z 
2026-09-17T17:27:05.3209630Z Hint: Omit it from the simp argument list.
2026-09-17T17:27:05.3210655Z   [apply] simp [diagonalWeights, Matrix.conjTranspose_apply, hij, Ne.symm hij]
2026-09-17T17:27:05.3211467Z 
2026-09-17T17:27:05.3212090Z Note: This linter can be disabled with `set_option linter.unusedSimpArgs false`
2026-09-17T17:27:05.3213318Z warning: NLA/MF07/SingularCoordinates.lean:109:29: This simp argument is unused:
2026-09-17T17:27:05.3214325Z   Matrix.diagonal_apply
2026-09-17T17:27:05.3215063Z 
2026-09-17T17:27:05.3215534Z Hint: Omit it from the simp argument list.
2026-09-17T17:27:05.3216442Z   [apply] simp [diagonalWeights, hij]
2026-09-17T17:27:05.3217054Z 
2026-09-17T17:27:05.3217773Z Note: This linter can be disabled with `set_option linter.unusedSimpArgs false`
2026-09-17T17:27:05.3219648Z info: NLA/MF07/SingularCoordinates.lean:143:0: 'NLA.MF07.ordered_positive_gram_coordinates' depends on axioms: [propext, Classical.choice, Quot.sound]
2026-09-17T17:27:05.3222028Z info: NLA/MF07/SingularCoordinates.lean:145:0: 'NLA.MF07.exists_singular_coordinates' depends on axioms: [propext, Classical.choice, Quot.sound]
2026-09-17T17:27:05.8193941Z ✔ [3498/3521] Built LeanCert.Core.Expr (7.2s)
2026-09-17T17:27:08.1270329Z ✔ [3499/3521] Built LeanCert.Core.IntervalRat.Basic (9.5s)
2026-09-17T17:27:08.7340769Z ℹ [3500/3521] Built NLA.MF05.IdentityAdjoin (4.0s)
2026-09-17T17:27:08.7342401Z info: NLA/MF05/IdentityAdjoin.lean:144:0: 'NLA.MF05.identity_adjoin_word_compression' depends on axioms: [propext, Classical.choice, Quot.sound]
2026-09-17T17:27:08.7344603Z info: NLA/MF05/IdentityAdjoin.lean:146:0: 'NLA.MF05.scalar_identity_adjoin_radius' depends on axioms: [propext, Classical.choice, Quot.sound]
2026-09-17T17:27:10.2386149Z ℹ [3501/3521] Built NLA.MF05.Scaling (4.9s)
2026-09-17T17:27:10.2387648Z info: NLA/MF05/Scaling.lean:114:0: 'NLA.MF05.positive_scaling_semantics' depends on axioms: [propext, Classical.choice, Quot.sound]
2026-09-17T17:27:10.8393756Z ⚠ [3502/3521] Built NLA.MF07.RoundedNorm (4.0s)
2026-09-17T17:27:10.8395148Z warning: NLA/MF07/RoundedNorm.lean:43:44: Variable name `hd` is not explicitly referenced.
2026-09-17T17:27:10.8396006Z 
2026-09-17T17:27:10.8396950Z Hint: The binding can be removed (if unused) or named `_` (if used implicitly). Alternatively, prefix the name with `_` to silence this warning:
2026-09-17T17:27:10.8398104Z   [apply] _hd
2026-09-17T17:27:10.8398451Z 
2026-09-17T17:27:10.8398973Z Note: This linter can be disabled with `set_option linter.unusedVariables false`
2026-09-17T17:27:10.8400308Z info: NLA/MF07/RoundedNorm.lean:143:0: 'NLA.MF07.rounded_extremal_norm' depends on axioms: [propext, Classical.choice, Quot.sound]
2026-09-17T17:27:12.1459449Z ✔ [3503/3521] Built LeanCert.Core.Support (4.0s)
2026-09-17T17:27:13.4492246Z ✔ [3504/3521] Built LeanCert.Meta.Numeral (4.7s)
2026-09-17T17:27:16.2550978Z ✔ [3505/3521] Built LeanCert.Core.IntervalRat.LogReduction (6.0s)
2026-09-17T17:27:17.0583179Z ✔ [3506/3521] Built LeanCert.Tactic.IntervalAuto.Types (4.0s)
2026-09-17T17:27:17.6612983Z ✔ [3507/3523] Built LeanCert.Core.IntervalRat.Transcendental (6.8s)
2026-09-17T17:27:18.6846405Z ⚠ [3508/3523] Built NLA.MF07.BlockComparison (5.2s)
2026-09-17T17:27:18.6848481Z warning: NLA/MF07/BlockComparison.lean:70:8: This simp argument is unused:
2026-09-17T17:27:18.6849432Z   Matrix.one_apply
2026-09-17T17:27:18.6849847Z 
2026-09-17T17:27:18.6850235Z Hint: Omit it from the simp argument list.
2026-09-17T17:27:18.6850944Z   [apply] simp [hne]
2026-09-17T17:27:18.6851368Z 
2026-09-17T17:27:18.6851963Z Note: This linter can be disabled with `set_option linter.unusedSimpArgs false`
2026-09-17T17:27:18.6853612Z info: NLA/MF07/BlockComparison.lean:141:0: 'NLA.MF07.spectralNorm_le_card_mul_entry_bound' depends on axioms: [propext, Classical.choice, Quot.sound]
2026-09-17T17:27:18.6855884Z info: NLA/MF07/BlockComparison.lean:143:0: 'NLA.MF07.damped_lower_product_bound' depends on axioms: [propext, Classical.choice, Quot.sound]
2026-09-17T17:27:19.9888790Z ✔ [3510/3543] Built LeanCert.Tactic.IntervalAuto.Extract (3.7s)
2026-09-17T17:27:22.1963470Z ✔ [3525/3547] Built LeanCert.Tactic.IntervalAuto.Norm (4.5s)
2026-09-17T17:27:23.3974508Z ✔ [3529/3549] Built LeanCert.Meta.ToExpr (6.3s)
2026-09-17T17:27:23.8026168Z ✔ [3530/3551] Built LeanCert.Core.DerivativeIntervals (3.8s)
2026-09-17T17:27:25.1400134Z ⚠ [3531/3551] Built NLA.MF07.CappedWeights (6.5s)
2026-09-17T17:27:25.1402452Z warning: NLA/MF07/CappedWeights.lean:31:37: Try `simp at hij` instead of `simpa using hij`
2026-09-17T17:27:25.1403268Z 
2026-09-17T17:27:25.1403797Z Note: This linter can be disabled with `set_option linter.unnecessarySimpa false`
2026-09-17T17:27:25.1405098Z warning: NLA/MF07/CappedWeights.lean:123:90: Unused tactic linter: `ring` does nothing
2026-09-17T17:27:25.1405812Z 
2026-09-17T17:27:25.1406298Z Note: This linter can be disabled with `set_option linter.unusedTactic false`
2026-09-17T17:27:25.1407231Z warning: NLA/MF07/CappedWeights.lean:123:90: this tactic is never executed
2026-09-17T17:27:25.1407879Z 
2026-09-17T17:27:25.1408416Z Note: This linter can be disabled with `set_option linter.unreachableTactic false`
2026-09-17T17:27:25.1409742Z info: NLA/MF07/CappedWeights.lean:158:0: 'NLA.MF07.exists_capped_weights' depends on axioms: [propext, Classical.choice, Quot.sound]
2026-09-17T17:27:26.4449079Z ✔ [3532/3552] Built LeanCert.Core.TrigReduction (4.3s)
2026-09-17T17:27:27.2496861Z ✔ [3533/3559] Built LeanCert.Engine.Eval.Result (3.4s)
2026-09-17T17:27:30.7657961Z ✔ [3535/3560] Built LeanCert.Tactic.IntervalAuto.Parse (7.4s)
2026-09-17T17:27:33.7806639Z ⚠ [3536/3560] Built NLA.MF07.Similarity (7.4s)
2026-09-17T17:27:33.7808713Z warning: NLA/MF07/Similarity.lean:42:6: Unused tactic linter: `ring` does nothing
2026-09-17T17:27:33.7809531Z 
2026-09-17T17:27:33.7810047Z Note: This linter can be disabled with `set_option linter.unusedTactic false`
2026-09-17T17:27:33.7810978Z warning: NLA/MF07/Similarity.lean:42:6: this tactic is never executed
2026-09-17T17:27:33.7811566Z 
2026-09-17T17:27:33.7812107Z Note: This linter can be disabled with `set_option linter.unreachableTactic false`
2026-09-17T17:27:33.7813450Z info: NLA/MF07/Similarity.lean:142:0: 'NLA.MF07.rotatedGenerator_product' depends on axioms: [propext, Classical.choice, Quot.sound]
2026-09-17T17:27:33.7815407Z info: NLA/MF07/Similarity.lean:144:0: 'NLA.MF07.spectralNorm_unrotate_le' depends on axioms: [propext, Classical.choice, Quot.sound]
2026-09-17T17:27:34.6803877Z ✔ [3537/3566] Built LeanCert.Contrib.Sinc (7.4s)
2026-09-17T17:27:34.9805367Z ✔ [3538/3570] Built LeanCert.Core.Taylor (9.9s)
2026-09-17T17:27:36.2832532Z ✔ [3539/3570] Built LeanCert.Tactic.IntervalAuto.Diagnostic (5.5s)
2026-09-17T17:27:39.4909891Z ✔ [3540/3571] Built LeanCert.Core.Dyadic (4.9s)
2026-09-17T17:27:40.3938440Z ✔ [3541/3571] Built LeanCert.Tactic.LeanCert.Bridge.Environment (4.1s)
2026-09-17T17:27:40.6941329Z ℹ [3542/3612] Built NLA.MF07.QuantitativeComparison (6.9s)
2026-09-17T17:27:40.6943245Z info: NLA/MF07/QuantitativeComparison.lean:160:0: 'NLA.MF07.quantitative_comparison' depends on axioms: [propext, Classical.choice, Quot.sound]
2026-09-17T17:27:40.6946768Z ✔ [3543/3612] Built LeanCert.Tactic.NumericalRefinement (1.2s)
2026-09-17T17:27:45.8027118Z ✔ [3593/3672] Built LeanCert.Tactic.VecUtil (5.1s)
2026-09-17T17:27:46.8077958Z ✔ [3594/3673] Built LeanCert.Tactic.LeanCert.Normalize (6.4s)
2026-09-17T17:27:49.0137355Z ℹ [3595/3674] Built NLA.MF05.GeneralComparison (8.3s)
2026-09-17T17:27:49.0139627Z info: NLA/MF05/GeneralComparison.lean:112:0: 'NLA.MF05.general_quantitative_comparison' depends on axioms: [propext, Classical.choice, Quot.sound]
2026-09-17T17:27:50.3160457Z ✔ [3596/3677] Built LeanCert.Tactic.FinSumExpand (4.5s)
2026-09-17T17:27:52.4195607Z ✔ [3597/3679] Built LeanCert.Tactic.FinsetParse (5.7s)
2026-09-17T17:27:52.7198562Z ✔ [3598/3681] Built LeanCert.Tactic.BridgeNative (2.4s)
2026-09-17T17:27:53.8208863Z ℹ [3599/3685] Built NLA.MF05.ComparisonNorm (4.9s)
2026-09-17T17:27:53.8210829Z info: NLA/MF05/ComparisonNorm.lean:61:0: 'NLA.MF05.controlled_comparison_norm' depends on axioms: [propext, Classical.choice, Quot.sound]
2026-09-17T17:27:54.9224019Z ✔ [3600/3687] Built LeanCert.Tactic.LeanCert.Semantic.Domain (2.2s)
2026-09-17T17:27:56.2245610Z ✔ [3601/3688] Built LeanCert.Validity.Eventual (3.7s)
2026-09-17T17:27:57.2275492Z ✔ [3602/3688] Built LeanCert.Tactic.LeanCert.Semantic.Goal (2.3s)
2026-09-17T17:27:58.1280259Z ℹ [3603/3688] Built NLA.MF05.RadiusTransfer (4.3s)
2026-09-17T17:27:58.1282881Z info: NLA/MF05/RadiusTransfer.lean:74:0: 'NLA.MF05.hausdorff_radius_transfer' depends on axioms: [propext, Classical.choice, Quot.sound]
2026-09-17T17:27:59.2307199Z ✔ [3604/3688] Built LeanCert.Tactic.VecSimp (2.0s)
2026-09-17T17:28:00.0305901Z ✔ [3605/3692] Built LeanCert.Tactic.LeanCert.Semantic.Parse.Comparison (1.9s)
2026-09-17T17:28:00.1305133Z ✔ [3606/3692] Built LeanCert.Core.IntervalRat.Taylor (25s)
2026-09-17T17:28:02.3381934Z ✔ [3607/3693] Built LeanCert.Tactic.EventualBound (6.1s)
2026-09-17T17:28:03.6400964Z ✔ [3608/3693] Built LeanCert.Tactic.Extension.Protocol (3.5s)
2026-09-17T17:28:03.8405569Z ℹ [3609/3693] Built NLA.MF05.UniformHolder (4.6s)
2026-09-17T17:28:03.8407518Z info: NLA/MF05/UniformHolder.lean:108:0: 'NLA.MF05.uniform_holder_estimate' depends on axioms: [propext, Classical.choice, Quot.sound]
2026-09-17T17:28:04.1407577Z ✔ [3610/3696] Built LeanCert.Tactic.LeanCert.Semantic.Parse.Bound (4.1s)
2026-09-17T17:28:05.8475649Z ✔ [3611/3696] Built LeanCert.Core.IntervalRat.TrigReduced (3.6s)
2026-09-17T17:28:06.5478465Z ✔ [3612/3696] Built LeanCert.Core.IntervalReal (2.9s)
2026-09-17T17:28:07.5491800Z ✔ [3613/3696] Built LeanCert.Tactic.LeanCert.Diagnostic.Evidence (3.7s)
2026-09-17T17:28:07.7570305Z ✔ [3614/3696] Built LeanCert.Tactic.Extension.Registry (3.6s)
2026-09-17T17:28:08.1586647Z ✔ [3615/3700] Built LeanCert.Tactic.LeanCert.Config (2.3s)
2026-09-17T17:28:15.1871905Z ✔ [3617/3701] Built LeanCert.Core.IntervalRealEndpoints (7.4s)
2026-09-17T17:28:15.2871279Z ✔ [3618/3701] Built LeanCert.Engine.Algebra.QPoly (7.2s)
2026-09-17T17:28:16.8881683Z ✔ [3619/3703] Built LeanCert.Engine.Affine.Basic (10s)
2026-09-17T17:28:19.2958299Z ✔ [3620/3703] Built LeanCert.Core.IntervalDyadic (11s)
2026-09-17T17:28:20.7976480Z ✔ [3621/3709] Built LeanCert.Engine.Algebra.QPolyIntegral (5.5s)
2026-09-17T17:28:24.6097476Z ✔ [3623/3718] Built LeanCert.Engine.Affine.Nonlinear (7.7s)
2026-09-17T17:28:25.8097094Z ✔ [3624/3718] Built LeanCert.Engine.FloatEval (5.1s)
2026-09-17T17:28:25.9107636Z ✔ [3625/3718] Built LeanCert.Engine.Eval.Core (10s)
2026-09-17T17:28:26.4131188Z ✔ [3626/3718] Built LeanCert.Core.DyadicCell (7.1s)
2026-09-17T17:28:27.4145352Z ✔ [3627/3718] Built LeanCert.Tactic.Extension.Command (2.8s)
2026-09-17T17:28:29.6193050Z ✔ [3628/3718] Built LeanCert.Core.DyadicFrontier (3.2s)
2026-09-17T17:28:29.8194904Z ✔ [3629/3718] Built LeanCert.Engine.Eval.Extended (3.0s)
2026-09-17T17:28:30.0199891Z ✔ [3630/3718] Built LeanCert.Tactic.Extension (2.6s)
2026-09-17T17:28:31.9251557Z ✔ [3631/3718] Built LeanCert.Engine.Bounds.Lemmas (2.0s)
2026-09-17T17:28:33.6286570Z ✔ [3632/3718] Built LeanCert.Engine.IntervalEval (1.8s)
2026-09-17T17:28:37.1440470Z ✔ [3633/3718] Built LeanCert.Validity.Bounds.Checked (3.5s)
2026-09-17T17:28:37.3458059Z ✔ [3634/3718] Built LeanCert.Validity.Bounds.Core (3.7s)
2026-09-17T17:28:38.7589209Z ✔ [3635/3718] Built LeanCert.Engine.Affine.Transcendental (5.1s)
2026-09-17T17:28:41.8670366Z ✔ [3636/3718] Built LeanCert.Engine.IntervalEvalDyadic (8.2s)
2026-09-17T17:28:42.0734302Z ✔ [3637/3718] Built LeanCert.Engine.Optimization.Box (4.7s)
2026-09-17T17:28:43.8830880Z ✔ [3638/3718] Built LeanCert.Engine.RootFinding.Basic (6.8s)
2026-09-17T17:28:46.1920200Z ✔ [3639/3718] Built LeanCert.Engine.AD.Basic (4.1s)
2026-09-17T17:28:47.3948425Z ✔ [3640/3718] Built LeanCert.Engine.Integrate (8.7s)
2026-09-17T17:28:53.1096715Z ✔ [3641/3718] Built LeanCert.Validity.DyadicBounds (5.7s)
2026-09-17T17:28:53.2095430Z ✔ [3642/3718] Built LeanCert.Engine.IntervalEvalAffine (9.3s)
2026-09-17T17:28:53.5097463Z ✔ [3643/3718] Built LeanCert.Engine.FinSumDyadic (7.3s)
2026-09-17T17:28:54.3095485Z ✔ [3644/3718] Built LeanCert.Engine.TaylorModel.Core (12s)
2026-09-17T17:28:56.8171608Z ✔ [3645/3718] Built LeanCert.Engine.Search.Heuristic (3.7s)
2026-09-17T17:28:59.0296798Z ✔ [3646/3718] Built LeanCert.Engine.AD.Transcendental (5.5s)
2026-09-17T17:28:59.2298907Z ✔ [3647/3718] Built LeanCert.Engine.Affine.Environment (4.9s)
2026-09-17T17:28:59.7303875Z ✔ [3648/3718] Built LeanCert.Engine.RootFinding.Bisection (6.5s)
2026-09-17T17:29:00.7305295Z ✔ [3649/3718] Built LeanCert.Engine.WitnessSum (3.0s)
2026-09-17T17:29:02.5328024Z ✔ [3650/3718] Built LeanCert.Engine.TaylorModel.Special (3.4s)
2026-09-17T17:29:03.2384070Z ✔ [3651/3718] Built LeanCert.Engine.TaylorModel.Integral (4.2s)
2026-09-17T17:29:10.2704086Z ✔ [3652/3718] Built LeanCert.Engine.AD.Eval (7.0s)
2026-09-17T17:29:12.2885466Z ✔ [3653/3718] Built LeanCert.Engine.TaylorModel.ExpLog (11s)
2026-09-17T17:29:15.7951144Z ✔ [3654/3718] Built LeanCert.Engine.AD.Correctness (5.5s)
2026-09-17T17:29:16.1989334Z ✔ [3655/3718] Built LeanCert.Engine.TaylorModel.Hyperbolic (16s)
2026-09-17T17:29:17.2009517Z ✔ [3656/3718] Built LeanCert.Engine.TaylorModel.Trig (14s)
2026-09-17T17:29:19.5084095Z ✔ [3657/3718] Built LeanCert.Engine.AD.Computable (3.8s)
2026-09-17T17:29:20.1089815Z ✔ [3658/3718] Built LeanCert.Engine.TaylorModel.Functions (2.9s)
2026-09-17T17:29:22.4187022Z ✔ [3659/3718] Built LeanCert.Engine.AD.PartialCorrectness (6.7s)
2026-09-17T17:29:22.7218072Z ✔ [3660/3718] Built LeanCert.Engine.AD.DomainChecked (3.2s)
2026-09-17T17:29:24.9329818Z ✔ [3661/3718] Built LeanCert.Engine.TaylorModel.Expr (4.8s)
2026-09-17T17:29:26.8413353Z ✔ [3662/3718] Built LeanCert.Engine.AD.Dyadic (4.1s)
2026-09-17T17:29:27.1407852Z ✔ [3663/3718] Built LeanCert.Engine.TaylorModel (2.3s)
2026-09-17T17:29:28.6417466Z ✔ [3664/3718] Built LeanCert.Engine.AD (1.8s)
2026-09-17T17:29:32.9587539Z ✔ [3665/3718] Built LeanCert.Validity.Bounds.Smart (4.3s)
2026-09-17T17:29:33.4582047Z ✔ [3666/3718] Built LeanCert.Engine.IntervalEvalRefined (4.9s)
2026-09-17T17:29:33.7586450Z ✔ [3667/3718] Built LeanCert.Meta.ProveSupported (5.1s)
2026-09-17T17:29:36.5591641Z ✔ [3668/3718] Built LeanCert.Engine.Optimize (7.9s)
2026-09-17T17:29:37.0624119Z ✔ [3669/3718] Built LeanCert.Validity.Bounds.Bridge (4.1s)
2026-09-17T17:29:39.6725081Z ✔ [3670/3718] Built LeanCert.Meta.ProveContinuous (5.9s)
2026-09-17T17:29:41.1740695Z ✔ [3671/3718] Built LeanCert.Tactic.IntervalAuto.ProveCommon (7.4s)
2026-09-17T17:29:43.4772533Z ✔ [3672/3718] Built LeanCert.Engine.RootFinding.Newton (6.4s)
2026-09-17T17:29:43.4778316Z ✔ [3673/3718] Built LeanCert.Validity.Bounds.Basic (3.8s)
2026-09-17T17:29:44.6789114Z ✔ [3674/3718] Built LeanCert.Engine.Optimization.Gradient (8.2s)
2026-09-17T17:29:47.0872126Z ✔ [3675/3718] Built LeanCert.Tactic.IntervalAuto.Basic (3.6s)
2026-09-17T17:29:47.6905056Z ✔ [3676/3718] Built LeanCert.Tactic.LeanCert.Bridge.ReifiedFunction (4.2s)
2026-09-17T17:29:49.0993584Z ✔ [3677/3718] Built LeanCert.Validity.Integration (7.9s)
2026-09-17T17:29:56.2172595Z ✔ [3678/3718] Built LeanCert.Engine.RootFinding.MVTBounds (11s)
2026-09-17T17:29:58.5196932Z ✔ [3679/3718] Built LeanCert.Engine.RootFinding.Krawczyk (10s)
2026-09-17T17:29:58.8200975Z ✔ [3680/3718] Built LeanCert.Tactic.LeanCert.Semantic.Prepare (9.8s)
2026-09-17T17:30:06.4358095Z ✔ [3681/3718] Built LeanCert.Engine.RootFinding.KrawczykCandidate (7.6s)
2026-09-17T17:30:08.3400418Z ✔ [3682/3718] Built LeanCert.Tactic.LeanCert.Integral (12s)
2026-09-17T17:30:08.6402604Z ✔ [3683/3718] Built LeanCert.Engine.RootFinding.Contraction (10s)
2026-09-17T17:30:10.1418217Z ✔ [3684/3718] Built LeanCert.Validity.Krawczyk (3.7s)
2026-09-17T17:30:13.8570332Z ✔ [3685/3718] Built LeanCert.Engine.RootFinding.Main (3.7s)
2026-09-17T17:30:15.5577282Z ✔ [3686/3718] Built LeanCert.Tactic.LeanCert.Solver.Protocol (6.0s)
2026-09-17T17:30:16.9651658Z ✔ [3687/3718] Built LeanCert.Tactic.Extension.Execute (8.6s)
2026-09-17T17:30:18.6696754Z ✔ [3688/3718] Built LeanCert.Engine.Optimization.Global (31s)
2026-09-17T17:30:18.9685732Z ✔ [3689/3718] Built LeanCert.Tactic.LeanCert.Diagnostic.Render (3.4s)
2026-09-17T17:30:20.9744133Z ✔ [3690/3718] Built LeanCert.Tactic.Enclosure (4.1s)
2026-09-17T17:30:22.2752175Z ✔ [3691/3718] Built LeanCert.Validity.Types (3.6s)
2026-09-17T17:30:22.7755326Z ✔ [3692/3718] Built LeanCert.Engine.Optimization.Guided (3.8s)
2026-09-17T17:30:24.8805638Z ✔ [3693/3718] Built LeanCert.Engine.Search.CounterExample (3.9s)
2026-09-17T17:30:26.0833939Z ✔ [3694/3718] Built LeanCert.Validity.Bounds (7.4s)
2026-09-17T17:30:26.1835597Z ✔ [3695/3718] Built LeanCert.Engine.Optimization.BoundVerify (3.9s)
2026-09-17T17:30:29.9997532Z ✔ [3696/3718] Built LeanCert.Discovery.Find (3.0s)
2026-09-17T17:30:30.9999861Z ✔ [3697/3718] Built LeanCert.Tactic.IntervalAuto.RootBound (4.7s)
2026-09-17T17:30:31.1001194Z ✔ [3698/3718] Built LeanCert.Tactic.IntervalAuto.OptBound (4.9s)
2026-09-17T17:30:32.8043420Z ✔ [3699/3718] Built LeanCert.Tactic.IntervalAuto.Multivariate (6.6s)
2026-09-17T17:30:44.9190279Z ✔ [3700/3718] Built LeanCert.Tactic.IntervalAuto.Bound (14s)
2026-09-17T17:30:50.9359802Z ✔ [3701/3718] Built LeanCert.Tactic.IntervalAuto.Subdiv (5.0s)
2026-09-17T17:30:51.8382954Z ✔ [3702/3718] Built LeanCert.Tactic.IntervalAuto.Adaptive (6.9s)
2026-09-17T17:30:55.2423280Z ✔ [3703/3718] Built LeanCert.Tactic.IntervalAuto.PointIneq (10s)
2026-09-17T17:30:57.6442810Z ✔ [3704/3718] Built LeanCert.Tactic.IntervalAuto (2.4s)
2026-09-17T17:31:01.9489060Z ✔ [3705/3718] Built LeanCert.Tactic.Refute (4.3s)
2026-09-17T17:31:02.8489380Z ✔ [3706/3718] Built LeanCert.Tactic.FinSumWitness (5.2s)
2026-09-17T17:31:07.2564070Z ✔ [3707/3718] Built LeanCert.Tactic.FinSumBound (4.5s)
2026-09-17T17:31:10.4623076Z ✔ [3708/3718] Built LeanCert.Tactic.LeanCert.Semantic.Parse (3.2s)
2026-09-17T17:31:11.9640979Z ✔ [3709/3718] Built LeanCert.Tactic.Discovery (14s)
2026-09-17T17:31:13.7659220Z ✔ [3710/3718] Built LeanCert.Tactic.Krawczyk (3.3s)
2026-09-17T17:31:21.4745602Z ✔ [3711/3718] Built LeanCert.Tactic.LeanCert.Router (7.7s)
2026-09-17T17:31:23.9756095Z ✔ [3712/3718] Built LeanCert.Tactic.LeanCert (2.5s)
2026-09-17T17:31:26.4787163Z ✔ [3713/3718] Built LeanCert.Tactic (2.5s)
2026-09-17T17:31:29.2820671Z ℹ [3714/3718] Built NLA.MF05.Numerical (2.7s)
2026-09-17T17:31:29.2821417Z info: NLA/MF05/Numerical.lean:25:0: 'NLA.MF05.half_radius_certificate' depends on axioms: [propext, Classical.choice, Quot.sound]
2026-09-17T17:31:31.8852929Z ℹ [3715/3718] Built NLA.MF05.LocalBall (2.6s)
2026-09-17T17:31:31.8854372Z info: NLA/MF05/LocalBall.lean:46:0: 'NLA.MF05.local_common_norm_ball' depends on axioms: [propext, Classical.choice, Quot.sound]
2026-09-17T17:31:34.3872024Z ℹ [3716/3718] Built NLA.MF05.Final (2.6s)
2026-09-17T17:31:34.3873576Z info: NLA/MF05/Final.lean:47:0: 'NLA.MF05.canonical_local_holder' depends on axioms: [propext, Classical.choice, Quot.sound]
2026-09-17T17:31:36.9901758Z ℹ [3717/3718] Built Solution (2.5s)
2026-09-17T17:31:36.9903008Z info: Solution.lean:16:0: 'NLA.MF05.half_radius_certificate' depends on axioms: [propext, Classical.choice, Quot.sound]
2026-09-17T17:31:36.9904423Z info: Solution.lean:18:0: 'NLA.MF05.spectral_hausdorff_semantics' depends on axioms: [propext, Classical.choice, Quot.sound]
2026-09-17T17:31:36.9906230Z info: Solution.lean:20:0: 'NLA.MF05.general_exponential_envelope' depends on axioms: [propext, Classical.choice, Quot.sound]
2026-09-17T17:31:36.9907743Z info: Solution.lean:22:0: 'NLA.MF05.general_root_limit_semantics' depends on axioms: [propext, Classical.choice, Quot.sound]
2026-09-17T17:31:36.9931868Z info: Solution.lean:24:0: 'NLA.MF05.positive_scaling_semantics' depends on axioms: [propext, Classical.choice, Quot.sound]
2026-09-17T17:31:36.9933194Z info: Solution.lean:26:0: 'NLA.MF05.exponential_bound_controls_radius' depends on axioms: [propext, Classical.choice, Quot.sound]
2026-09-17T17:31:36.9934437Z info: Solution.lean:28:0: 'NLA.MF05.scalar_identity_adjoin_radius' depends on axioms: [propext, Classical.choice, Quot.sound]
2026-09-17T17:31:36.9935910Z info: Solution.lean:30:0: 'NLA.MF05.general_quantitative_comparison' depends on axioms: [propext, Classical.choice, Quot.sound]
2026-09-17T17:31:36.9937110Z info: Solution.lean:32:0: 'NLA.MF05.controlled_comparison_norm' depends on axioms: [propext, Classical.choice, Quot.sound]
2026-09-17T17:31:36.9938226Z info: Solution.lean:34:0: 'NLA.MF05.hausdorff_radius_transfer' depends on axioms: [propext, Classical.choice, Quot.sound]
2026-09-17T17:31:36.9939316Z info: Solution.lean:36:0: 'NLA.MF05.holder_scale_identity' depends on axioms: [propext, Classical.choice, Quot.sound]
2026-09-17T17:31:36.9940377Z info: Solution.lean:38:0: 'NLA.MF05.uniform_holder_estimate' depends on axioms: [propext, Classical.choice, Quot.sound]
2026-09-17T17:31:36.9941455Z info: Solution.lean:40:0: 'NLA.MF05.local_common_norm_ball' depends on axioms: [propext, Classical.choice, Quot.sound]
2026-09-17T17:31:36.9942528Z info: Solution.lean:42:0: 'NLA.MF05.canonical_local_holder' depends on axioms: [propext, Classical.choice, Quot.sound]
2026-09-17T17:31:37.0061755Z Build completed successfully (3718 jobs).
2026-09-17T17:33:27.8342847Z Exporting #[Quot, Quot.mk, Quot.lift, Quot.ind, NLA.MF05.half_radius_certificate, NLA.MF05.spectral_hausdorff_semantics, NLA.MF05.general_exponential_envelope, NLA.MF05.general_root_limit_semantics, NLA.MF05.positive_scaling_semantics, NLA.MF05.exponential_bound_controls_radius, NLA.MF05.scalar_identity_adjoin_radius, NLA.MF05.general_quantitative_comparison, NLA.MF05.controlled_comparison_norm, NLA.MF05.hausdorff_radius_transfer, NLA.MF05.holder_scale_identity, NLA.MF05.uniform_holder_estimate, NLA.MF05.local_common_norm_ball, NLA.MF05.canonical_local_holder, propext, Quot.sound, Classical.choice, Nat.add, Nat.sub, Nat.mul, Nat.pow, Nat.gcd, Nat.div, Nat.mod, Nat.beq, Nat.ble, Nat.land, Nat.lor, Nat.xor, Nat.shiftLeft, Nat.shiftRight, String.ofList, Char.ofNat, List, eagerReduce, Nat, String, String.mk, Char, optParam, autoParam, semiOutParam, outParam] from Solution
2026-09-17T17:33:27.8348030Z Running Lean default kernel on solution.
2026-09-17T17:33:27.8348480Z Lean default kernel accepts the solution
2026-09-17T17:33:27.8348874Z Your solution is okay!
2026-09-17T17:33:32.8360651Z PASS: fresh Comparator run and all controls. Evidence: /home/runner/work/_temp/nla-lean-tools/logs/verify-20260917T172429Z-4155
2026-09-17T17:33:32.8558504Z Node 20 is being deprecated. This workflow is running with Node 24 by default. If you need to temporarily use Node 20, you can set the ACTIONS_ALLOW_USE_UNSECURE_NODE_VERSION=true environment variable. For more information see: https://github.blog/changelog/2025-09-19-deprecation-of-node-20-on-github-actions-runners/
2026-09-17T17:33:32.8561040Z ##[group]Run actions/upload-artifact@ea165f8d65b6e75b540449e92b4886f43607fa02
2026-09-17T17:33:32.8561746Z with:
2026-09-17T17:33:32.8562377Z   name: lean-MF-05
2026-09-17T17:33:32.8562824Z   path: /home/runner/work/_temp/nla-lean-tools/logs/
2026-09-17T17:33:32.8563417Z   if-no-files-found: warn
2026-09-17T17:33:32.8563842Z   compression-level: 6
2026-09-17T17:33:32.8564238Z   overwrite: false
2026-09-17T17:33:32.8564628Z   include-hidden-files: false
2026-09-17T17:33:32.8565273Z env:
2026-09-17T17:33:32.8565716Z   GOTOOLCHAIN: local
2026-09-17T17:33:32.8566111Z   XDG_RUNTIME_DIR: /run/user/1001
2026-09-17T17:33:32.8566697Z   DBUS_SESSION_BUS_ADDRESS: unix:path=/run/user/1001/bus
2026-09-17T17:33:32.8567268Z ##[endgroup]
2026-09-17T17:33:33.1466650Z (node:7675) [DEP0040] DeprecationWarning: The `punycode` module is deprecated. Please use a userland alternative instead.
2026-09-17T17:33:33.1468276Z (Use `node --trace-deprecation ...` to show where the warning was created)
2026-09-17T17:33:33.1648330Z With the provided path, there will be 13 files uploaded
2026-09-17T17:33:33.1654984Z Artifact name is valid!
2026-09-17T17:33:33.1655864Z Root directory input is valid!
2026-09-17T17:33:33.3866908Z Beginning upload of artifact content to blob storage
2026-09-17T17:33:33.4362798Z (node:7675) [DEP0169] DeprecationWarning: `url.parse()` behavior is not standardized and prone to errors that have security implications. Use the WHATWG URL API instead. CVEs are not issued for `url.parse()` vulnerabilities.
2026-09-17T17:33:33.4657023Z Uploaded bytes 25743
2026-09-17T17:33:33.4804327Z Finished uploading artifact content to blob storage!
2026-09-17T17:33:33.4806204Z SHA256 digest of uploaded artifact zip is 5f64d89ab03bcc87d562b75fb492d2ec82f90d91da5f92bcf2776f2b76242e41
2026-09-17T17:33:33.4807873Z Finalizing artifact upload
2026-09-17T17:33:33.7052082Z Artifact lean-MF-05.zip successfully finalized. Artifact ID 10512231092
2026-09-17T17:33:33.7053556Z Artifact lean-MF-05 has been successfully uploaded! Final size is 25743 bytes. Artifact ID is 10512231092
2026-09-17T17:33:33.7060293Z Artifact download URL: https://github.com/sgstepaniants/OpenProblemsInNLA/actions/runs/35252365986/artifacts/10512231092
2026-09-17T17:33:33.7239951Z Post job cleanup.
2026-09-17T17:33:33.8625835Z Node 20 is being deprecated. This workflow is running with Node 24 by default. If you need to temporarily use Node 20, you can set the ACTIONS_ALLOW_USE_UNSECURE_NODE_VERSION=true environment variable. For more information see: https://github.blog/changelog/2025-09-19-deprecation-of-node-20-on-github-actions-runners/
2026-09-17T17:33:33.8627151Z Post job cleanup.
2026-09-17T17:33:33.9646855Z [command]/usr/bin/git version
2026-09-17T17:33:33.9703198Z git version 2.55.0
2026-09-17T17:33:33.9768484Z Temporarily overriding HOME='/home/runner/work/_temp/cc2a1d46-2adf-49fd-9b9a-f1cc9d8adf80' before making global git config changes
2026-09-17T17:33:33.9770247Z Adding repository directory to the temporary git global config as a safe directory
2026-09-17T17:33:33.9776896Z [command]/usr/bin/git config --global --add safe.directory /home/runner/work/OpenProblemsInNLA/OpenProblemsInNLA
2026-09-17T17:33:33.9804473Z [command]/usr/bin/git config --local --name-only --get-regexp core\.sshCommand
2026-09-17T17:33:33.9848442Z [command]/usr/bin/git submodule foreach --recursive sh -c "git config --local --name-only --get-regexp 'core\.sshCommand' && git config --local --unset-all 'core.sshCommand' || :"
2026-09-17T17:33:34.0227083Z [command]/usr/bin/git config --local --name-only --get-regexp http\.https\:\/\/github\.com\/\.extraheader
2026-09-17T17:33:34.0268969Z [command]/usr/bin/git submodule foreach --recursive sh -c "git config --local --name-only --get-regexp 'http\.https\:\/\/github\.com\/\.extraheader' && git config --local --unset-all 'http.https://github.com/.extraheader' || :"
2026-09-17T17:33:34.0594314Z [command]/usr/bin/git config --local --name-only --get-regexp ^includeIf\.gitdir:
2026-09-17T17:33:34.0641772Z [command]/usr/bin/git submodule foreach --recursive git config --local --show-origin --name-only --get-regexp remote.origin.url
2026-09-17T17:33:34.1113105Z Cleaning up orphan processes
2026-09-17T17:33:34.1426378Z ##[warning]Node.js 20 is deprecated. The following actions target Node.js 20 but are being forced to run on Node.js 24: actions/checkout@11d5960a326750d5838078e36cf38b85af677262, actions/upload-artifact@ea165f8d65b6e75b540449e92b4886f43607fa02. For more information see: https://github.blog/changelog/2025-09-19-deprecation-of-node-20-on-github-actions-runners/
