2026-09-17T06:52:39.6796520Z Current runner version: '2.337.0'
2026-09-17T06:52:39.6822685Z ##[group]Runner Image Provisioner
2026-09-17T06:52:39.6823635Z Hosted Compute Agent
2026-09-17T06:52:39.6824354Z Version: 20260828.587
2026-09-17T06:52:39.6825032Z Commit: abac92662cab4cc7352de4f9f9d2e2419aad9c29
2026-09-17T06:52:39.6825831Z Build Date: 2026-08-28T16:44:25Z
2026-09-17T06:52:39.6826594Z Worker ID: {602aa0bb-c797-469a-8f64-f54b52e0bc6c}
2026-09-17T06:52:39.6827317Z Azure Region: westus2
2026-09-17T06:52:39.6828226Z ##[endgroup]
2026-09-17T06:52:39.6830154Z ##[group]Operating System
2026-09-17T06:52:39.6830851Z Ubuntu
2026-09-17T06:52:39.6831861Z 24.04.5
2026-09-17T06:52:39.6832494Z LTS
2026-09-17T06:52:39.6833022Z ##[endgroup]
2026-09-17T06:52:39.6833659Z ##[group]Runner Image
2026-09-17T06:52:39.6834399Z Image: ubuntu-24.04
2026-09-17T06:52:39.6835102Z Version: 20260907.300.1
2026-09-17T06:52:39.6836374Z Included Software: https://github.com/actions/runner-images/blob/ubuntu24/20260907.300/images/ubuntu/Ubuntu2404-Readme.md
2026-09-17T06:52:39.6838232Z Image Release: https://github.com/actions/runner-images/releases/tag/ubuntu24%2F20260907.300
2026-09-17T06:52:39.6839271Z ##[endgroup]
2026-09-17T06:52:39.6840452Z ##[group]GITHUB_TOKEN Permissions
2026-09-17T06:52:39.6842859Z Contents: read
2026-09-17T06:52:39.6843584Z Metadata: read
2026-09-17T06:52:39.6844203Z ##[endgroup]
2026-09-17T06:52:39.6846308Z Secret source: Actions
2026-09-17T06:52:39.6847409Z Cache mode: write
2026-09-17T06:52:39.6848472Z Prepare workflow directory
2026-09-17T06:52:39.7197667Z Prepare all required actions
2026-09-17T06:52:39.7250443Z Getting action download info
2026-09-17T06:52:40.1271558Z Download action repository 'actions/checkout@11d5960a326750d5838078e36cf38b85af677262' (SHA:11d5960a326750d5838078e36cf38b85af677262)
2026-09-17T06:52:40.2621307Z Download action repository 'actions/setup-go@924ae3a1cded613372ab5595356fb5720e22ba16' (SHA:924ae3a1cded613372ab5595356fb5720e22ba16)
2026-09-17T06:52:40.4932091Z Download action repository 'leanprover/lean-action@96e06131c0e9943c780388fd166f55d1e2fa0433' (SHA:96e06131c0e9943c780388fd166f55d1e2fa0433)
2026-09-17T06:52:40.7025903Z Download action repository 'actions/upload-artifact@ea165f8d65b6e75b540449e92b4886f43607fa02' (SHA:ea165f8d65b6e75b540449e92b4886f43607fa02)
2026-09-17T06:52:40.9419697Z Getting action download info
2026-09-17T06:52:41.0864097Z Download action repository 'actions/cache@v5' (SHA:caa296126883cff596d87d8935842f9db880ef25)
2026-09-17T06:52:41.2862039Z Complete job name: verify (MI-13, matrix-inequalities-and-norms/MI-13/lean)
2026-09-17T06:52:41.3876309Z Node 20 is being deprecated. This workflow is running with Node 24 by default. If you need to temporarily use Node 20, you can set the ACTIONS_ALLOW_USE_UNSECURE_NODE_VERSION=true environment variable. For more information see: https://github.blog/changelog/2025-09-19-deprecation-of-node-20-on-github-actions-runners/
2026-09-17T06:52:41.3888214Z ##[group]Run actions/checkout@11d5960a326750d5838078e36cf38b85af677262
2026-09-17T06:52:41.3889920Z with:
2026-09-17T06:52:41.3890759Z   persist-credentials: false
2026-09-17T06:52:41.3891838Z   repository: sgstepaniants/OpenProblemsInNLA
2026-09-17T06:52:41.3901256Z   token: ***
2026-09-17T06:52:41.3902081Z   ssh-strict: true
2026-09-17T06:52:41.3902904Z   ssh-user: git
2026-09-17T06:52:41.3903689Z   clean: true
2026-09-17T06:52:41.3904527Z   sparse-checkout-cone-mode: true
2026-09-17T06:52:41.3905526Z   fetch-depth: 1
2026-09-17T06:52:41.3906341Z   fetch-tags: false
2026-09-17T06:52:41.3907163Z   show-progress: true
2026-09-17T06:52:41.3908210Z   lfs: false
2026-09-17T06:52:41.3909004Z   submodules: false
2026-09-17T06:52:41.3909844Z   set-safe-directory: true
2026-09-17T06:52:41.3910801Z   allow-unsafe-pr-checkout: false
2026-09-17T06:52:41.3912122Z ##[endgroup]
2026-09-17T06:52:41.4996255Z Syncing repository: sgstepaniants/OpenProblemsInNLA
2026-09-17T06:52:41.4999856Z ##[group]Getting Git version info
2026-09-17T06:52:41.5001410Z Working directory is '/home/runner/work/OpenProblemsInNLA/OpenProblemsInNLA'
2026-09-17T06:52:41.5004134Z [command]/usr/bin/git version
2026-09-17T06:52:41.5090998Z git version 2.55.0
2026-09-17T06:52:41.5111636Z ##[endgroup]
2026-09-17T06:52:41.5123846Z Temporarily overriding HOME='/home/runner/work/_temp/9a9fd183-7858-4d8f-8ae4-6bc4406ec52d' before making global git config changes
2026-09-17T06:52:41.5129366Z Adding repository directory to the temporary git global config as a safe directory
2026-09-17T06:52:41.5133953Z [command]/usr/bin/git config --global --add safe.directory /home/runner/work/OpenProblemsInNLA/OpenProblemsInNLA
2026-09-17T06:52:41.5191503Z Deleting the contents of '/home/runner/work/OpenProblemsInNLA/OpenProblemsInNLA'
2026-09-17T06:52:41.5196732Z ##[group]Initializing the repository
2026-09-17T06:52:41.5202141Z [command]/usr/bin/git init /home/runner/work/OpenProblemsInNLA/OpenProblemsInNLA
2026-09-17T06:52:41.5319389Z hint: Using 'master' as the name for the initial branch. This default branch name
2026-09-17T06:52:41.5322626Z hint: will change to "main" in Git 3.0. To configure the initial branch name
2026-09-17T06:52:41.5325740Z hint: to use in all of your new repositories, which will suppress this warning,
2026-09-17T06:52:41.5328385Z hint: call:
2026-09-17T06:52:41.5329639Z hint:
2026-09-17T06:52:41.5331165Z hint: 	git config --global init.defaultBranch <name>
2026-09-17T06:52:41.5333107Z hint:
2026-09-17T06:52:41.5334906Z hint: Names commonly chosen instead of 'master' are 'main', 'trunk' and
2026-09-17T06:52:41.5338136Z hint: 'development'. The just-created branch can be renamed via this command:
2026-09-17T06:52:41.5340572Z hint:
2026-09-17T06:52:41.5341773Z hint: 	git branch -m <name>
2026-09-17T06:52:41.5343225Z hint:
2026-09-17T06:52:41.5345265Z hint: Disable this message with "git config set advice.defaultBranchName false"
2026-09-17T06:52:41.5354727Z Initialized empty Git repository in /home/runner/work/OpenProblemsInNLA/OpenProblemsInNLA/.git/
2026-09-17T06:52:41.5366494Z [command]/usr/bin/git remote add origin https://github.com/sgstepaniants/OpenProblemsInNLA
2026-09-17T06:52:41.5425753Z ##[endgroup]
2026-09-17T06:52:41.5429339Z ##[group]Disabling automatic garbage collection
2026-09-17T06:52:41.5431526Z [command]/usr/bin/git config --local gc.auto 0
2026-09-17T06:52:41.5470457Z ##[endgroup]
2026-09-17T06:52:41.5473109Z ##[group]Setting up auth
2026-09-17T06:52:41.5477513Z [command]/usr/bin/git config --local --name-only --get-regexp core\.sshCommand
2026-09-17T06:52:41.5534639Z [command]/usr/bin/git submodule foreach --recursive sh -c "git config --local --name-only --get-regexp 'core\.sshCommand' && git config --local --unset-all 'core.sshCommand' || :"
2026-09-17T06:52:41.5933413Z [command]/usr/bin/git config --local --name-only --get-regexp http\.https\:\/\/github\.com\/\.extraheader
2026-09-17T06:52:41.5974030Z [command]/usr/bin/git submodule foreach --recursive sh -c "git config --local --name-only --get-regexp 'http\.https\:\/\/github\.com\/\.extraheader' && git config --local --unset-all 'http.https://github.com/.extraheader' || :"
2026-09-17T06:52:41.6201533Z [command]/usr/bin/git config --local --name-only --get-regexp ^includeIf\.gitdir:
2026-09-17T06:52:41.6240334Z [command]/usr/bin/git submodule foreach --recursive git config --local --show-origin --name-only --get-regexp remote.origin.url
2026-09-17T06:52:41.6489083Z [command]/usr/bin/git config --local http.https://github.com/.extraheader AUTHORIZATION: basic ***
2026-09-17T06:52:41.6538481Z ##[endgroup]
2026-09-17T06:52:41.6539943Z ##[group]Fetching the repository
2026-09-17T06:52:41.6555015Z [command]/usr/bin/git -c protocol.version=2 fetch --no-tags --prune --no-recurse-submodules --depth=1 origin +e37310121f154b1a0d94efa4f98fdcd469177134:refs/remotes/origin/codex/lean-mi13-verification
2026-09-17T06:52:49.0658264Z From https://github.com/sgstepaniants/OpenProblemsInNLA
2026-09-17T06:52:49.0659951Z  * [new ref]           e37310121f154b1a0d94efa4f98fdcd469177134 -> origin/codex/lean-mi13-verification
2026-09-17T06:52:49.0663025Z ##[endgroup]
2026-09-17T06:52:49.0663928Z ##[group]Determining the checkout info
2026-09-17T06:52:49.0666244Z ##[endgroup]
2026-09-17T06:52:49.0673596Z [command]/usr/bin/git sparse-checkout disable
2026-09-17T06:52:49.0728888Z [command]/usr/bin/git config --local --unset-all extensions.worktreeConfig
2026-09-17T06:52:49.0761913Z ##[group]Checking out the ref
2026-09-17T06:52:49.0767158Z [command]/usr/bin/git checkout --progress --force -B codex/lean-mi13-verification refs/remotes/origin/codex/lean-mi13-verification
2026-09-17T06:52:50.1264530Z Updating files:  43% (13584/31368)
2026-09-17T06:52:50.1460503Z Updating files:  44% (13802/31368)
2026-09-17T06:52:50.1714864Z Updating files:  45% (14116/31368)
2026-09-17T06:52:50.1878490Z Updating files:  46% (14430/31368)
2026-09-17T06:52:50.2184903Z Updating files:  47% (14743/31368)
2026-09-17T06:52:50.2431900Z Updating files:  48% (15057/31368)
2026-09-17T06:52:50.2652142Z Updating files:  49% (15371/31368)
2026-09-17T06:52:50.2823595Z Updating files:  50% (15684/31368)
2026-09-17T06:52:50.3042171Z Updating files:  51% (15998/31368)
2026-09-17T06:52:50.3249572Z Updating files:  52% (16312/31368)
2026-09-17T06:52:50.3452639Z Updating files:  53% (16626/31368)
2026-09-17T06:52:50.3703439Z Updating files:  54% (16939/31368)
2026-09-17T06:52:50.3932895Z Updating files:  55% (17253/31368)
2026-09-17T06:52:50.4188513Z Updating files:  56% (17567/31368)
2026-09-17T06:52:50.4471313Z Updating files:  57% (17880/31368)
2026-09-17T06:52:50.4671331Z Updating files:  58% (18194/31368)
2026-09-17T06:52:50.4858335Z Updating files:  59% (18508/31368)
2026-09-17T06:52:50.5022934Z Updating files:  60% (18821/31368)
2026-09-17T06:52:50.5196077Z Updating files:  61% (19135/31368)
2026-09-17T06:52:50.5394411Z Updating files:  62% (19449/31368)
2026-09-17T06:52:50.5659773Z Updating files:  63% (19762/31368)
2026-09-17T06:52:50.5854028Z Updating files:  64% (20076/31368)
2026-09-17T06:52:50.6040654Z Updating files:  65% (20390/31368)
2026-09-17T06:52:50.6212861Z Updating files:  66% (20703/31368)
2026-09-17T06:52:50.6385830Z Updating files:  67% (21017/31368)
2026-09-17T06:52:50.6572625Z Updating files:  68% (21331/31368)
2026-09-17T06:52:50.6770877Z Updating files:  69% (21644/31368)
2026-09-17T06:52:50.6919067Z Updating files:  70% (21958/31368)
2026-09-17T06:52:50.7081161Z Updating files:  71% (22272/31368)
2026-09-17T06:52:50.7280613Z Updating files:  72% (22585/31368)
2026-09-17T06:52:50.7514890Z Updating files:  73% (22899/31368)
2026-09-17T06:52:50.7673706Z Updating files:  74% (23213/31368)
2026-09-17T06:52:50.7840094Z Updating files:  75% (23526/31368)
2026-09-17T06:52:50.8071231Z Updating files:  76% (23840/31368)
2026-09-17T06:52:50.8244881Z Updating files:  77% (24154/31368)
2026-09-17T06:52:50.8405720Z Updating files:  78% (24468/31368)
2026-09-17T06:52:50.8631098Z Updating files:  79% (24781/31368)
2026-09-17T06:52:50.8992609Z Updating files:  80% (25095/31368)
2026-09-17T06:52:50.9230834Z Updating files:  81% (25409/31368)
2026-09-17T06:52:50.9515546Z Updating files:  82% (25722/31368)
2026-09-17T06:52:51.1057766Z Updating files:  83% (26036/31368)
2026-09-17T06:52:51.1119190Z Updating files:  84% (26350/31368)
2026-09-17T06:52:51.1386298Z Updating files:  84% (26391/31368)
2026-09-17T06:52:51.1860976Z Updating files:  85% (26663/31368)
2026-09-17T06:52:51.2915483Z Updating files:  86% (26977/31368)
2026-09-17T06:52:51.3616272Z Updating files:  87% (27291/31368)
2026-09-17T06:52:51.3980753Z Updating files:  88% (27604/31368)
2026-09-17T06:52:51.4634297Z Updating files:  89% (27918/31368)
2026-09-17T06:52:51.5141933Z Updating files:  90% (28232/31368)
2026-09-17T06:52:51.6123564Z Updating files:  91% (28545/31368)
2026-09-17T06:52:51.6452600Z Updating files:  92% (28859/31368)
2026-09-17T06:52:51.6768564Z Updating files:  93% (29173/31368)
2026-09-17T06:52:51.7005015Z Updating files:  94% (29486/31368)
2026-09-17T06:52:51.7301183Z Updating files:  95% (29800/31368)
2026-09-17T06:52:51.7515867Z Updating files:  96% (30114/31368)
2026-09-17T06:52:51.7696873Z Updating files:  97% (30427/31368)
2026-09-17T06:52:51.7891851Z Updating files:  98% (30741/31368)
2026-09-17T06:52:51.8077253Z Updating files:  99% (31055/31368)
2026-09-17T06:52:51.8077731Z Updating files: 100% (31368/31368)
2026-09-17T06:52:51.8078408Z Updating files: 100% (31368/31368), done.
2026-09-17T06:52:51.8465062Z Switched to a new branch 'codex/lean-mi13-verification'
2026-09-17T06:52:51.8470131Z branch 'codex/lean-mi13-verification' set up to track 'origin/codex/lean-mi13-verification'.
2026-09-17T06:52:51.8572080Z ##[endgroup]
2026-09-17T06:52:51.8621232Z [command]/usr/bin/git log -1 --format=%H
2026-09-17T06:52:51.8651504Z e37310121f154b1a0d94efa4f98fdcd469177134
2026-09-17T06:52:51.8666360Z ##[group]Removing auth
2026-09-17T06:52:51.8676968Z [command]/usr/bin/git config --local --name-only --get-regexp core\.sshCommand
2026-09-17T06:52:51.8705988Z [command]/usr/bin/git submodule foreach --recursive sh -c "git config --local --name-only --get-regexp 'core\.sshCommand' && git config --local --unset-all 'core.sshCommand' || :"
2026-09-17T06:52:51.8966159Z [command]/usr/bin/git config --local --name-only --get-regexp http\.https\:\/\/github\.com\/\.extraheader
2026-09-17T06:52:51.8996411Z http.https://github.com/.extraheader
2026-09-17T06:52:51.9013449Z [command]/usr/bin/git config --local --unset-all http.https://github.com/.extraheader
2026-09-17T06:52:51.9043556Z [command]/usr/bin/git submodule foreach --recursive sh -c "git config --local --name-only --get-regexp 'http\.https\:\/\/github\.com\/\.extraheader' && git config --local --unset-all 'http.https://github.com/.extraheader' || :"
2026-09-17T06:52:51.9301028Z [command]/usr/bin/git config --local --name-only --get-regexp ^includeIf\.gitdir:
2026-09-17T06:52:51.9336016Z [command]/usr/bin/git submodule foreach --recursive git config --local --show-origin --name-only --get-regexp remote.origin.url
2026-09-17T06:52:51.9588669Z ##[endgroup]
2026-09-17T06:52:51.9792846Z ##[group]Run python3 -m pip install -r tools/lean/requirements.txt
2026-09-17T06:52:51.9793406Z [36;1mpython3 -m pip install -r tools/lean/requirements.txt[0m
2026-09-17T06:52:51.9793883Z [36;1mpython3 tools/lean/validate_manifest.py "$LEAN_PROJECT"[0m
2026-09-17T06:52:51.9835019Z shell: /usr/bin/bash -e {0}
2026-09-17T06:52:51.9835286Z env:
2026-09-17T06:52:51.9835588Z   LEAN_PROJECT: matrix-inequalities-and-norms/MI-13/lean
2026-09-17T06:52:51.9835930Z ##[endgroup]
2026-09-17T06:52:53.4631088Z Defaulting to user installation because normal site-packages is not writeable
2026-09-17T06:52:54.3821550Z Collecting PyYAML==6.0.3 (from -r tools/lean/requirements.txt (line 1))
2026-09-17T06:52:54.4208535Z   Downloading pyyaml-6.0.3-cp312-cp312-manylinux2014_x86_64.manylinux_2_17_x86_64.manylinux_2_28_x86_64.whl.metadata (2.4 kB)
2026-09-17T06:52:54.4636749Z Collecting jsonschema==4.26.0 (from -r tools/lean/requirements.txt (line 2))
2026-09-17T06:52:54.4705762Z   Downloading jsonschema-4.26.0-py3-none-any.whl.metadata (7.6 kB)
2026-09-17T06:52:54.4879944Z Requirement already satisfied: attrs>=22.2.0 in /usr/lib/python3/dist-packages (from jsonschema==4.26.0->-r tools/lean/requirements.txt (line 2)) (23.2.0)
2026-09-17T06:52:54.5105276Z Collecting jsonschema-specifications>=2023.03.6 (from jsonschema==4.26.0->-r tools/lean/requirements.txt (line 2))
2026-09-17T06:52:54.5170271Z   Downloading jsonschema_specifications-2025.9.1-py3-none-any.whl.metadata (2.9 kB)
2026-09-17T06:52:54.5602313Z Collecting referencing>=0.28.4 (from jsonschema==4.26.0->-r tools/lean/requirements.txt (line 2))
2026-09-17T06:52:54.5666207Z   Downloading referencing-0.37.0-py3-none-any.whl.metadata (2.8 kB)
2026-09-17T06:52:54.9091692Z Collecting rpds-py>=0.25.0 (from jsonschema==4.26.0->-r tools/lean/requirements.txt (line 2))
2026-09-17T06:52:54.9156690Z   Downloading rpds_py-2026.6.3-cp312-cp312-manylinux_2_17_x86_64.manylinux2014_x86_64.whl.metadata (4.1 kB)
2026-09-17T06:52:54.9496293Z Requirement already satisfied: typing-extensions>=4.4.0 in /usr/lib/python3/dist-packages (from referencing>=0.28.4->jsonschema==4.26.0->-r tools/lean/requirements.txt (line 2)) (4.10.0)
2026-09-17T06:52:54.9592569Z Downloading pyyaml-6.0.3-cp312-cp312-manylinux2014_x86_64.manylinux_2_17_x86_64.manylinux_2_28_x86_64.whl (807 kB)
2026-09-17T06:52:54.9896118Z    ━━━━━━━━━━━━━━━━━━━━━━━━━━━━━━━━━━━━━━━━ 807.9/807.9 kB 29.8 MB/s eta 0:00:00
2026-09-17T06:52:54.9958447Z Downloading jsonschema-4.26.0-py3-none-any.whl (90 kB)
2026-09-17T06:52:55.0000223Z    ━━━━━━━━━━━━━━━━━━━━━━━━━━━━━━━━━━━━━━━━ 90.6/90.6 kB 35.1 MB/s eta 0:00:00
2026-09-17T06:52:55.0061580Z Downloading jsonschema_specifications-2025.9.1-py3-none-any.whl (18 kB)
2026-09-17T06:52:55.0145776Z Downloading referencing-0.37.0-py3-none-any.whl (26 kB)
2026-09-17T06:52:55.0227876Z Downloading rpds_py-2026.6.3-cp312-cp312-manylinux_2_17_x86_64.manylinux2014_x86_64.whl (366 kB)
2026-09-17T06:52:55.0282738Z    ━━━━━━━━━━━━━━━━━━━━━━━━━━━━━━━━━━━━━━━ 366.2/366.2 kB 101.8 MB/s eta 0:00:00
2026-09-17T06:52:55.3218817Z Installing collected packages: rpds-py, PyYAML, referencing, jsonschema-specifications, jsonschema
2026-09-17T06:52:55.4894600Z Successfully installed PyYAML-6.0.3 jsonschema-4.26.0 jsonschema-specifications-2025.9.1 referencing-0.37.0 rpds-py-2026.6.3
2026-09-17T06:52:55.7495233Z Manifest schema and comparator coverage: PASS (36 declarations)
2026-09-17T06:52:55.7726660Z ##[group]Run actions/setup-go@924ae3a1cded613372ab5595356fb5720e22ba16
2026-09-17T06:52:55.7727069Z with:
2026-09-17T06:52:55.7727265Z   go-version: 1.27.1
2026-09-17T06:52:55.7727476Z   cache: false
2026-09-17T06:52:55.7727672Z   check-latest: false
2026-09-17T06:52:55.7730366Z   token: ***
2026-09-17T06:52:55.7730580Z ##[endgroup]
2026-09-17T06:52:55.8988659Z Setup go version spec 1.27.1
2026-09-17T06:52:55.9019138Z Attempting to download 1.27.1...
2026-09-17T06:52:56.5820402Z matching 1.27.1...
2026-09-17T06:52:56.5848971Z Acquiring 1.27.1 from https://github.com/actions/go-versions/releases/download/1.27.1-33583469715/go-1.27.1-linux-x64.tar.gz
2026-09-17T06:52:57.0865476Z Extracting Go...
2026-09-17T06:52:57.0981671Z [command]/usr/bin/tar xz --warning=no-unknown-keyword --overwrite -C /home/runner/work/_temp/afdb7119-532b-4796-b606-1485b1c48ecf -f /home/runner/work/_temp/c3a3e860-2a6d-4c57-8a06-243390c1e9c6
2026-09-17T06:52:58.7757873Z Successfully extracted go to /home/runner/work/_temp/afdb7119-532b-4796-b606-1485b1c48ecf
2026-09-17T06:52:58.7758651Z Adding to the cache ...
2026-09-17T06:53:04.8758831Z Successfully cached go to /opt/hostedtoolcache/go/1.27.1/x64
2026-09-17T06:53:04.8760524Z Added go to the path
2026-09-17T06:53:04.8763252Z Successfully set up Go version 1.27.1
2026-09-17T06:53:04.9051328Z go version go1.27.1 linux/amd64
2026-09-17T06:53:04.9051543Z 
2026-09-17T06:53:04.9051875Z ##[group]go env
2026-09-17T06:53:05.0344995Z AR='ar'
2026-09-17T06:53:05.0345464Z CC='gcc'
2026-09-17T06:53:05.0345810Z CGO_CFLAGS='-O2 -g'
2026-09-17T06:53:05.0346177Z CGO_CPPFLAGS=''
2026-09-17T06:53:05.0346518Z CGO_CXXFLAGS='-O2 -g'
2026-09-17T06:53:05.0346865Z CGO_ENABLED='1'
2026-09-17T06:53:05.0347178Z CGO_FFLAGS='-O2 -g'
2026-09-17T06:53:05.0347521Z CGO_LDFLAGS='-O2 -g'
2026-09-17T06:53:05.0348221Z CXX='g++'
2026-09-17T06:53:05.0348555Z GCCGO='gccgo'
2026-09-17T06:53:05.0348877Z GO111MODULE=''
2026-09-17T06:53:05.0349188Z GOAMD64='v1'
2026-09-17T06:53:05.0349479Z GOARCH='amd64'
2026-09-17T06:53:05.0349813Z GOAUTH='netrc'
2026-09-17T06:53:05.0350147Z GOBIN='/home/runner/go/bin'
2026-09-17T06:53:05.0350644Z GOCACHE='/home/runner/.cache/go-build'
2026-09-17T06:53:05.0351095Z GOCACHEPROG=''
2026-09-17T06:53:05.0351418Z GODEBUG=''
2026-09-17T06:53:05.0351762Z GOENV='/home/runner/.config/go/env'
2026-09-17T06:53:05.0352224Z GOEXE=''
2026-09-17T06:53:05.0352522Z GOEXPERIMENT=''
2026-09-17T06:53:05.0352846Z GOFIPS140='off'
2026-09-17T06:53:05.0353151Z GOFLAGS=''
2026-09-17T06:53:05.0354222Z GOGCCFLAGS='-fPIC -m64 -pthread -Wl,--no-gc-sections -fmessage-length=0 -ffile-prefix-map=/tmp/go-build1588385437=/tmp/go-build -gno-record-gcc-switches'
2026-09-17T06:53:05.0355289Z GOHOSTARCH='amd64'
2026-09-17T06:53:05.0355623Z GOHOSTOS='linux'
2026-09-17T06:53:05.0355935Z GOINSECURE=''
2026-09-17T06:53:05.0356274Z GOMOD='/dev/null'
2026-09-17T06:53:05.0357037Z GOMODCACHE='/home/runner/go/pkg/mod'
2026-09-17T06:53:05.0357579Z GONOPROXY=''
2026-09-17T06:53:05.0358168Z GONOSUMDB=''
2026-09-17T06:53:05.0358554Z GOOS='linux'
2026-09-17T06:53:05.0358932Z GOPACKAGESDRIVER=''
2026-09-17T06:53:05.0359340Z GOPATH='/home/runner/go'
2026-09-17T06:53:05.0359710Z GOPRIVATE=''
2026-09-17T06:53:05.0360118Z GOPROXY='https://proxy.golang.org,direct'
2026-09-17T06:53:05.0360631Z GOROOT='/opt/hostedtoolcache/go/1.27.1/x64'
2026-09-17T06:53:05.0361103Z GOSUMDB='sum.golang.org'
2026-09-17T06:53:05.0361502Z GOTELEMETRY='local'
2026-09-17T06:53:05.0361963Z GOTELEMETRYDIR='/home/runner/.config/go/telemetry'
2026-09-17T06:53:05.0362551Z GOTMPDIR=''
2026-09-17T06:53:05.0362946Z GOTOOLCHAIN='local'
2026-09-17T06:53:05.0363529Z GOTOOLDIR='/opt/hostedtoolcache/go/1.27.1/x64/pkg/tool/linux_amd64'
2026-09-17T06:53:05.0364214Z GOVCS=''
2026-09-17T06:53:05.0364562Z GOVERSION='go1.27.1'
2026-09-17T06:53:05.0364913Z GOWORK=''
2026-09-17T06:53:05.0365304Z PKG_CONFIG='pkg-config'
2026-09-17T06:53:05.0365591Z 
2026-09-17T06:53:05.0366155Z ##[endgroup]
2026-09-17T06:53:05.0770113Z ##[group]Run leanprover/lean-action@96e06131c0e9943c780388fd166f55d1e2fa0433
2026-09-17T06:53:05.0770541Z with:
2026-09-17T06:53:05.0770851Z   lake-package-directory: matrix-inequalities-and-norms/MI-13/lean
2026-09-17T06:53:05.0771228Z   auto-config: false
2026-09-17T06:53:05.0771435Z   build: false
2026-09-17T06:53:05.0771624Z   test: false
2026-09-17T06:53:05.0771816Z   lint: false
2026-09-17T06:53:05.0772011Z   use-mathlib-cache: false
2026-09-17T06:53:05.0772254Z   use-github-cache: false
2026-09-17T06:53:05.0772477Z   mk_all-check: false
2026-09-17T06:53:05.0772710Z   check-reservoir-eligibility: false
2026-09-17T06:53:05.0772980Z   leanchecker: false
2026-09-17T06:53:05.0773190Z   lean4checker: false
2026-09-17T06:53:05.0773393Z   nanoda: false
2026-09-17T06:53:05.0773596Z   nanoda-allow-sorry: true
2026-09-17T06:53:05.0773822Z   axiom-audit: false
2026-09-17T06:53:05.0774096Z   axiom-audit-allow: propext,Classical.choice,Quot.sound
2026-09-17T06:53:05.0774518Z   reinstall-transient-toolchain: false
2026-09-17T06:53:05.0774782Z env:
2026-09-17T06:53:05.0774961Z   GOTOOLCHAIN: local
2026-09-17T06:53:05.0775165Z ##[endgroup]
2026-09-17T06:53:05.0846347Z ##[start-action display=install elan;id=__leanprover_lean-action.__run]
2026-09-17T06:53:05.0870206Z ##[group]Run : Install Elan
2026-09-17T06:53:05.0870490Z [36;1m: Install Elan[0m
2026-09-17T06:53:05.0870769Z [36;1m${GITHUB_ACTION_PATH}/scripts/install_elan.sh[0m
2026-09-17T06:53:05.0909915Z shell: /usr/bin/bash --noprofile --norc -e -o pipefail {0}
2026-09-17T06:53:05.0910263Z env:
2026-09-17T06:53:05.0910464Z   GOTOOLCHAIN: local
2026-09-17T06:53:05.0910688Z ##[endgroup]
2026-09-17T06:53:05.0996977Z ##[group]Elan Installation Output
2026-09-17T06:53:05.1515808Z info: downloading installer
2026-09-17T06:53:06.0700832Z info: downloading https://releases.lean-lang.org/lean4/v4.33.1/lean-4.33.1-linux.tar.zst
2026-09-17T06:53:09.8902844Z info: installing /home/runner/.elan/toolchains/leanprover--lean4---v4.33.1
2026-09-17T06:53:16.7539857Z Lean (version 4.33.1, x86_64-unknown-linux-gnu, commit 819816b2e0a3bf405af45ae5c7af2491d8f5bee6, Release)
2026-09-17T06:53:16.8022675Z Lake version 5.0.0-src+819816b (Lean version 4.33.1)
2026-09-17T06:53:16.8097311Z ##[endgroup]
2026-09-17T06:53:16.8097536Z 
2026-09-17T06:53:16.8118258Z ##[end-action id=__leanprover_lean-action.__run;outcome=success;conclusion=success;duration_ms=11727]
2026-09-17T06:53:16.8122932Z ##[start-action display=configure `lean-action`;id=__leanprover_lean-action.config]
2026-09-17T06:53:16.8139840Z ##[group]Run : Configure Lean Action
2026-09-17T06:53:16.8140144Z [36;1m: Configure Lean Action[0m
2026-09-17T06:53:16.8140423Z [36;1m${GITHUB_ACTION_PATH}/scripts/config.sh[0m
2026-09-17T06:53:16.8176718Z shell: /usr/bin/bash --noprofile --norc -e -o pipefail {0}
2026-09-17T06:53:16.8177069Z env:
2026-09-17T06:53:16.8177265Z   GOTOOLCHAIN: local
2026-09-17T06:53:16.8177487Z   AUTO_CONFIG: false
2026-09-17T06:53:16.8178126Z   BUILD: false
2026-09-17T06:53:16.8178352Z   TEST: false
2026-09-17T06:53:16.8178541Z   LINT: false
2026-09-17T06:53:16.8178742Z ##[endgroup]
2026-09-17T06:53:16.8370343Z ##[group]Configure lean-action
2026-09-17T06:53:16.8425003Z ##[end-action id=__leanprover_lean-action.config;outcome=success;conclusion=success;duration_ms=30]
2026-09-17T06:53:16.8430434Z ##[start-action display=reinstall transient toolchain;id=__leanprover_lean-action.__run_2]
2026-09-17T06:53:16.8436144Z ##[end-action id=__leanprover_lean-action.__run_2;outcome=skipped;conclusion=skipped;duration_ms=0]
2026-09-17T06:53:16.8439286Z ##[start-action display=ensure all files are imported;id=__leanprover_lean-action.mk_all]
2026-09-17T06:53:16.8442929Z ##[end-action id=__leanprover_lean-action.mk_all;outcome=skipped;conclusion=skipped;duration_ms=0]
2026-09-17T06:53:16.8444839Z ##[start-action display=Run actions/cache/restore@v5;id=__leanprover_lean-action.__actions_cache]
2026-09-17T06:53:16.8448707Z ##[end-action id=__leanprover_lean-action.__actions_cache;outcome=skipped;conclusion=skipped;duration_ms=0]
2026-09-17T06:53:16.8450700Z ##[start-action display=detect mathlib;id=__leanprover_lean-action.detect-mathlib]
2026-09-17T06:53:16.8454020Z ##[end-action id=__leanprover_lean-action.detect-mathlib;outcome=skipped;conclusion=skipped;duration_ms=0]
2026-09-17T06:53:16.8455830Z ##[start-action display=get mathlib cache;id=__leanprover_lean-action.__run_3]
2026-09-17T06:53:16.8471900Z ##[end-action id=__leanprover_lean-action.__run_3;outcome=skipped;conclusion=skipped;duration_ms=0]
2026-09-17T06:53:16.8499943Z ##[start-action display=build sgstepaniants/OpenProblemsInNLA;id=__leanprover_lean-action.build]
2026-09-17T06:53:16.8504442Z ##[end-action id=__leanprover_lean-action.build;outcome=skipped;conclusion=skipped;duration_ms=0]
2026-09-17T06:53:16.8506338Z ##[start-action display=Run actions/cache/save@v5;id=__leanprover_lean-action.__actions_cache_2]
2026-09-17T06:53:16.8510524Z ##[end-action id=__leanprover_lean-action.__actions_cache_2;outcome=skipped;conclusion=skipped;duration_ms=0]
2026-09-17T06:53:16.8513788Z ##[start-action display=test sgstepaniants/OpenProblemsInNLA;id=__leanprover_lean-action.test]
2026-09-17T06:53:16.8518246Z ##[end-action id=__leanprover_lean-action.test;outcome=skipped;conclusion=skipped;duration_ms=0]
2026-09-17T06:53:16.8521124Z ##[start-action display=lint sgstepaniants/OpenProblemsInNLA;id=__leanprover_lean-action.lint]
2026-09-17T06:53:16.8525283Z ##[end-action id=__leanprover_lean-action.lint;outcome=skipped;conclusion=skipped;duration_ms=0]
2026-09-17T06:53:16.8527221Z ##[start-action display=check reservoir eligibility;id=__leanprover_lean-action.__run_4]
2026-09-17T06:53:16.8530916Z ##[end-action id=__leanprover_lean-action.__run_4;outcome=skipped;conclusion=skipped;duration_ms=0]
2026-09-17T06:53:16.8533577Z ##[start-action display=check environment with leanchecker;id=__leanprover_lean-action.__run_5]
2026-09-17T06:53:16.8538412Z ##[end-action id=__leanprover_lean-action.__run_5;outcome=skipped;conclusion=skipped;duration_ms=0]
2026-09-17T06:53:16.8540892Z ##[start-action display=check environment with nanoda;id=__leanprover_lean-action.nanoda]
2026-09-17T06:53:16.8544079Z ##[end-action id=__leanprover_lean-action.nanoda;outcome=skipped;conclusion=skipped;duration_ms=0]
2026-09-17T06:53:16.8546578Z ##[start-action display=audit axioms with axiom-audit;id=__leanprover_lean-action.axiom-audit]
2026-09-17T06:53:16.8550288Z ##[end-action id=__leanprover_lean-action.axiom-audit;outcome=skipped;conclusion=skipped;duration_ms=0]
2026-09-17T06:53:16.8603809Z ##[group]Run sudo apt-get update
2026-09-17T06:53:16.8604145Z [36;1msudo apt-get update[0m
2026-09-17T06:53:16.8604469Z [36;1msudo apt-get install -y bubblewrap dbus-user-session[0m
2026-09-17T06:53:16.8604916Z [36;1msudo sysctl -w kernel.apparmor_restrict_unprivileged_userns=0[0m
2026-09-17T06:53:16.8605320Z [36;1msudo loginctl enable-linger "$(id -un)"[0m
2026-09-17T06:53:16.8605658Z [36;1msudo systemctl start "user@$(id -u).service"[0m
2026-09-17T06:53:16.8606203Z [36;1mecho "XDG_RUNTIME_DIR=/run/user/$(id -u)" >> "$GITHUB_ENV"[0m
2026-09-17T06:53:16.8606708Z [36;1mecho "DBUS_SESSION_BUS_ADDRESS=unix:path=/run/user/$(id -u)/bus" >> "$GITHUB_ENV"[0m
2026-09-17T06:53:16.8642858Z shell: /usr/bin/bash -e {0}
2026-09-17T06:53:16.8643104Z env:
2026-09-17T06:53:16.8643295Z   GOTOOLCHAIN: local
2026-09-17T06:53:16.8643512Z ##[endgroup]
2026-09-17T06:53:17.4422355Z Get:1 file:/etc/apt/apt-mirrors.txt Mirrorlist [144 B]
2026-09-17T06:53:17.4693766Z Get:6 https://packages.microsoft.com/ubuntu/24.04/prod noble InRelease [3600 B]
2026-09-17T06:53:17.4794382Z Hit:2 http://azure.archive.ubuntu.com/ubuntu noble InRelease
2026-09-17T06:53:17.4824069Z Get:3 http://azure.archive.ubuntu.com/ubuntu noble-updates InRelease [126 kB]
2026-09-17T06:53:17.4869341Z Get:4 http://azure.archive.ubuntu.com/ubuntu noble-backports InRelease [126 kB]
2026-09-17T06:53:17.4898530Z Get:5 http://azure.archive.ubuntu.com/ubuntu noble-security InRelease [126 kB]
2026-09-17T06:53:17.4989441Z Get:7 https://dl.google.com/linux/chrome-stable/deb stable InRelease [2548 B]
2026-09-17T06:53:17.5514334Z Get:8 https://packages.microsoft.com/ubuntu/24.04/prod noble/main arm64 Packages [425 kB]
2026-09-17T06:53:17.5719449Z Get:9 https://packages.microsoft.com/ubuntu/24.04/prod noble/main amd64 Packages [474 kB]
2026-09-17T06:53:17.6627279Z Get:10 http://azure.archive.ubuntu.com/ubuntu noble-updates/main amd64 Packages [1264 kB]
2026-09-17T06:53:17.6707139Z Get:11 http://azure.archive.ubuntu.com/ubuntu noble-updates/main Translation-en [292 kB]
2026-09-17T06:53:17.6729142Z Get:12 http://azure.archive.ubuntu.com/ubuntu noble-updates/main amd64 Components [181 kB]
2026-09-17T06:53:17.6787773Z Get:13 http://azure.archive.ubuntu.com/ubuntu noble-updates/universe amd64 Packages [1688 kB]
2026-09-17T06:53:17.6884425Z Get:14 http://azure.archive.ubuntu.com/ubuntu noble-updates/universe Translation-en [338 kB]
2026-09-17T06:53:17.6907861Z Get:15 http://azure.archive.ubuntu.com/ubuntu noble-updates/universe amd64 Components [388 kB]
2026-09-17T06:53:17.6948810Z Get:16 http://azure.archive.ubuntu.com/ubuntu noble-updates/restricted amd64 Packages [1550 kB]
2026-09-17T06:53:17.7023966Z Get:17 http://azure.archive.ubuntu.com/ubuntu noble-updates/restricted Translation-en [355 kB]
2026-09-17T06:53:17.7051267Z Get:18 http://azure.archive.ubuntu.com/ubuntu noble-updates/multiverse amd64 Packages [45.7 kB]
2026-09-17T06:53:17.7061827Z Get:19 http://azure.archive.ubuntu.com/ubuntu noble-updates/multiverse Translation-en [13.1 kB]
2026-09-17T06:53:17.7542005Z Get:20 http://azure.archive.ubuntu.com/ubuntu noble-updates/multiverse amd64 Components [940 B]
2026-09-17T06:53:17.7559108Z Get:21 http://azure.archive.ubuntu.com/ubuntu noble-backports/main amd64 Components [5776 B]
2026-09-17T06:53:17.7562453Z Get:22 http://azure.archive.ubuntu.com/ubuntu noble-backports/universe amd64 Components [12.6 kB]
2026-09-17T06:53:17.7724833Z Get:23 http://azure.archive.ubuntu.com/ubuntu noble-security/main amd64 Packages [1009 kB]
2026-09-17T06:53:17.7777224Z Get:24 http://azure.archive.ubuntu.com/ubuntu noble-security/main Translation-en [213 kB]
2026-09-17T06:53:17.7792389Z Get:25 http://azure.archive.ubuntu.com/ubuntu noble-security/main amd64 Components [46.4 kB]
2026-09-17T06:53:17.7809005Z Get:26 http://azure.archive.ubuntu.com/ubuntu noble-security/universe amd64 Packages [1207 kB]
2026-09-17T06:53:17.7871950Z Get:27 http://azure.archive.ubuntu.com/ubuntu noble-security/universe Translation-en [242 kB]
2026-09-17T06:53:17.7892428Z Get:28 http://azure.archive.ubuntu.com/ubuntu noble-security/universe amd64 Components [76.3 kB]
2026-09-17T06:53:17.7929074Z Get:29 http://azure.archive.ubuntu.com/ubuntu noble-security/restricted amd64 Packages [1449 kB]
2026-09-17T06:53:17.7988404Z Get:30 http://azure.archive.ubuntu.com/ubuntu noble-security/restricted Translation-en [336 kB]
2026-09-17T06:53:17.8422276Z Get:31 https://dl.google.com/linux/chrome-stable/deb stable/main amd64 Packages [1407 B]
2026-09-17T06:53:24.3918502Z Fetched 12.0 MB in 1s (9088 kB/s)
2026-09-17T06:53:25.2396841Z Reading package lists...
2026-09-17T06:53:25.2713894Z Reading package lists...
2026-09-17T06:53:25.4638905Z Building dependency tree...
2026-09-17T06:53:25.4646514Z Reading state information...
2026-09-17T06:53:25.6321623Z dbus-user-session is already the newest version (1.14.10-4ubuntu4.1).
2026-09-17T06:53:25.6322482Z dbus-user-session set to manually installed.
2026-09-17T06:53:25.6323113Z The following NEW packages will be installed:
2026-09-17T06:53:25.6329697Z   bubblewrap
2026-09-17T06:53:25.6503820Z 0 upgraded, 1 newly installed, 0 to remove and 72 not upgraded.
2026-09-17T06:53:25.6504566Z Need to get 50.2 kB of archives.
2026-09-17T06:53:25.6505235Z After this operation, 133 kB of additional disk space will be used.
2026-09-17T06:53:25.6505996Z Get:1 file:/etc/apt/apt-mirrors.txt Mirrorlist [144 B]
2026-09-17T06:53:25.9557531Z Get:2 http://azure.archive.ubuntu.com/ubuntu noble-updates/main amd64 bubblewrap amd64 0.9.0-1ubuntu0.1 [50.2 kB]
2026-09-17T06:53:26.2080144Z Fetched 50.2 kB in 0s (158 kB/s)
2026-09-17T06:53:26.2304807Z Selecting previously unselected package bubblewrap.
2026-09-17T06:53:26.2606084Z (Reading database ... 
2026-09-17T06:53:26.2606428Z (Reading database ... 5%
2026-09-17T06:53:26.2606700Z (Reading database ... 10%
2026-09-17T06:53:26.2606964Z (Reading database ... 15%
2026-09-17T06:53:26.2607672Z (Reading database ... 20%
2026-09-17T06:53:26.2608261Z (Reading database ... 25%
2026-09-17T06:53:26.2608572Z (Reading database ... 30%
2026-09-17T06:53:26.2608999Z (Reading database ... 35%
2026-09-17T06:53:26.2609309Z (Reading database ... 40%
2026-09-17T06:53:26.2609613Z (Reading database ... 45%
2026-09-17T06:53:26.2609960Z (Reading database ... 50%
2026-09-17T06:53:26.2653800Z (Reading database ... 55%
2026-09-17T06:53:26.3958487Z (Reading database ... 60%
2026-09-17T06:53:26.5944716Z (Reading database ... 65%
2026-09-17T06:53:26.7438839Z (Reading database ... 70%
2026-09-17T06:53:26.8949002Z (Reading database ... 75%
2026-09-17T06:53:27.0611000Z (Reading database ... 80%
2026-09-17T06:53:27.2420889Z (Reading database ... 85%
2026-09-17T06:53:27.3465431Z (Reading database ... 90%
2026-09-17T06:53:27.5058471Z (Reading database ... 95%
2026-09-17T06:53:27.5059107Z (Reading database ... 100%
2026-09-17T06:53:27.5059817Z (Reading database ... 201818 files and directories currently installed.)
2026-09-17T06:53:27.5099618Z Preparing to unpack .../bubblewrap_0.9.0-1ubuntu0.1_amd64.deb ...
2026-09-17T06:53:27.5125533Z Unpacking bubblewrap (0.9.0-1ubuntu0.1) ...
2026-09-17T06:53:27.5556462Z Setting up bubblewrap (0.9.0-1ubuntu0.1) ...
2026-09-17T06:53:27.5604020Z Processing triggers for man-db (2.12.0-4build2) ...
2026-09-17T06:53:27.5624149Z Not building database; man-db/auto-update is not 'true'.
2026-09-17T06:53:28.1831763Z 
2026-09-17T06:53:28.1832325Z Running kernel seems to be up-to-date.
2026-09-17T06:53:28.1832726Z 
2026-09-17T06:53:28.1835588Z No services need to be restarted.
2026-09-17T06:53:28.1836319Z 
2026-09-17T06:53:28.1836606Z No containers need to be restarted.
2026-09-17T06:53:28.1836936Z 
2026-09-17T06:53:28.1837180Z No user sessions are running outdated binaries.
2026-09-17T06:53:28.1837549Z 
2026-09-17T06:53:28.1838265Z No VM guests are running outdated hypervisor (qemu) binaries on this host.
2026-09-17T06:53:29.1656881Z kernel.apparmor_restrict_unprivileged_userns = 0
2026-09-17T06:53:29.1978997Z ##[group]Run ulimit -n 65536
2026-09-17T06:53:29.1979341Z [36;1mulimit -n 65536[0m
2026-09-17T06:53:29.1979675Z [36;1mtools/lean/bootstrap.sh "$RUNNER_TEMP/nla-lean-tools"[0m
2026-09-17T06:53:29.1980151Z [36;1mtools/lean/verify.sh "$LEAN_PROJECT" "$RUNNER_TEMP/nla-lean-tools"[0m
2026-09-17T06:53:29.2015977Z shell: /usr/bin/bash -e {0}
2026-09-17T06:53:29.2016228Z env:
2026-09-17T06:53:29.2016422Z   GOTOOLCHAIN: local
2026-09-17T06:53:29.2016663Z   XDG_RUNTIME_DIR: /run/user/1001
2026-09-17T06:53:29.2016989Z   DBUS_SESSION_BUS_ADDRESS: unix:path=/run/user/1001/bus
2026-09-17T06:53:29.2017381Z   LEAN_PROJECT: matrix-inequalities-and-norms/MI-13/lean
2026-09-17T06:53:29.2018152Z ##[endgroup]
2026-09-17T06:53:30.6011811Z Running elan toolchain install leanprover/lean4:v4.33.1
2026-09-17T06:53:30.6012542Z Log: /home/runner/work/_temp/nla-lean-tools/logs/bootstrap/elan.log
2026-09-17T06:53:30.6032524Z info: toolchain 'leanprover/lean4:v4.33.1' is already installed
2026-09-17T06:53:30.6837630Z Running go build -mod=readonly -buildvcs=false -o /home/runner/work/_temp/nla-lean-tools/.tools/bin/landrun ./cmd/landrun
2026-09-17T06:53:30.6839173Z Log: /home/runner/work/_temp/nla-lean-tools/logs/bootstrap/landrun-build.log
2026-09-17T06:53:30.6873331Z go: downloading github.com/urfave/cli/v3 v3.6.2
2026-09-17T06:53:30.7169555Z go: downloading github.com/landlock-lsm/go-landlock v0.9.0
2026-09-17T06:53:30.7929358Z go: downloading golang.org/x/sys v0.40.0
2026-09-17T06:53:30.7929868Z go: downloading kernel.org/pub/linux/libs/security/libcap/psx v1.2.77
2026-09-17T06:53:39.7358566Z Running lake build lean4export comparator
2026-09-17T06:53:39.7359336Z Log: /home/runner/work/_temp/nla-lean-tools/logs/bootstrap/comparator-build.log
2026-09-17T06:53:40.2849477Z ✔ [3/20] Built Comparator.Util (407ms)
2026-09-17T06:53:40.4818691Z ✔ [4/20] Built Comparator.Util:c.o (221ms)
2026-09-17T06:53:41.7859018Z ✔ [5/20] Built Export.Parse (1.0s)
2026-09-17T06:53:42.4866032Z ✔ [6/20] Built Comparator.Axioms (666ms)
2026-09-17T06:53:42.8921010Z ✔ [7/20] Built Export (3.1s)
2026-09-17T06:53:42.9949285Z ✔ [8/20] Built Comparator.Axioms:c.o (506ms)
2026-09-17T06:53:43.5949378Z ✔ [9/20] Built Comparator.Compare (1.1s)
2026-09-17T06:53:44.1936889Z ✔ [10/20] Built Comparator.Compare:c.o (625ms)
2026-09-17T06:53:44.4969162Z ✔ [11/20] Built Main (1.5s)
2026-09-17T06:53:44.6942653Z ✔ [12/20] Built Comparator (470ms)
2026-09-17T06:53:44.7969396Z ✔ [13/20] Built Comparator:c.o (113ms)
2026-09-17T06:53:44.8945691Z ✔ [14/20] Built Main:c.o (357ms)
2026-09-17T06:53:46.6982047Z ✔ [15/20] Built Export:c.o (3.8s)
2026-09-17T06:53:47.0002524Z ✔ [16/20] Built Main (2.3s)
2026-09-17T06:53:47.9075310Z ✔ [17/20] Built Export.Parse:c.o (6.1s)
2026-09-17T06:53:48.0076444Z ✔ [18/20] Built lean4export:exe (1.4s)
2026-09-17T06:53:48.3080154Z ✔ [19/20] Built Main:c.o (1.2s)
2026-09-17T06:53:49.0088312Z ✔ [20/20] Built comparator:exe (698ms)
2026-09-17T06:53:49.0093969Z Build completed successfully (20 jobs).
2026-09-17T06:53:49.2983800Z Tools built; isolation and checker controls run during verify. Receipt: /home/runner/work/_temp/nla-lean-tools/bootstrap.json
2026-09-17T06:53:49.7105615Z Running /usr/bin/timeout --kill-after=5s 45s systemd-run -p RuntimeMaxSec=40 --user --quiet --wait --pipe --collect -p 'RestrictAddressFamilies=~AF_UNIX' --working-directory /home/runner/work/_temp/nla-lean-tools /usr/bin/env -i PATH=/home/runner/.elan/toolchains/leanprover--lean4---v4.33.1/bin:/home/runner/.elan/bin:/home/runner/go/bin:/opt/hostedtoolcache/go/1.27.1/x64/bin:/snap/bin:/home/runner/.local/bin:/opt/pipx_bin:/home/runner/.cargo/bin:/home/runner/.config/composer/vendor/bin:/usr/local/.ghcup/bin:/home/runner/.dotnet/tools:/usr/local/sbin:/usr/local/bin:/usr/sbin:/usr/bin:/sbin:/bin:/usr/games:/usr/local/games:/snap/bin HOME=/home/runner LANG=C.UTF-8 XDG_RUNTIME_DIR=/run/user/1001 DBUS_SESSION_BUS_ADDRESS=unix:path=/run/user/1001/bus GIT_TERMINAL_PROMPT=0 GIT_CONFIG_NOSYSTEM=1 GIT_CONFIG_GLOBAL=/dev/null COMPARATOR_BIN=/home/runner/work/_temp/nla-lean-tools/.tools/comparator/.lake/build/bin/comparator COMPARATOR_LEAN4EXPORT=/home/runner/work/_temp/nla-lean-tools/.tools/lean4export/.lake/build/bin/lean4export COMPARATOR_LANDRUN=/home/runner/work/_temp/nla-lean-tools/scripts/strict_landrun.py XDG_CACHE_HOME=/home/runner/work/_temp/nla-lean-tools/.tools/cache TMPDIR=/home/runner/work/_temp/nla-lean-tools/.verification-tmp /usr/bin/true
2026-09-17T06:53:49.7111277Z Log: /home/runner/work/_temp/nla-lean-tools/logs/verify-20260917T065349Z-4167/user-service.log
2026-09-17T06:53:49.7629076Z Running python3 /home/runner/work/_temp/nla-lean-tools/reproduction/checks/sandbox_probe_ci.py
2026-09-17T06:53:49.7630568Z Log: /home/runner/work/_temp/nla-lean-tools/logs/verify-20260917T065349Z-4167/sandbox.log
2026-09-17T06:53:49.7964490Z START sandbox mode: build
2026-09-17T06:53:49.8863293Z START sandbox mode: export
2026-09-17T06:53:49.9714046Z START sandbox negative case: unknown option
2026-09-17T06:53:50.0097799Z START sandbox negative case: unexpected --rw
2026-09-17T06:53:50.0472818Z START sandbox negative case: unexpected --rwx
2026-09-17T06:53:50.0902353Z START sandbox negative case: relative --rwx
2026-09-17T06:53:50.1364850Z MODE build: exit=0
2026-09-17T06:53:50.1365537Z Running as unit: run-u2.service; invocation ID: c0c63657e28848bcbe5f21f24e50f77a
2026-09-17T06:53:50.1366282Z PASS outside .lake write-open: denied errno=30
2026-09-17T06:53:50.1366810Z PASS outside .lake truncate: denied errno=30
2026-09-17T06:53:50.1367408Z PASS outside .lake read-only truncate-open: denied errno=30
2026-09-17T06:53:50.1368343Z PASS symlink from .lake to outside write: denied errno=30
2026-09-17T06:53:50.1368958Z PASS outside .lake creation: denied errno=30
2026-09-17T06:53:50.1369464Z PASS build .lake write: allowed
2026-09-17T06:53:50.1369868Z PASS user namespace: private
2026-09-17T06:53:50.1370260Z PASS pid namespace: private
2026-09-17T06:53:50.1370645Z PASS mnt namespace: private
2026-09-17T06:53:50.1371021Z PASS net namespace: private
2026-09-17T06:53:50.1371407Z PASS ipc namespace: private
2026-09-17T06:53:50.1371779Z PASS uts namespace: private
2026-09-17T06:53:50.1372198Z PASS host parent: absent from private /proc
2026-09-17T06:53:50.1372701Z PASS host parent signal lookup: denied errno=3
2026-09-17T06:53:50.1373231Z PASS host loopback listener: unreachable errno=13
2026-09-17T06:53:50.1373763Z PASS AF_UNIX socket creation: denied errno=97
2026-09-17T06:53:50.1374232Z PASS effective capabilities: none
2026-09-17T06:53:50.1374631Z PASS no_new_privs: set
2026-09-17T06:53:50.1374969Z Sandbox UID: 1001
2026-09-17T06:53:50.1375387Z PASS nested namespace write attempt: rejected exit=1
2026-09-17T06:53:50.1375990Z bwrap: setting up uid map: Permission denied
2026-09-17T06:53:50.1376514Z Finished with result: success
2026-09-17T06:53:50.1377038Z Main processes terminated with: code=exited/status=0
2026-09-17T06:53:50.1377593Z Service runtime: 72ms
2026-09-17T06:53:50.1378188Z CPU time consumed: 73ms
2026-09-17T06:53:50.1378595Z Memory peak: 256.0K
2026-09-17T06:53:50.1378979Z Memory swap peak: 0B
2026-09-17T06:53:50.1379221Z 
2026-09-17T06:53:50.1379377Z MODE export: exit=0
2026-09-17T06:53:50.1380012Z Running as unit: run-u3.service; invocation ID: 71e82de14d5f4fa7adbcf269ec7dbaec
2026-09-17T06:53:50.1380822Z PASS outside .lake write-open: denied errno=30
2026-09-17T06:53:50.1381395Z PASS outside .lake truncate: denied errno=30
2026-09-17T06:53:50.1382068Z PASS outside .lake read-only truncate-open: denied errno=30
2026-09-17T06:53:50.1382761Z PASS symlink from .lake to outside write: denied errno=30
2026-09-17T06:53:50.1383302Z PASS outside .lake creation: denied errno=30
2026-09-17T06:53:50.1383816Z PASS export .lake write-open: denied errno=30
2026-09-17T06:53:50.1384399Z PASS export .lake truncate: denied errno=30
2026-09-17T06:53:50.1384896Z PASS user namespace: private
2026-09-17T06:53:50.1385349Z PASS pid namespace: private
2026-09-17T06:53:50.1385799Z PASS mnt namespace: private
2026-09-17T06:53:50.1386237Z PASS net namespace: private
2026-09-17T06:53:50.1386959Z PASS ipc namespace: private
2026-09-17T06:53:50.1387416Z PASS uts namespace: private
2026-09-17T06:53:50.1388330Z PASS host parent: absent from private /proc
2026-09-17T06:53:50.1388966Z PASS host parent signal lookup: denied errno=3
2026-09-17T06:53:50.1389594Z PASS host loopback listener: unreachable errno=13
2026-09-17T06:53:50.1390212Z PASS AF_UNIX socket creation: denied errno=97
2026-09-17T06:53:50.1390736Z PASS effective capabilities: none
2026-09-17T06:53:50.1391203Z PASS no_new_privs: set
2026-09-17T06:53:50.1391597Z Sandbox UID: 1001
2026-09-17T06:53:50.1392071Z PASS nested namespace write attempt: rejected exit=1
2026-09-17T06:53:50.1392941Z bwrap: setting up uid map: Permission denied
2026-09-17T06:53:50.1393433Z Finished with result: success
2026-09-17T06:53:50.1393886Z Main processes terminated with: code=exited/status=0
2026-09-17T06:53:50.1394424Z Service runtime: 73ms
2026-09-17T06:53:50.1394828Z CPU time consumed: 74ms
2026-09-17T06:53:50.1395183Z Memory peak: 512.0K
2026-09-17T06:53:50.1395563Z Memory swap peak: 0B
2026-09-17T06:53:50.1395794Z 
2026-09-17T06:53:50.1395984Z NEGATIVE unknown option: exit=2
2026-09-17T06:53:50.1396689Z Running as unit: run-u4.service; invocation ID: 59fed57802854451a0aa67cc0a2b9225
2026-09-17T06:53:50.1397798Z strict Comparator sandbox: unsupported Comparator Landrun option: --unrestricted-filesystem
2026-09-17T06:53:50.1398878Z Finished with result: exit-code
2026-09-17T06:53:50.1399388Z Main processes terminated with: code=exited/status=2
2026-09-17T06:53:50.1399929Z Service runtime: 26ms
2026-09-17T06:53:50.1400309Z CPU time consumed: 26ms
2026-09-17T06:53:50.1400687Z Memory peak: 256.0K
2026-09-17T06:53:50.1401058Z Memory swap peak: 0B
2026-09-17T06:53:50.1401280Z 
2026-09-17T06:53:50.1401464Z NEGATIVE unexpected --rw: exit=2
2026-09-17T06:53:50.1402138Z Running as unit: run-u5.service; invocation ID: 47a9940af96847118c896248ac0f5fee
2026-09-17T06:53:50.1403013Z strict Comparator sandbox: only private /dev may be passed with --rw
2026-09-17T06:53:50.1403686Z Finished with result: exit-code
2026-09-17T06:53:50.1404198Z Main processes terminated with: code=exited/status=2
2026-09-17T06:53:50.1404746Z Service runtime: 25ms
2026-09-17T06:53:50.1405118Z CPU time consumed: 25ms
2026-09-17T06:53:50.1405489Z Memory peak: 256.0K
2026-09-17T06:53:50.1405844Z Memory swap peak: 0B
2026-09-17T06:53:50.1406071Z 
2026-09-17T06:53:50.1406260Z NEGATIVE unexpected --rwx: exit=2
2026-09-17T06:53:50.1406932Z Running as unit: run-u6.service; invocation ID: 91ce5a03536b46bcbfee0e82c20339af
2026-09-17T06:53:50.1407883Z strict Comparator sandbox: only this project's existing .lake may be writable
2026-09-17T06:53:50.1408877Z Finished with result: exit-code
2026-09-17T06:53:50.1409406Z Main processes terminated with: code=exited/status=2
2026-09-17T06:53:50.1409933Z Service runtime: 26ms
2026-09-17T06:53:50.1410313Z CPU time consumed: 26ms
2026-09-17T06:53:50.1410713Z Memory peak: 512.0K
2026-09-17T06:53:50.1411088Z Memory swap peak: 0B
2026-09-17T06:53:50.1411323Z 
2026-09-17T06:53:50.1411513Z NEGATIVE relative --rwx: exit=2
2026-09-17T06:53:50.1412214Z Running as unit: run-u7.service; invocation ID: d8cdc865c74b42d6bd92ef56ab6bce1f
2026-09-17T06:53:50.1413196Z strict Comparator sandbox: only this project's existing .lake may be writable
2026-09-17T06:53:50.1413888Z Finished with result: exit-code
2026-09-17T06:53:50.1414397Z Main processes terminated with: code=exited/status=2
2026-09-17T06:53:50.1414948Z Service runtime: 26ms
2026-09-17T06:53:50.1415330Z CPU time consumed: 26ms
2026-09-17T06:53:50.1415722Z Memory peak: 256.0K
2026-09-17T06:53:50.1416089Z Memory swap peak: 0B
2026-09-17T06:53:50.1416312Z 
2026-09-17T06:53:50.1416760Z Outer and export fixture contents unchanged; only designated build fixture written.
2026-09-17T06:53:50.1441580Z Running bash /home/runner/work/_temp/nla-lean-tools/reproduction/checks/run_replay.sh
2026-09-17T06:53:50.1442616Z Log: /home/runner/work/_temp/nla-lean-tools/logs/verify-20260917T065349Z-4167/kernel-controls.log
2026-09-17T06:53:50.2030226Z Replay probe: RestrictAddressFamilies=~AF_UNIX (deny AF_UNIX sockets).
2026-09-17T06:53:50.2574855Z Lean (version 4.33.1, x86_64-unknown-linux-gnu, Release)
2026-09-17T06:53:50.2924637Z /home/runner/.elan/toolchains/leanprover--lean4---v4.33.1/lib/lean/Init.olean
2026-09-17T06:53:50.2925669Z /home/runner/.elan/toolchains/leanprover--lean4---v4.33.1/lib/lean/Init.olean
2026-09-17T06:53:50.2926691Z /home/runner/work/_temp/nla-lean-tools/.tools/comparator/.lake/build/lib/lean/Main.olean
2026-09-17T06:53:51.5662862Z Trusted base fixture: 11 constants
2026-09-17T06:53:51.5663441Z BEGIN honest_with_inductives_and_quotients
2026-09-17T06:53:51.5663977Z Running Lean default kernel on solution.
2026-09-17T06:53:51.5664849Z Lean default kernel accepts the solution
2026-09-17T06:53:51.5665393Z RETURN honest_with_inductives_and_quotients: accepted
2026-09-17T06:53:51.5665919Z BEGIN invalid_raw_proof
2026-09-17T06:53:51.5666435Z Running Lean default kernel on solution.
2026-09-17T06:53:51.5666763Z Lean default kernel rejects the solution
2026-09-17T06:53:51.5667298Z RETURN invalid_raw_proof: rejected: while replaying declaration 'PinnedReplayProbe.invalid':
2026-09-17T06:53:51.5668271Z (kernel) declaration type mismatch, 'PinnedReplayProbe.invalid' has type
2026-09-17T06:53:51.5668772Z   True
2026-09-17T06:53:51.5668991Z but it is expected to have type
2026-09-17T06:53:51.5669248Z   False
2026-09-17T06:53:51.5669456Z BEGIN quotient_postcheck_mismatch
2026-09-17T06:53:51.5669735Z Running Lean default kernel on solution.
2026-09-17T06:53:51.5670031Z Lean default kernel accepts the solution
2026-09-17T06:53:51.5670326Z Quotient post-check rejects the solution
2026-09-17T06:53:51.5670781Z RETURN quotient_postcheck_mismatch: rejected: Quotient constant mismatch on: Quot.lift
2026-09-17T06:53:51.5671362Z PASS: all three actual Comparator.runBuiltinKernel cases behaved as required
2026-09-17T06:53:51.6633078Z Running python3 /home/runner/work/_temp/nla-lean-tools/reproduction/checks/comparator_regressions.py
2026-09-17T06:53:51.6634629Z Log: /home/runner/work/_temp/nla-lean-tools/logs/verify-20260917T065349Z-4167/comparator-controls.log
2026-09-17T06:53:51.6947193Z Comparator regressions: RestrictAddressFamilies=~AF_UNIX; .tools/env.sh selects the real strict sandbox.
2026-09-17T06:53:51.6956299Z 
2026-09-17T06:53:51.6956780Z CASE simple_match
2026-09-17T06:53:53.7622084Z info: ComparatorRegression: no previous manifest, creating one from scratch
2026-09-17T06:53:53.7622701Z info: toolchain not updated; already up-to-date
2026-09-17T06:53:53.7623233Z Building Challenge
2026-09-17T06:53:53.7623879Z ⚠ [2/3] Built Challenge (235ms)
2026-09-17T06:53:53.7624432Z warning: Challenge.lean:1:8: declaration uses `sorry`
2026-09-17T06:53:53.7624860Z Build completed successfully (3 jobs).
2026-09-17T06:53:53.7626266Z Exporting #[Quot, Quot.mk, Quot.lift, Quot.ind, comm, propext, Quot.sound, Classical.choice, Nat.add, Nat.sub, Nat.mul, Nat.pow, Nat.gcd, Nat.div, Nat.mod, Nat.beq, Nat.ble, Nat.land, Nat.lor, Nat.xor, Nat.shiftLeft, Nat.shiftRight, String.ofList, Char.ofNat, List, eagerReduce, Nat, String, String.mk, Char, optParam, autoParam, semiOutParam, outParam] from Challenge
2026-09-17T06:53:53.7627594Z Building Solution
2026-09-17T06:53:53.7627868Z ✔ [2/3] Built Solution (234ms)
2026-09-17T06:53:53.7628462Z Build completed successfully (3 jobs).
2026-09-17T06:53:53.7629857Z Exporting #[Quot, Quot.mk, Quot.lift, Quot.ind, comm, propext, Quot.sound, Classical.choice, Nat.add, Nat.sub, Nat.mul, Nat.pow, Nat.gcd, Nat.div, Nat.mod, Nat.beq, Nat.ble, Nat.land, Nat.lor, Nat.xor, Nat.shiftLeft, Nat.shiftRight, String.ofList, Char.ofNat, List, eagerReduce, Nat, String, String.mk, Char, optParam, autoParam, semiOutParam, outParam] from Solution
2026-09-17T06:53:53.7631870Z Running Lean default kernel on solution.
2026-09-17T06:53:53.7632185Z Lean default kernel accepts the solution
2026-09-17T06:53:53.7632466Z Your solution is okay!
2026-09-17T06:53:53.7633048Z PASS simple_match: exit 0, expected 0; required phase: Your solution is okay!
2026-09-17T06:53:53.7633757Z 
2026-09-17T06:53:53.7634369Z CASE simple_mismatch
2026-09-17T06:53:55.6024529Z info: ComparatorRegression: no previous manifest, creating one from scratch
2026-09-17T06:53:55.6025367Z info: toolchain not updated; already up-to-date
2026-09-17T06:53:55.6025704Z Building Challenge
2026-09-17T06:53:55.6026167Z ⚠ [2/3] Built Challenge (241ms)
2026-09-17T06:53:55.6026490Z warning: Challenge.lean:1:8: declaration uses `sorry`
2026-09-17T06:53:55.6026834Z Build completed successfully (3 jobs).
2026-09-17T06:53:55.6028543Z Exporting #[Quot, Quot.mk, Quot.lift, Quot.ind, comm, propext, Quot.sound, Classical.choice, Nat.add, Nat.sub, Nat.mul, Nat.pow, Nat.gcd, Nat.div, Nat.mod, Nat.beq, Nat.ble, Nat.land, Nat.lor, Nat.xor, Nat.shiftLeft, Nat.shiftRight, String.ofList, Char.ofNat, List, eagerReduce, Nat, String, String.mk, Char, optParam, autoParam, semiOutParam, outParam] from Challenge
2026-09-17T06:53:55.6030151Z Building Solution
2026-09-17T06:53:55.6030451Z ✔ [2/3] Built Solution (236ms)
2026-09-17T06:53:55.6030752Z Build completed successfully (3 jobs).
2026-09-17T06:53:55.6032139Z Exporting #[Quot, Quot.mk, Quot.lift, Quot.ind, comm, propext, Quot.sound, Classical.choice, Nat.add, Nat.sub, Nat.mul, Nat.pow, Nat.gcd, Nat.div, Nat.mod, Nat.beq, Nat.ble, Nat.land, Nat.lor, Nat.xor, Nat.shiftLeft, Nat.shiftRight, String.ofList, Char.ofNat, List, eagerReduce, Nat, String, String.mk, Char, optParam, autoParam, semiOutParam, outParam] from Solution
2026-09-17T06:53:55.6033848Z uncaught exception: Challenge and solution constant kind don't match: 'comm'
2026-09-17T06:53:55.6034776Z PASS simple_mismatch: exit 1, expected 1; required phase: Challenge and solution constant kind don't match: 'comm'
2026-09-17T06:53:55.6035234Z 
2026-09-17T06:53:55.6035335Z CASE simple_axiom_issue
2026-09-17T06:53:57.4696037Z info: ComparatorRegression: no previous manifest, creating one from scratch
2026-09-17T06:53:57.4696900Z info: toolchain not updated; already up-to-date
2026-09-17T06:53:57.4697438Z Building Challenge
2026-09-17T06:53:57.4698427Z ⚠ [2/3] Built Challenge (230ms)
2026-09-17T06:53:57.4698984Z warning: Challenge.lean:1:8: declaration uses `sorry`
2026-09-17T06:53:57.4699563Z Build completed successfully (3 jobs).
2026-09-17T06:53:57.4701221Z Exporting #[Quot, Quot.mk, Quot.lift, Quot.ind, comm, propext, Quot.sound, Classical.choice, Nat.add, Nat.sub, Nat.mul, Nat.pow, Nat.gcd, Nat.div, Nat.mod, Nat.beq, Nat.ble, Nat.land, Nat.lor, Nat.xor, Nat.shiftLeft, Nat.shiftRight, String.ofList, Char.ofNat, List, eagerReduce, Nat, String, String.mk, Char, optParam, autoParam, semiOutParam, outParam] from Challenge
2026-09-17T06:53:57.4702773Z Building Solution
2026-09-17T06:53:57.4703085Z ✔ [2/3] Built Solution (232ms)
2026-09-17T06:53:57.4703393Z Build completed successfully (3 jobs).
2026-09-17T06:53:57.4705052Z Exporting #[Quot, Quot.mk, Quot.lift, Quot.ind, comm, propext, Quot.sound, Classical.choice, Nat.add, Nat.sub, Nat.mul, Nat.pow, Nat.gcd, Nat.div, Nat.mod, Nat.beq, Nat.ble, Nat.land, Nat.lor, Nat.xor, Nat.shiftLeft, Nat.shiftRight, String.ofList, Char.ofNat, List, eagerReduce, Nat, String, String.mk, Char, optParam, autoParam, semiOutParam, outParam] from Solution
2026-09-17T06:53:57.4707552Z uncaught exception: Illegal axiom detected: 'helper'
2026-09-17T06:53:57.4708662Z PASS simple_axiom_issue: exit 1, expected 1; required phase: Illegal axiom detected: 'helper'
2026-09-17T06:53:57.4709319Z 
2026-09-17T06:53:57.4709459Z CASE simple_kind_mismatch
2026-09-17T06:53:59.3161987Z info: ComparatorRegression: no previous manifest, creating one from scratch
2026-09-17T06:53:59.3162904Z info: toolchain not updated; already up-to-date
2026-09-17T06:53:59.3163674Z Building Challenge
2026-09-17T06:53:59.3164632Z ⚠ [2/3] Built Challenge (234ms)
2026-09-17T06:53:59.3165376Z warning: Challenge.lean:1:8: declaration uses `sorry`
2026-09-17T06:53:59.3166175Z Build completed successfully (3 jobs).
2026-09-17T06:53:59.3170100Z Exporting #[Quot, Quot.mk, Quot.lift, Quot.ind, comm, propext, Quot.sound, Classical.choice, Nat.add, Nat.sub, Nat.mul, Nat.pow, Nat.gcd, Nat.div, Nat.mod, Nat.beq, Nat.ble, Nat.land, Nat.lor, Nat.xor, Nat.shiftLeft, Nat.shiftRight, String.ofList, Char.ofNat, List, eagerReduce, Nat, String, String.mk, Char, optParam, autoParam, semiOutParam, outParam] from Challenge
2026-09-17T06:53:59.3171624Z Building Solution
2026-09-17T06:53:59.3172080Z ✔ [2/3] Built Solution (231ms)
2026-09-17T06:53:59.3172574Z Build completed successfully (3 jobs).
2026-09-17T06:53:59.3173994Z Exporting #[Quot, Quot.mk, Quot.lift, Quot.ind, comm, propext, Quot.sound, Classical.choice, Nat.add, Nat.sub, Nat.mul, Nat.pow, Nat.gcd, Nat.div, Nat.mod, Nat.beq, Nat.ble, Nat.land, Nat.lor, Nat.xor, Nat.shiftLeft, Nat.shiftRight, String.ofList, Char.ofNat, List, eagerReduce, Nat, String, String.mk, Char, optParam, autoParam, semiOutParam, outParam] from Solution
2026-09-17T06:53:59.3175572Z uncaught exception: Illegal axiom detected: 'helper'
2026-09-17T06:53:59.3176097Z PASS simple_kind_mismatch: exit 1, expected 1; required phase: Illegal axiom detected: 'helper'
2026-09-17T06:53:59.3176480Z 
2026-09-17T06:53:59.3176579Z CASE type_mismatch
2026-09-17T06:54:01.2659239Z info: ComparatorRegression: no previous manifest, creating one from scratch
2026-09-17T06:54:01.2660144Z info: toolchain not updated; already up-to-date
2026-09-17T06:54:01.2660719Z Building Challenge
2026-09-17T06:54:01.2661412Z ✔ [2/3] Built Challenge (229ms)
2026-09-17T06:54:01.2661911Z Build completed successfully (3 jobs).
2026-09-17T06:54:01.2664509Z Exporting #[Quot, Quot.mk, Quot.lift, Quot.ind, checked, propext, Quot.sound, Classical.choice, Nat.add, Nat.sub, Nat.mul, Nat.pow, Nat.gcd, Nat.div, Nat.mod, Nat.beq, Nat.ble, Nat.land, Nat.lor, Nat.xor, Nat.shiftLeft, Nat.shiftRight, String.ofList, Char.ofNat, List, eagerReduce, Nat, String, String.mk, Char, optParam, autoParam, semiOutParam, outParam] from Challenge
2026-09-17T06:54:01.2667021Z Building Solution
2026-09-17T06:54:01.2667516Z ✔ [2/3] Built Solution (238ms)
2026-09-17T06:54:01.2669045Z Build completed successfully (3 jobs).
2026-09-17T06:54:01.2671706Z Exporting #[Quot, Quot.mk, Quot.lift, Quot.ind, checked, propext, Quot.sound, Classical.choice, Nat.add, Nat.sub, Nat.mul, Nat.pow, Nat.gcd, Nat.div, Nat.mod, Nat.beq, Nat.ble, Nat.land, Nat.lor, Nat.xor, Nat.shiftLeft, Nat.shiftRight, String.ofList, Char.ofNat, List, eagerReduce, Nat, String, String.mk, Char, optParam, autoParam, semiOutParam, outParam] from Solution
2026-09-17T06:54:01.2674472Z uncaught exception: Challenge and solution theorem statement do not match: 'checked'
2026-09-17T06:54:01.2675782Z PASS type_mismatch: exit 1, expected 1; required phase: Challenge and solution theorem statement do not match: 'checked'
2026-09-17T06:54:01.2699923Z PASS: all five Comparator regressions
2026-09-17T06:54:01.2772265Z Running systemd-run --user --quiet --wait --pipe --collect -p 'RestrictAddressFamilies=~AF_UNIX' --working-directory /home/runner/work/_temp/nla-lean-tools/.verification-tmp/nla-axiom-3t5xdxe3 /usr/bin/env -i PATH=/home/runner/.elan/toolchains/leanprover--lean4---v4.33.1/bin:/home/runner/.elan/bin:/home/runner/go/bin:/opt/hostedtoolcache/go/1.27.1/x64/bin:/snap/bin:/home/runner/.local/bin:/opt/pipx_bin:/home/runner/.cargo/bin:/home/runner/.config/composer/vendor/bin:/usr/local/.ghcup/bin:/home/runner/.dotnet/tools:/usr/local/sbin:/usr/local/bin:/usr/sbin:/usr/bin:/sbin:/bin:/usr/games:/usr/local/games:/snap/bin HOME=/home/runner LANG=C.UTF-8 XDG_RUNTIME_DIR=/run/user/1001 DBUS_SESSION_BUS_ADDRESS=unix:path=/run/user/1001/bus GIT_TERMINAL_PROMPT=0 GIT_CONFIG_NOSYSTEM=1 GIT_CONFIG_GLOBAL=/dev/null COMPARATOR_BIN=/home/runner/work/_temp/nla-lean-tools/.tools/comparator/.lake/build/bin/comparator COMPARATOR_LEAN4EXPORT=/home/runner/work/_temp/nla-lean-tools/.tools/lean4export/.lake/build/bin/lean4export COMPARATOR_LANDRUN=/home/runner/work/_temp/nla-lean-tools/scripts/strict_landrun.py XDG_CACHE_HOME=/home/runner/work/_temp/nla-lean-tools/.tools/cache TMPDIR=/home/runner/work/_temp/nla-lean-tools/.verification-tmp lake env /home/runner/work/_temp/nla-lean-tools/.tools/comparator/.lake/build/bin/comparator comparator.json
2026-09-17T06:54:01.2778947Z Log: /home/runner/work/_temp/nla-lean-tools/logs/verify-20260917T065349Z-4167/negative-sorry.log
2026-09-17T06:54:01.3301444Z info: NlaAxiomFixture: no previous manifest, creating one from scratch
2026-09-17T06:54:01.3302524Z info: toolchain not updated; already up-to-date
2026-09-17T06:54:01.4079308Z Building Challenge
2026-09-17T06:54:02.4130424Z ✔ [2/3] Built Challenge (841ms)
2026-09-17T06:54:02.4135099Z Build completed successfully (3 jobs).
2026-09-17T06:54:03.3693207Z Exporting #[Quot, Quot.mk, Quot.lift, Quot.ind, checked, Classical.choice, Quot.sound, propext, Nat.add, Nat.sub, Nat.mul, Nat.pow, Nat.gcd, Nat.div, Nat.mod, Nat.beq, Nat.ble, Nat.land, Nat.lor, Nat.xor, Nat.shiftLeft, Nat.shiftRight, String.ofList, Char.ofNat, List, eagerReduce, Nat, String, String.mk, Char, optParam, autoParam, semiOutParam, outParam] from Challenge
2026-09-17T06:54:03.3695154Z Building Solution
2026-09-17T06:54:04.3620107Z ⚠ [2/3] Built Solution (837ms)
2026-09-17T06:54:04.3624674Z warning: Solution.lean:2:8: declaration uses `sorry`
2026-09-17T06:54:04.3625163Z Build completed successfully (3 jobs).
2026-09-17T06:54:05.3860996Z Exporting #[Quot, Quot.mk, Quot.lift, Quot.ind, checked, Classical.choice, Quot.sound, propext, Nat.add, Nat.sub, Nat.mul, Nat.pow, Nat.gcd, Nat.div, Nat.mod, Nat.beq, Nat.ble, Nat.land, Nat.lor, Nat.xor, Nat.shiftLeft, Nat.shiftRight, String.ofList, Char.ofNat, List, eagerReduce, Nat, String, String.mk, Char, optParam, autoParam, semiOutParam, outParam] from Solution
2026-09-17T06:54:05.3862473Z uncaught exception: Illegal axiom detected: 'sorryAx'
2026-09-17T06:54:05.3968811Z Running systemd-run --user --quiet --wait --pipe --collect -p 'RestrictAddressFamilies=~AF_UNIX' --working-directory /home/runner/work/_temp/nla-lean-tools/.verification-tmp/nla-axiom-i9lvlhj0 /usr/bin/env -i PATH=/home/runner/.elan/toolchains/leanprover--lean4---v4.33.1/bin:/home/runner/.elan/bin:/home/runner/go/bin:/opt/hostedtoolcache/go/1.27.1/x64/bin:/snap/bin:/home/runner/.local/bin:/opt/pipx_bin:/home/runner/.cargo/bin:/home/runner/.config/composer/vendor/bin:/usr/local/.ghcup/bin:/home/runner/.dotnet/tools:/usr/local/sbin:/usr/local/bin:/usr/sbin:/usr/bin:/sbin:/bin:/usr/games:/usr/local/games:/snap/bin HOME=/home/runner LANG=C.UTF-8 XDG_RUNTIME_DIR=/run/user/1001 DBUS_SESSION_BUS_ADDRESS=unix:path=/run/user/1001/bus GIT_TERMINAL_PROMPT=0 GIT_CONFIG_NOSYSTEM=1 GIT_CONFIG_GLOBAL=/dev/null COMPARATOR_BIN=/home/runner/work/_temp/nla-lean-tools/.tools/comparator/.lake/build/bin/comparator COMPARATOR_LEAN4EXPORT=/home/runner/work/_temp/nla-lean-tools/.tools/lean4export/.lake/build/bin/lean4export COMPARATOR_LANDRUN=/home/runner/work/_temp/nla-lean-tools/scripts/strict_landrun.py XDG_CACHE_HOME=/home/runner/work/_temp/nla-lean-tools/.tools/cache TMPDIR=/home/runner/work/_temp/nla-lean-tools/.verification-tmp lake env /home/runner/work/_temp/nla-lean-tools/.tools/comparator/.lake/build/bin/comparator comparator.json
2026-09-17T06:54:05.3974510Z Log: /home/runner/work/_temp/nla-lean-tools/logs/verify-20260917T065349Z-4167/negative-native.log
2026-09-17T06:54:05.4454371Z info: NlaAxiomFixture: no previous manifest, creating one from scratch
2026-09-17T06:54:05.4455129Z info: toolchain not updated; already up-to-date
2026-09-17T06:54:05.5289784Z Building Challenge
2026-09-17T06:54:06.5246039Z ✔ [2/3] Built Challenge (850ms)
2026-09-17T06:54:06.5249716Z Build completed successfully (3 jobs).
2026-09-17T06:54:07.4637798Z Exporting #[Quot, Quot.mk, Quot.lift, Quot.ind, checked, Classical.choice, Quot.sound, propext, Nat.add, Nat.sub, Nat.mul, Nat.pow, Nat.gcd, Nat.div, Nat.mod, Nat.beq, Nat.ble, Nat.land, Nat.lor, Nat.xor, Nat.shiftLeft, Nat.shiftRight, String.ofList, Char.ofNat, List, eagerReduce, Nat, String, String.mk, Char, optParam, autoParam, semiOutParam, outParam] from Challenge
2026-09-17T06:54:07.4639819Z Building Solution
2026-09-17T06:54:08.4614088Z ✔ [2/3] Built Solution (826ms)
2026-09-17T06:54:08.4617360Z Build completed successfully (3 jobs).
2026-09-17T06:54:09.4702527Z Exporting #[Quot, Quot.mk, Quot.lift, Quot.ind, checked, Classical.choice, Quot.sound, propext, Nat.add, Nat.sub, Nat.mul, Nat.pow, Nat.gcd, Nat.div, Nat.mod, Nat.beq, Nat.ble, Nat.land, Nat.lor, Nat.xor, Nat.shiftLeft, Nat.shiftRight, String.ofList, Char.ofNat, List, eagerReduce, Nat, String, String.mk, Char, optParam, autoParam, semiOutParam, outParam] from Solution
2026-09-17T06:54:09.4704115Z uncaught exception: Illegal axiom detected: 'checked._native.native_decide.ax_1_1'
2026-09-17T06:54:11.6401848Z Running lake env true
2026-09-17T06:54:11.6402768Z Log: /home/runner/work/_temp/nla-lean-tools/logs/verify-20260917T065349Z-4167/dependencies.log
2026-09-17T06:54:11.6784427Z info: leancert: cloning https://github.com/alerad/leancert
2026-09-17T06:54:12.4590815Z info: leancert: checking out revision '621a43d7cf21f87872392a01e874f2f1dbddc926'
2026-09-17T06:54:12.4942858Z info: mathlib: cloning https://github.com/leanprover-community/mathlib4.git
2026-09-17T06:54:42.4617789Z info: mathlib: checking out revision '0df444a360eaa60ab8c11dca51a86af692955474'
2026-09-17T06:54:44.4650061Z info: plausible: cloning https://github.com/leanprover-community/plausible
2026-09-17T06:54:44.8054729Z info: plausible: checking out revision 'b7eb3304aeae834b12dda98993a37f6a41f6f0bb'
2026-09-17T06:54:44.8189054Z info: LeanSearchClient: cloning https://github.com/leanprover-community/LeanSearchClient
2026-09-17T06:54:45.1311703Z info: LeanSearchClient: checking out revision '5f4d51b81cbd3f6b32b156bfad9056621a040404'
2026-09-17T06:54:45.1437487Z info: importGraph: cloning https://github.com/leanprover-community/import-graph
2026-09-17T06:54:45.4961950Z info: importGraph: checking out revision '16f02aa7642864af59f1ff0e384a015994db9118'
2026-09-17T06:54:45.5118284Z info: proofwidgets: cloning https://github.com/leanprover-community/ProofWidgets4
2026-09-17T06:54:46.1079467Z info: proofwidgets: checking out revision '4be2e3d5087eeb272cf5a8853b8f9dd025ef5957'
2026-09-17T06:54:46.7623832Z info: aesop: cloning https://github.com/leanprover-community/aesop
2026-09-17T06:54:47.4906076Z info: aesop: checking out revision '3448c0bcc5ce01b2d1546e483ec3620e32df3d0e'
2026-09-17T06:54:47.5083219Z info: Qq: cloning https://github.com/leanprover-community/quote4
2026-09-17T06:54:47.8935729Z info: Qq: checking out revision '92c15be17b7caf78c2ad767ec40f89052d908d81'
2026-09-17T06:54:47.9060343Z info: batteries: cloning https://github.com/leanprover-community/batteries
2026-09-17T06:54:55.1414023Z info: batteries: checking out revision '4488d40d070b9700d4d5a6aa342f0d40c31b2a2d'
2026-09-17T06:54:55.1674853Z info: Cli: cloning https://github.com/leanprover/lean4-cli
2026-09-17T06:54:55.5019824Z info: Cli: checking out revision '6130a47896ce867c6a4a55373441e59e565bad0f'
2026-09-17T06:54:55.8142083Z Running lake exe cache get
2026-09-17T06:54:55.8142946Z Log: /home/runner/work/_temp/nla-lean-tools/logs/verify-20260917T065349Z-4167/mathlib-cache.log
2026-09-17T06:54:56.9250302Z ✔ [1/5] Built Cache.Cli (362ms)
2026-09-17T06:54:57.0251178Z ✔ [2/5] Built Cache.Lean (446ms)
2026-09-17T06:54:57.4278044Z ✔ [6/26] Built Cache.Cli:c.o (227ms)
2026-09-17T06:54:57.5267473Z ✔ [7/26] Built Cache.Lean:c.o (335ms)
2026-09-17T06:54:57.8271658Z ✔ [8/26] Built Cache.Infra (603ms)
2026-09-17T06:54:58.0264179Z ✔ [9/26] Built Cache.Infra:c.o (222ms)
2026-09-17T06:54:58.2266800Z ✔ [10/26] Built Batteries.Tactic.OpenPrivate (1.0s)
2026-09-17T06:54:59.7291264Z ✔ [11/26] Built Cache.IO (1.5s)
2026-09-17T06:54:59.7292409Z ✔ [12/26] Built Batteries.Tactic.OpenPrivate:c.o (1.5s)
2026-09-17T06:55:00.5319470Z ✔ [13/26] Built Cache.Hashing (838ms)
2026-09-17T06:55:01.2311575Z ✔ [14/26] Built Cache.Hashing:c.o (655ms)
2026-09-17T06:55:01.4314366Z ✔ [15/26] Built Cache.IO:c.o (1.7s)
2026-09-17T06:55:02.8329494Z ✔ [16/26] Built Cache.Requests (2.3s)
2026-09-17T06:55:03.4359441Z ✔ [17/26] Built Cache.Marker (618ms)
2026-09-17T06:55:03.6344420Z ✔ [18/26] Built Cache.Marker:c.o (218ms)
2026-09-17T06:55:04.1355595Z ✔ [19/26] Built Cache.Query (754ms)
2026-09-17T06:55:04.7361667Z ✔ [20/26] Built Cache.Query:c.o (541ms)
2026-09-17T06:55:04.9363620Z ✔ [21/26] Built Cache.Warning (733ms)
2026-09-17T06:55:05.3365730Z ✔ [22/26] Built Cache.Warning:c.o (440ms)
2026-09-17T06:55:06.2380997Z ✔ [23/26] Built Cache.Main (1.3s)
2026-09-17T06:55:06.3372815Z ✔ [24/26] Built Cache.Requests:c.o (3.6s)
2026-09-17T06:55:07.2384216Z ✔ [25/26] Built Cache.Main:c.o (1.0s)
2026-09-17T06:55:07.9398170Z ✔ [26/26] Built cache:exe (726ms)
2026-09-17T06:55:10.7833059Z Current branch: HEAD
2026-09-17T06:55:10.7833609Z Using cache from origin: (some leanprover-community/mathlib4)
2026-09-17T06:55:10.7834657Z Attempting to download 8690 file(s) from leanprover-community/mathlib4 cache at https://lakecache.blob.core.windows.net/mathlib4-master
2026-09-17T06:55:12.0276666Z 
2026-09-17T06:55:12.1273166Z Downloaded: 1 file(s) [attempted 1/8690 = 0%, 15 KB/s], Decompressed: 0
2026-09-17T06:55:12.2285266Z Downloaded: 55 file(s) [attempted 55/8690 = 0%, 795 KB/s], Decompressed: 11
2026-09-17T06:55:12.3280816Z Downloaded: 140 file(s) [attempted 140/8690 = 1%, 265 KB/s], Decompressed: 40
2026-09-17T06:55:12.4305002Z Downloaded: 239 file(s) [attempted 239/8690 = 2%, 1489 KB/s], Decompressed: 40
2026-09-17T06:55:12.5311900Z Downloaded: 340 file(s) [attempted 340/8690 = 3%, 450 KB/s], Decompressed: 40
2026-09-17T06:55:12.6473088Z Downloaded: 445 file(s) [attempted 445/8690 = 5%, 264 KB/s], Decompressed: 124
2026-09-17T06:55:12.7462035Z Downloaded: 543 file(s) [attempted 543/8690 = 6%, 544 KB/s], Decompressed: 124
2026-09-17T06:55:12.8566942Z Downloaded: 649 file(s) [attempted 649/8690 = 7%, 485 KB/s], Decompressed: 124
2026-09-17T06:55:12.9712526Z Downloaded: 752 file(s) [attempted 752/8690 = 8%, 1426 KB/s], Decompressed: 124
2026-09-17T06:55:13.0741450Z Downloaded: 852 file(s) [attempted 852/8690 = 9%, 1108 KB/s], Decompressed: 124
2026-09-17T06:55:13.1783432Z Downloaded: 953 file(s) [attempted 953/8690 = 10%, 264 KB/s], Decompressed: 124
2026-09-17T06:55:13.2820113Z Downloaded: 1019 file(s) [attempted 1019/8690 = 11%, 629 KB/s], Decompressed: 124
2026-09-17T06:55:13.3949587Z Downloaded: 1127 file(s) [attempted 1127/8690 = 12%, 491 KB/s], Decompressed: 124
2026-09-17T06:55:13.4932360Z Downloaded: 1225 file(s) [attempted 1225/8690 = 14%, 250 KB/s], Decompressed: 124
2026-09-17T06:55:13.5957182Z Downloaded: 1328 file(s) [attempted 1328/8690 = 15%, 3344 KB/s], Decompressed: 124
2026-09-17T06:55:13.7091718Z Downloaded: 1436 file(s) [attempted 1436/8690 = 16%, 332 KB/s], Decompressed: 422
2026-09-17T06:55:13.8429392Z Downloaded: 1502 file(s) [attempted 1502/8690 = 17%, 1551 KB/s], Decompressed: 422
2026-09-17T06:55:13.9453435Z Downloaded: 1603 file(s) [attempted 1603/8690 = 18%, 425 KB/s], Decompressed: 422
2026-09-17T06:55:14.0462844Z Downloaded: 1703 file(s) [attempted 1703/8690 = 19%, 723 KB/s], Decompressed: 422
2026-09-17T06:55:14.1809913Z Downloaded: 1806 file(s) [attempted 1806/8690 = 20%, 2021 KB/s], Decompressed: 422
2026-09-17T06:55:14.3069812Z Downloaded: 1856 file(s) [attempted 1856/8690 = 21%, 3001 KB/s], Decompressed: 422
2026-09-17T06:55:14.4075842Z Downloaded: 1957 file(s) [attempted 1957/8690 = 22%, 5657 KB/s], Decompressed: 422
2026-09-17T06:55:14.5078761Z Downloaded: 2055 file(s) [attempted 2055/8690 = 23%, 177 KB/s], Decompressed: 422
2026-09-17T06:55:14.6126656Z Downloaded: 2167 file(s) [attempted 2167/8690 = 24%, 2485 KB/s], Decompressed: 422
2026-09-17T06:55:14.7182658Z Downloaded: 2275 file(s) [attempted 2275/8690 = 26%, 224 KB/s], Decompressed: 422
2026-09-17T06:55:14.8215185Z Downloaded: 2376 file(s) [attempted 2376/8690 = 27%, 633 KB/s], Decompressed: 422
2026-09-17T06:55:14.9427097Z Downloaded: 2451 file(s) [attempted 2451/8690 = 28%, 1235 KB/s], Decompressed: 422
2026-09-17T06:55:15.0709397Z Downloaded: 2533 file(s) [attempted 2533/8690 = 29%, 1003 KB/s], Decompressed: 422
2026-09-17T06:55:15.1789200Z Downloaded: 2634 file(s) [attempted 2634/8690 = 30%, 1557 KB/s], Decompressed: 422
2026-09-17T06:55:15.2969555Z Downloaded: 2732 file(s) [attempted 2732/8690 = 31%, 817 KB/s], Decompressed: 422
2026-09-17T06:55:15.4077810Z Downloaded: 2835 file(s) [attempted 2835/8690 = 32%, 2011 KB/s], Decompressed: 422
2026-09-17T06:55:15.5082903Z Downloaded: 2938 file(s) [attempted 2938/8690 = 33%, 976 KB/s], Decompressed: 422
2026-09-17T06:55:15.6222771Z Downloaded: 3036 file(s) [attempted 3036/8690 = 34%, 3844 KB/s], Decompressed: 422
2026-09-17T06:55:15.7271177Z Downloaded: 3096 file(s) [attempted 3096/8690 = 35%, 582 KB/s], Decompressed: 422
2026-09-17T06:55:15.8389749Z Downloaded: 3197 file(s) [attempted 3197/8690 = 36%, 510 KB/s], Decompressed: 422
2026-09-17T06:55:15.9453128Z Downloaded: 3299 file(s) [attempted 3299/8690 = 37%, 4923 KB/s], Decompressed: 422
2026-09-17T06:55:16.0399623Z Downloaded: 3354 file(s) [attempted 3354/8690 = 38%, 802 KB/s], Decompressed: 422
2026-09-17T06:55:16.1392320Z Downloaded: 3453 file(s) [attempted 3453/8690 = 39%, 159 KB/s], Decompressed: 422
2026-09-17T06:55:16.2467200Z Downloaded: 3518 file(s) [attempted 3518/8690 = 40%, 2707 KB/s], Decompressed: 422
2026-09-17T06:55:16.3492035Z Downloaded: 3613 file(s) [attempted 3613/8690 = 41%, 1792 KB/s], Decompressed: 422
2026-09-17T06:55:16.4689432Z Downloaded: 3718 file(s) [attempted 3718/8690 = 42%, 1341 KB/s], Decompressed: 422
2026-09-17T06:55:16.5890203Z Downloaded: 3837 file(s) [attempted 3837/8690 = 44%, 866 KB/s], Decompressed: 422
2026-09-17T06:55:16.6919807Z Downloaded: 3937 file(s) [attempted 3937/8690 = 45%, 1305 KB/s], Decompressed: 422
2026-09-17T06:55:16.7943656Z Downloaded: 4038 file(s) [attempted 4038/8690 = 46%, 6454 KB/s], Decompressed: 422
2026-09-17T06:55:16.9031190Z Downloaded: 4136 file(s) [attempted 4136/8690 = 47%, 2902 KB/s], Decompressed: 1381
2026-09-17T06:55:17.0520569Z Downloaded: 4242 file(s) [attempted 4242/8690 = 48%, 985 KB/s], Decompressed: 1381
2026-09-17T06:55:17.1508245Z Downloaded: 4345 file(s) [attempted 4345/8690 = 50%, 4691 KB/s], Decompressed: 1381
2026-09-17T06:55:17.2578888Z Downloaded: 4445 file(s) [attempted 4445/8690 = 51%, 494 KB/s], Decompressed: 1381
2026-09-17T06:55:17.3829559Z Downloaded: 4550 file(s) [attempted 4550/8690 = 52%, 354 KB/s], Decompressed: 1381
2026-09-17T06:55:17.4834888Z Downloaded: 4656 file(s) [attempted 4656/8690 = 53%, 2886 KB/s], Decompressed: 1381
2026-09-17T06:55:17.5997157Z Downloaded: 4740 file(s) [attempted 4740/8690 = 54%, 631 KB/s], Decompressed: 1381
2026-09-17T06:55:17.7200515Z Downloaded: 4820 file(s) [attempted 4820/8690 = 55%, 681 KB/s], Decompressed: 1381
2026-09-17T06:55:17.8977076Z Downloaded: 4921 file(s) [attempted 4921/8690 = 56%, 571 KB/s], Decompressed: 1381
2026-09-17T06:55:18.0030435Z Downloaded: 5024 file(s) [attempted 5024/8690 = 57%, 2452 KB/s], Decompressed: 1381
2026-09-17T06:55:18.1064689Z Downloaded: 5124 file(s) [attempted 5124/8690 = 58%, 1209 KB/s], Decompressed: 1381
2026-09-17T06:55:18.2151570Z Downloaded: 5225 file(s) [attempted 5225/8690 = 60%, 6444 KB/s], Decompressed: 1381
2026-09-17T06:55:18.3158457Z Downloaded: 5280 file(s) [attempted 5280/8690 = 60%, 1878 KB/s], Decompressed: 1381
2026-09-17T06:55:18.4579314Z Downloaded: 5383 file(s) [attempted 5383/8690 = 61%, 157 KB/s], Decompressed: 1381
2026-09-17T06:55:18.5553829Z Downloaded: 5483 file(s) [attempted 5483/8690 = 63%, 314 KB/s], Decompressed: 1381
2026-09-17T06:55:18.6562407Z Downloaded: 5584 file(s) [attempted 5584/8690 = 64%, 2370 KB/s], Decompressed: 1381
2026-09-17T06:55:18.7609259Z Downloaded: 5685 file(s) [attempted 5685/8690 = 65%, 587 KB/s], Decompressed: 1381
2026-09-17T06:55:18.8729366Z Downloaded: 5792 file(s) [attempted 5792/8690 = 66%, 906 KB/s], Decompressed: 1381
2026-09-17T06:55:18.9789242Z Downloaded: 5854 file(s) [attempted 5854/8690 = 67%, 738 KB/s], Decompressed: 1381
2026-09-17T06:55:19.0899132Z Downloaded: 5957 file(s) [attempted 5957/8690 = 68%, 1302 KB/s], Decompressed: 1381
2026-09-17T06:55:19.1896916Z Downloaded: 6057 file(s) [attempted 6057/8690 = 69%, 488 KB/s], Decompressed: 1381
2026-09-17T06:55:19.3032794Z Downloaded: 6112 file(s) [attempted 6112/8690 = 70%, 1114 KB/s], Decompressed: 1381
2026-09-17T06:55:19.4089701Z Downloaded: 6211 file(s) [attempted 6211/8690 = 71%, 1454 KB/s], Decompressed: 1381
2026-09-17T06:55:19.5529320Z Downloaded: 6318 file(s) [attempted 6318/8690 = 72%, 710 KB/s], Decompressed: 1381
2026-09-17T06:55:19.7382861Z Downloaded: 6378 file(s) [attempted 6378/8690 = 73%, 3873 KB/s], Decompressed: 1381
2026-09-17T06:55:19.8420318Z Downloaded: 6467 file(s) [attempted 6467/8690 = 74%, 425 KB/s], Decompressed: 1381
2026-09-17T06:55:19.9458498Z Downloaded: 6567 file(s) [attempted 6567/8690 = 75%, 297 KB/s], Decompressed: 1381
2026-09-17T06:55:20.0970571Z Downloaded: 6668 file(s) [attempted 6668/8690 = 76%, 221 KB/s], Decompressed: 1381
2026-09-17T06:55:20.1970925Z Downloaded: 6782 file(s) [attempted 6782/8690 = 78%, 676 KB/s], Decompressed: 1381
2026-09-17T06:55:20.3009392Z Downloaded: 6862 file(s) [attempted 6862/8690 = 78%, 2730 KB/s], Decompressed: 1381
2026-09-17T06:55:20.4112654Z Downloaded: 6938 file(s) [attempted 6938/8690 = 79%, 2432 KB/s], Decompressed: 1381
2026-09-17T06:55:20.5509701Z Downloaded: 7045 file(s) [attempted 7045/8690 = 81%, 262 KB/s], Decompressed: 1381
2026-09-17T06:55:20.8049111Z Downloaded: 7096 file(s) [attempted 7096/8690 = 81%, 381 KB/s], Decompressed: 1381
2026-09-17T06:55:20.9109372Z Downloaded: 7196 file(s) [attempted 7196/8690 = 82%, 923 KB/s], Decompressed: 1381
2026-09-17T06:55:21.0319332Z Downloaded: 7297 file(s) [attempted 7297/8690 = 83%, 2104 KB/s], Decompressed: 1381
2026-09-17T06:55:21.1291289Z Downloaded: 7393 file(s) [attempted 7393/8690 = 85%, 590 KB/s], Decompressed: 1381
2026-09-17T06:55:21.2381090Z Downloaded: 7476 file(s) [attempted 7476/8690 = 86%, 484 KB/s], Decompressed: 1381
2026-09-17T06:55:21.3360876Z Downloaded: 7581 file(s) [attempted 7581/8690 = 87%, 1351 KB/s], Decompressed: 1381
2026-09-17T06:55:21.4438577Z Downloaded: 7674 file(s) [attempted 7674/8690 = 88%, 284 KB/s], Decompressed: 1381
2026-09-17T06:55:21.5475731Z Downloaded: 7738 file(s) [attempted 7738/8690 = 89%, 1763 KB/s], Decompressed: 1381
2026-09-17T06:55:21.6528550Z Downloaded: 7839 file(s) [attempted 7839/8690 = 90%, 173 KB/s], Decompressed: 1381
2026-09-17T06:55:21.7541060Z Downloaded: 7942 file(s) [attempted 7942/8690 = 91%, 425 KB/s], Decompressed: 1381
2026-09-17T06:55:21.8709367Z Downloaded: 8008 file(s) [attempted 8008/8690 = 92%, 2796 KB/s], Decompressed: 1381
2026-09-17T06:55:21.9811333Z Downloaded: 8077 file(s) [attempted 8077/8690 = 92%, 1800 KB/s], Decompressed: 1381
2026-09-17T06:55:22.0819957Z Downloaded: 8177 file(s) [attempted 8177/8690 = 94%, 214 KB/s], Decompressed: 1381
2026-09-17T06:55:22.2025262Z Downloaded: 8285 file(s) [attempted 8285/8690 = 95%, 263 KB/s], Decompressed: 1381
2026-09-17T06:55:22.3197702Z Downloaded: 8399 file(s) [attempted 8399/8690 = 96%, 151 KB/s], Decompressed: 1381
2026-09-17T06:55:22.4198149Z Downloaded: 8491 file(s) [attempted 8491/8690 = 97%, 3942 KB/s], Decompressed: 1381
2026-09-17T06:55:22.5800410Z Downloaded: 8591 file(s) [attempted 8591/8690 = 98%, 578 KB/s], Decompressed: 1381
2026-09-17T06:55:22.5801733Z Downloaded: 8690 file(s) [attempted 8690/8690 = 100%, 1030 KB/s], Decompressed: 1381
2026-09-17T06:55:22.5803407Z Downloaded: 8690 file(s) [attempted 8690/8690 = 100%, 1030 KB/s], Decompressed: 1381
2026-09-17T06:55:40.9455661Z Decompressed 8690 file(s)
2026-09-17T06:55:40.9456089Z Already decompressed 8690 file(s)
2026-09-17T06:55:41.2096961Z Running systemd-run --user --quiet --wait --pipe --collect -p 'RestrictAddressFamilies=~AF_UNIX' --working-directory /home/runner/work/_temp/nla-lean-tools/.verification-tmp/nla-fresh-proof-3mjd9b27/project /usr/bin/env -i PATH=/home/runner/.elan/toolchains/leanprover--lean4---v4.33.1/bin:/home/runner/.elan/bin:/home/runner/go/bin:/opt/hostedtoolcache/go/1.27.1/x64/bin:/snap/bin:/home/runner/.local/bin:/opt/pipx_bin:/home/runner/.cargo/bin:/home/runner/.config/composer/vendor/bin:/usr/local/.ghcup/bin:/home/runner/.dotnet/tools:/usr/local/sbin:/usr/local/bin:/usr/sbin:/usr/bin:/sbin:/bin:/usr/games:/usr/local/games:/snap/bin HOME=/home/runner LANG=C.UTF-8 XDG_RUNTIME_DIR=/run/user/1001 DBUS_SESSION_BUS_ADDRESS=unix:path=/run/user/1001/bus GIT_TERMINAL_PROMPT=0 GIT_CONFIG_NOSYSTEM=1 GIT_CONFIG_GLOBAL=/dev/null COMPARATOR_BIN=/home/runner/work/_temp/nla-lean-tools/.tools/comparator/.lake/build/bin/comparator COMPARATOR_LEAN4EXPORT=/home/runner/work/_temp/nla-lean-tools/.tools/lean4export/.lake/build/bin/lean4export COMPARATOR_LANDRUN=/home/runner/work/_temp/nla-lean-tools/scripts/strict_landrun.py XDG_CACHE_HOME=/home/runner/work/_temp/nla-lean-tools/.tools/cache TMPDIR=/home/runner/work/_temp/nla-lean-tools/.verification-tmp lake env /home/runner/work/_temp/nla-lean-tools/.tools/comparator/.lake/build/bin/comparator comparator.json
2026-09-17T06:55:41.2103539Z Log: /home/runner/work/_temp/nla-lean-tools/logs/verify-20260917T065349Z-4167/comparator.log
2026-09-17T06:55:42.0738608Z Building Challenge
2026-09-17T06:55:46.7888227Z ✔ [2721/2723] Built NLA.MI13.Definitions (2.9s)
2026-09-17T06:55:49.5897593Z ⚠ [2722/2723] Built Challenge (2.8s)
2026-09-17T06:55:49.5898540Z warning: Challenge.lean:15:8: declaration uses `sorry`
2026-09-17T06:55:49.5899291Z warning: Challenge.lean:21:8: declaration uses `sorry`
2026-09-17T06:55:49.5899945Z warning: Challenge.lean:26:8: declaration uses `sorry`
2026-09-17T06:55:49.5900606Z warning: Challenge.lean:32:8: declaration uses `sorry`
2026-09-17T06:55:49.5901232Z warning: Challenge.lean:37:8: declaration uses `sorry`
2026-09-17T06:55:49.5901839Z warning: Challenge.lean:41:8: declaration uses `sorry`
2026-09-17T06:55:49.5902467Z warning: Challenge.lean:45:8: declaration uses `sorry`
2026-09-17T06:55:49.5903152Z warning: Challenge.lean:50:8: declaration uses `sorry`
2026-09-17T06:55:49.5903885Z warning: Challenge.lean:55:8: declaration uses `sorry`
2026-09-17T06:55:49.5904570Z warning: Challenge.lean:62:8: declaration uses `sorry`
2026-09-17T06:55:49.5905244Z warning: Challenge.lean:67:8: declaration uses `sorry`
2026-09-17T06:55:49.5906001Z warning: Challenge.lean:72:8: declaration uses `sorry`
2026-09-17T06:55:49.5906566Z warning: Challenge.lean:78:8: declaration uses `sorry`
2026-09-17T06:55:49.5907118Z warning: Challenge.lean:83:8: declaration uses `sorry`
2026-09-17T06:55:49.5911507Z warning: Challenge.lean:90:8: declaration uses `sorry`
2026-09-17T06:55:49.5912041Z warning: Challenge.lean:96:8: declaration uses `sorry`
2026-09-17T06:55:49.5912546Z warning: Challenge.lean:104:8: declaration uses `sorry`
2026-09-17T06:55:49.5913049Z warning: Challenge.lean:110:8: declaration uses `sorry`
2026-09-17T06:55:49.5913544Z warning: Challenge.lean:118:8: declaration uses `sorry`
2026-09-17T06:55:49.5914043Z warning: Challenge.lean:124:8: declaration uses `sorry`
2026-09-17T06:55:49.5914533Z warning: Challenge.lean:129:8: declaration uses `sorry`
2026-09-17T06:55:49.5915025Z warning: Challenge.lean:134:8: declaration uses `sorry`
2026-09-17T06:55:49.5915534Z warning: Challenge.lean:139:8: declaration uses `sorry`
2026-09-17T06:55:49.5916027Z warning: Challenge.lean:147:8: declaration uses `sorry`
2026-09-17T06:55:49.5916516Z warning: Challenge.lean:152:8: declaration uses `sorry`
2026-09-17T06:55:49.5917017Z warning: Challenge.lean:155:8: declaration uses `sorry`
2026-09-17T06:55:49.5917512Z warning: Challenge.lean:160:8: declaration uses `sorry`
2026-09-17T06:55:49.5928552Z warning: Challenge.lean:164:8: declaration uses `sorry`
2026-09-17T06:55:49.5929088Z warning: Challenge.lean:169:8: declaration uses `sorry`
2026-09-17T06:55:49.5929581Z warning: Challenge.lean:176:8: declaration uses `sorry`
2026-09-17T06:55:49.5930068Z warning: Challenge.lean:182:8: declaration uses `sorry`
2026-09-17T06:55:49.5930566Z warning: Challenge.lean:188:8: declaration uses `sorry`
2026-09-17T06:55:49.5931055Z warning: Challenge.lean:193:8: declaration uses `sorry`
2026-09-17T06:55:49.5931544Z warning: Challenge.lean:200:8: declaration uses `sorry`
2026-09-17T06:55:49.5932042Z warning: Challenge.lean:205:8: declaration uses `sorry`
2026-09-17T06:55:49.5932530Z warning: Challenge.lean:212:8: declaration uses `sorry`
2026-09-17T06:55:49.6013999Z Build completed successfully (2723 jobs).
2026-09-17T06:56:02.0359867Z Exporting #[Quot, Quot.mk, Quot.lift, Quot.ind, NLA.MI13.frobenius_semantics, NLA.MI13.frobenius_linear_bounds, NLA.MI13.operator_norm_semantics, NLA.MI13.singular_values_semantics, NLA.MI13.singular_values_gram, NLA.MI13.ordered_gram_basis, NLA.MI13.positive_image_orthonormal, NLA.MI13.zero_singular_image, NLA.MI13.positive_image_extension, NLA.MI13.full_singular_vector_bases, NLA.MI13.full_svd, NLA.MI13.unitary_norm_invariance, NLA.MI13.unitary_singular_invariance, NLA.MI13.hilbert_schmidt_semantics, NLA.MI13.commutator_adjoint, NLA.MI13.commutator_conjugate_symmetry, NLA.MI13.commutator_spectral_maximum, NLA.MI13.positive_eigenvector_pair, NLA.MI13.eigenspace_functional_kernel, NLA.MI13.two_coordinate_bound, NLA.MI13.off_corner_coefficient_bound, NLA.MI13.svd_corner_functional, NLA.MI13.cancelled_svd_bound, NLA.MI13.refined_commutator_bound, NLA.MI13.half_certificate, NLA.MI13.unit_circle_lift, NLA.MI13.two_unitary_average, NLA.MI13.frobenius_average_bound, NLA.MI13.unitary_middle_bound, NLA.MI13.contraction_middle_bound, NLA.MI13.square_middle_bound, NLA.MI13.padding_product, NLA.MI13.padding_norms, NLA.MI13.padding_singular_values, NLA.MI13.canonical_rectangular_bound, NLA.MI13.sharpness_example, propext, Quot.sound, Classical.choice, Nat.add, Nat.sub, Nat.mul, Nat.pow, Nat.gcd, Nat.div, Nat.mod, Nat.beq, Nat.ble, Nat.land, Nat.lor, Nat.xor, Nat.shiftLeft, Nat.shiftRight, String.ofList, Char.ofNat, List, eagerReduce, Nat, String, String.mk, Char, optParam, autoParam, semiOutParam, outParam] from Challenge
2026-09-17T06:56:02.0368615Z Building Solution
2026-09-17T06:56:08.4263693Z ✔ [3020/3053] Built LeanCert.Core.Interval (4.2s)
2026-09-17T06:56:08.8270630Z ✔ [3021/3053] Built LeanCert.Core.DerivativeIntervals (4.7s)
2026-09-17T06:56:10.9289182Z ✔ [3022/3060] Built LeanCert.Contrib.Sinc (6.7s)
2026-09-17T06:56:11.6289331Z ✔ [3023/3060] Built LeanCert.Core.Expr (7.5s)
2026-09-17T06:56:17.9490782Z ✔ [3024/3064] Built LeanCert.Core.Dyadic (7.0s)
2026-09-17T06:56:19.1495966Z ✔ [3025/3064] Built LeanCert.Tactic.Verification (7.4s)
2026-09-17T06:56:20.0498412Z ✔ [3026/3064] Built LeanCert.Core.Taylor (11s)
2026-09-17T06:56:20.6887243Z ✔ [3027/3065] Built LeanCert.Core.IntervalRat.Basic (12s)
2026-09-17T06:56:23.3917491Z ✔ [3028/3065] Built LeanCert.Core.Support (4.3s)
2026-09-17T06:56:24.3090766Z ✔ [3029/3065] Built LeanCert.Core.IntervalRat.LogReduction (6.3s)
2026-09-17T06:56:24.3121406Z ✔ [3030/3065] Built LeanCert.Tactic.LeanCert.Bridge.Environment (3.5s)
2026-09-17T06:56:24.9088495Z ✔ [3031/3065] Built LeanCert.Meta.Numeral (4.8s)
2026-09-17T06:56:26.7086872Z ✔ [3032/3065] Built LeanCert.Engine.Eval.Result (3.2s)
2026-09-17T06:56:27.5106081Z ✔ [3033/3065] Built LeanCert.Tactic.NumericalRefinement (853ms)
2026-09-17T06:56:28.2112181Z ✔ [3034/3065] Built LeanCert.Core.TrigReduction (3.9s)
2026-09-17T06:56:29.3166590Z ✔ [3035/3065] Built LeanCert.Tactic.IntervalAuto.Types (4.4s)
2026-09-17T06:56:30.2320283Z ✔ [3036/3065] Built LeanCert.Core.IntervalRat.Transcendental (5.9s)
2026-09-17T06:56:32.1373484Z ✔ [3037/3168] Built LeanCert.Tactic.IntervalAuto.Extract (3.9s)
2026-09-17T06:56:36.4491358Z ✔ [3089/3170] Built LeanCert.Tactic.IntervalAuto.Norm (6.3s)
2026-09-17T06:56:37.1492685Z ✔ [3091/3174] Built LeanCert.Meta.ToExpr (7.8s)
2026-09-17T06:56:37.9538932Z ✔ [3092/3174] Built LeanCert.Tactic.VecUtil (5.8s)
2026-09-17T06:56:42.5674990Z ✔ [3093/3174] Built LeanCert.Tactic.FinsetParse (6.0s)
2026-09-17T06:56:44.8737548Z ✔ [3094/3174] Built LeanCert.Tactic.LeanCert.Normalize (6.9s)
2026-09-17T06:56:45.2731225Z ✔ [3095/3176] Built LeanCert.Tactic.BridgeNative (2.8s)
2026-09-17T06:56:46.2777238Z ✔ [3614/3694] Built LeanCert.Tactic.IntervalAuto.Parse (9.2s)
2026-09-17T06:56:47.6784042Z ✔ [3615/3696] Built LeanCert.Tactic.FinSumExpand (2.8s)
2026-09-17T06:56:49.1791226Z ✔ [3616/3700] Built LeanCert.Validity.Eventual (3.4s)
2026-09-17T06:56:49.5817614Z ✔ [3617/3703] Built LeanCert.Tactic.LeanCert.Semantic.Domain (1.9s)
2026-09-17T06:56:50.0812453Z ✔ [3618/3703] Built LeanCert.Tactic.IntervalAuto.Diagnostic (3.8s)
2026-09-17T06:56:51.9909231Z ✔ [3619/3703] Built LeanCert.Tactic.LeanCert.Semantic.Goal (2.4s)
2026-09-17T06:56:52.0910086Z ✔ [3620/3707] Built LeanCert.Tactic.VecSimp (2.1s)
2026-09-17T06:56:52.4913589Z ✔ [3621/3708] Built LeanCert.Core.IntervalRat.Taylor (24s)
2026-09-17T06:56:53.7974203Z ✔ [3622/3708] Built LeanCert.Tactic.LeanCert.Semantic.Parse.Comparison (1.8s)
2026-09-17T06:56:55.1973932Z ✔ [3623/3708] Built LeanCert.Tactic.EventualBound (6.0s)
2026-09-17T06:56:55.3400005Z ✔ [3624/3710] Built LeanCert.Tactic.Extension.Protocol (3.2s)
2026-09-17T06:56:55.5400539Z ✔ [3625/3711] Built LeanCert.Core.IntervalReal (3.0s)
2026-09-17T06:56:57.3490202Z ✔ [3626/3711] Built LeanCert.Core.IntervalRat.TrigReduced (3.5s)
2026-09-17T06:56:58.7505780Z ✔ [3627/3711] Built LeanCert.Tactic.LeanCert.Diagnostic.Evidence (3.6s)
2026-09-17T06:56:59.0533742Z ✔ [3628/3711] Built LeanCert.Tactic.LeanCert.Semantic.Parse.Bound (3.7s)
2026-09-17T06:56:59.1533110Z ✔ [3629/3711] Built LeanCert.Tactic.Extension.Registry (3.7s)
2026-09-17T06:56:59.5545921Z ✔ [3630/3716] Built LeanCert.Tactic.LeanCert.Config (2.2s)
2026-09-17T06:57:05.5841224Z ✔ [3632/3718] Built LeanCert.Core.IntervalRealEndpoints (6.4s)
2026-09-17T06:57:06.1961179Z ✔ [3633/3718] Built LeanCert.Engine.Algebra.QPoly (6.7s)
2026-09-17T06:57:08.6093384Z ✔ [3634/3724] Built LeanCert.Engine.Affine.Basic (9.8s)
2026-09-17T06:57:11.4182577Z ✔ [3635/3724] Built LeanCert.Core.IntervalDyadic (12s)
2026-09-17T06:57:12.2372526Z ✔ [3636/3726] Built LeanCert.Engine.Algebra.QPolyIntegral (6.1s)
2026-09-17T06:57:15.8538326Z ✔ [3637/3729] Built LeanCert.Engine.Affine.Nonlinear (7.2s)
2026-09-17T06:57:16.0563490Z ✔ [3639/3750] Built LeanCert.Engine.FloatEval (4.6s)
2026-09-17T06:57:16.2571524Z ✔ [3640/3750] Built LeanCert.Engine.Eval.Core (10s)
2026-09-17T06:57:17.9680496Z ✔ [3641/3750] Built LeanCert.Core.DyadicCell (5.7s)
2026-09-17T06:57:18.4687775Z ✔ [3642/3750] Built LeanCert.Tactic.Extension.Command (2.6s)
2026-09-17T06:57:20.6779600Z ✔ [3643/3750] Built LeanCert.Engine.Eval.Extended (4.4s)
2026-09-17T06:57:20.9785414Z ✔ [3644/3750] Built LeanCert.Tactic.Extension (2.4s)
2026-09-17T06:57:21.0786453Z ✔ [3645/3750] Built LeanCert.Core.DyadicFrontier (3.1s)
2026-09-17T06:57:22.6809465Z ✔ [3646/3750] Built LeanCert.Engine.Bounds.Lemmas (2.1s)
2026-09-17T06:57:24.4831197Z ✔ [3647/3750] Built LeanCert.Engine.IntervalEval (1.8s)
2026-09-17T06:57:27.9279672Z ✔ [3648/3750] Built LeanCert.Validity.Bounds.Core (3.4s)
2026-09-17T06:57:28.0281549Z ✔ [3649/3750] Built LeanCert.Validity.Bounds.Checked (3.5s)
2026-09-17T06:57:29.7304094Z ✔ [3650/3750] Built LeanCert.Engine.Affine.Transcendental (5.2s)
2026-09-17T06:57:32.2384727Z ✔ [3651/3750] Built LeanCert.Engine.Optimization.Box (4.2s)
2026-09-17T06:57:32.7390160Z ✔ [3652/3750] Built LeanCert.Engine.IntervalEvalDyadic (8.3s)
2026-09-17T06:57:35.1506979Z ✔ [3653/3750] Built LeanCert.Engine.RootFinding.Basic (7.3s)
2026-09-17T06:57:36.4743883Z ✔ [3654/3750] Built LeanCert.Engine.AD.Basic (3.7s)
2026-09-17T06:57:38.6823158Z ✔ [3655/3750] Built LeanCert.Engine.Integrate (8.0s)
2026-09-17T06:57:41.9951122Z ✔ [3656/3750] Built LeanCert.Engine.Search.Heuristic (5.5s)
2026-09-17T06:57:43.5031380Z ✔ [3657/3750] Built LeanCert.Engine.IntervalEvalAffine (8.4s)
2026-09-17T06:57:44.4034712Z ✔ [3658/3750] Built LeanCert.Engine.TaylorModel.Core (12s)
2026-09-17T06:57:45.2102843Z ✔ [3659/3750] Built LeanCert.Engine.FinSumDyadic (6.5s)
2026-09-17T06:57:46.3120398Z ✔ [3660/3750] Built LeanCert.Validity.DyadicBounds (4.4s)
2026-09-17T06:57:49.9216402Z ✔ [3661/3750] Built LeanCert.Engine.AD.Transcendental (5.5s)
2026-09-17T06:57:50.4222020Z ✔ [3662/3750] Built LeanCert.Engine.RootFinding.Bisection (6.9s)
2026-09-17T06:57:50.5232272Z ✔ [3663/3750] Built LeanCert.Engine.Affine.Environment (5.3s)
2026-09-17T06:57:50.9237470Z ✔ [3664/3750] Built LeanCert.Engine.TaylorModel.Integral (4.6s)
2026-09-17T06:57:53.1289361Z ✔ [3665/3750] Built LeanCert.Engine.TaylorModel.Special (3.2s)
2026-09-17T06:58:02.1575185Z ✔ [3666/3750] Built LeanCert.Engine.WitnessSum (9.0s)
2026-09-17T06:58:02.5706980Z ✔ [3667/3750] Built LeanCert.Engine.TaylorModel.ExpLog (12s)
2026-09-17T06:58:05.4732394Z ✔ [3668/3750] Built LeanCert.Engine.AD.Eval (3.3s)
2026-09-17T06:58:05.6743833Z ✔ [3669/3750] Built LeanCert.Engine.TaylorModel.Trig (14s)
2026-09-17T06:58:06.3786477Z ✔ [3670/3750] Built LeanCert.Engine.TaylorModel.Hyperbolic (15s)
2026-09-17T06:58:08.4859897Z ✔ [3671/3750] Built LeanCert.Engine.AD.Correctness (3.0s)
2026-09-17T06:58:08.7052540Z ✔ [3672/3750] Built LeanCert.Engine.TaylorModel.Functions (2.3s)
2026-09-17T06:58:13.3179515Z ✔ [3673/3750] Built LeanCert.Engine.AD.Computable (4.9s)
2026-09-17T06:58:14.7219349Z ✔ [3674/3750] Built LeanCert.Engine.TaylorModel.Expr (6.0s)
2026-09-17T06:58:15.3213197Z ✔ [3675/3750] Built LeanCert.Engine.AD.PartialCorrectness (6.8s)
2026-09-17T06:58:16.7276543Z ✔ [3676/3750] Built LeanCert.Engine.AD.DomainChecked (3.4s)
2026-09-17T06:58:17.0281987Z ✔ [3677/3750] Built LeanCert.Engine.TaylorModel (2.3s)
2026-09-17T06:58:20.0327456Z ✔ [3678/3750] Built LeanCert.Engine.AD.Dyadic (3.3s)
2026-09-17T06:58:21.9359733Z ✔ [3679/3750] Built LeanCert.Engine.AD (1.8s)
2026-09-17T06:58:26.1513813Z ✔ [3680/3750] Built LeanCert.Validity.Bounds.Smart (4.2s)
2026-09-17T06:58:27.1822875Z ✔ [3681/3750] Built LeanCert.Engine.IntervalEvalRefined (5.3s)
2026-09-17T06:58:27.2775062Z ✔ [3682/3750] Built LeanCert.Meta.ProveSupported (5.4s)
2026-09-17T06:58:29.7846069Z ✔ [3683/3750] Built LeanCert.Engine.Optimize (7.9s)
2026-09-17T06:58:30.2916214Z ✔ [3684/3750] Built LeanCert.Validity.Bounds.Bridge (4.1s)
2026-09-17T06:58:32.8078626Z ✔ [3685/3750] Built LeanCert.Meta.ProveContinuous (5.6s)
2026-09-17T06:58:34.5120087Z ✔ [3686/3750] Built LeanCert.Tactic.IntervalAuto.ProveCommon (7.2s)
2026-09-17T06:58:36.7229001Z ✔ [3687/3750] Built LeanCert.Validity.Bounds.Basic (3.0s)
2026-09-17T06:58:36.8227064Z ✔ [3688/3750] Built LeanCert.Engine.RootFinding.Newton (6.6s)
2026-09-17T06:58:37.8237085Z ✔ [3689/3750] Built LeanCert.Engine.Optimization.Gradient (8.0s)
2026-09-17T06:58:40.8266047Z ✔ [3690/3750] Built LeanCert.Tactic.IntervalAuto.Basic (4.0s)
2026-09-17T06:58:41.1273516Z ✔ [3691/3750] Built LeanCert.Tactic.LeanCert.Bridge.ReifiedFunction (4.4s)
2026-09-17T06:58:42.5536749Z ✔ [3692/3750] Built LeanCert.Validity.Integration (8.1s)
2026-09-17T06:58:49.8272899Z ✔ [3693/3750] Built LeanCert.Engine.RootFinding.MVTBounds (11s)
2026-09-17T06:58:51.2290170Z ✔ [3694/3750] Built LeanCert.Engine.RootFinding.Krawczyk (10s)
2026-09-17T06:58:52.3292734Z ✔ [3695/3750] Built LeanCert.Tactic.LeanCert.Semantic.Prepare (9.7s)
2026-09-17T06:58:59.8435981Z ✔ [3696/3750] Built LeanCert.Engine.RootFinding.KrawczykCandidate (7.5s)
2026-09-17T06:59:01.9471082Z ✔ [3697/3750] Built LeanCert.Engine.RootFinding.Contraction (10s)
2026-09-17T06:59:02.4484637Z ✔ [3698/3750] Built LeanCert.Tactic.LeanCert.Integral (12s)
2026-09-17T06:59:03.7497682Z ✔ [3699/3750] Built LeanCert.Validity.Krawczyk (3.9s)
2026-09-17T06:59:08.2575319Z ✔ [3700/3750] Built LeanCert.Engine.RootFinding.Main (4.6s)
2026-09-17T06:59:09.3587754Z ✔ [3701/3750] Built LeanCert.Tactic.LeanCert.Solver.Protocol (6.9s)
2026-09-17T06:59:10.3631355Z ✔ [3702/3750] Built LeanCert.Tactic.Extension.Execute (8.4s)
2026-09-17T06:59:11.7661083Z ✔ [3703/3750] Built LeanCert.Engine.Optimization.Global (30s)
2026-09-17T06:59:12.8696668Z ✔ [3704/3750] Built LeanCert.Tactic.LeanCert.Diagnostic.Render (3.5s)
2026-09-17T06:59:14.3738129Z ✔ [3705/3750] Built LeanCert.Tactic.Enclosure (4.1s)
2026-09-17T06:59:15.3775631Z ✔ [3706/3750] Built LeanCert.Validity.Types (3.6s)
2026-09-17T06:59:16.8864950Z ✔ [3707/3750] Built LeanCert.Engine.Optimization.Guided (4.0s)
2026-09-17T06:59:18.3911757Z ✔ [3708/3750] Built LeanCert.Engine.Search.CounterExample (4.0s)
2026-09-17T06:59:19.3935045Z ✔ [3709/3750] Built LeanCert.Validity.Bounds (7.7s)
2026-09-17T06:59:19.4941335Z ✔ [3710/3750] Built LeanCert.Engine.Optimization.BoundVerify (4.1s)
2026-09-17T06:59:23.3185866Z ✔ [3711/3750] Built LeanCert.Discovery.Find (3.9s)
2026-09-17T06:59:24.1220083Z ✔ [3712/3750] Built LeanCert.Tactic.IntervalAuto.OptBound (4.7s)
2026-09-17T06:59:24.1222255Z ✔ [3713/3750] Built LeanCert.Tactic.IntervalAuto.RootBound (4.6s)
2026-09-17T06:59:25.8245688Z ✔ [3714/3750] Built LeanCert.Tactic.IntervalAuto.Multivariate (6.3s)
2026-09-17T06:59:37.2368607Z ✔ [3715/3750] Built LeanCert.Tactic.IntervalAuto.Bound (13s)
2026-09-17T06:59:43.4485882Z ✔ [3716/3750] Built LeanCert.Tactic.IntervalAuto.Subdiv (6.2s)
2026-09-17T06:59:44.9527555Z ✔ [3717/3750] Built LeanCert.Tactic.IntervalAuto.Adaptive (7.8s)
2026-09-17T06:59:46.5537202Z ✔ [3718/3750] Built LeanCert.Tactic.IntervalAuto.PointIneq (9.3s)
2026-09-17T06:59:48.9571363Z ✔ [3719/3750] Built LeanCert.Tactic.IntervalAuto (2.4s)
2026-09-17T06:59:52.3719095Z ✔ [3720/3750] Built LeanCert.Tactic.Refute (3.4s)
2026-09-17T06:59:54.7781574Z ✔ [3721/3750] Built LeanCert.Tactic.FinSumWitness (5.8s)
2026-09-17T06:59:59.0854697Z ✔ [3722/3750] Built LeanCert.Tactic.FinSumBound (4.4s)
2026-09-17T07:00:02.3917614Z ✔ [3723/3750] Built LeanCert.Tactic.LeanCert.Semantic.Parse (3.2s)
2026-09-17T07:00:03.0939304Z ✔ [3724/3750] Built LeanCert.Tactic.Discovery (14s)
2026-09-17T07:00:05.6998928Z ✔ [3725/3750] Built LeanCert.Tactic.Krawczyk (3.3s)
2026-09-17T07:00:13.6079390Z ✔ [3726/3750] Built LeanCert.Tactic.LeanCert.Router (7.9s)
2026-09-17T07:00:16.1111164Z ✔ [3727/3750] Built LeanCert.Tactic.LeanCert (2.5s)
2026-09-17T07:00:18.6142501Z ✔ [3728/3750] Built LeanCert.Tactic (2.5s)
2026-09-17T07:00:22.1182397Z ℹ [3729/3750] Built NLA.MI13.Frobenius (3.6s)
2026-09-17T07:00:22.1183969Z info: NLA/MI13/Frobenius.lean:113:0: 'NLA.MI13.frobenius_semantics' depends on axioms: [propext, Classical.choice, Quot.sound]
2026-09-17T07:00:22.1185975Z info: NLA/MI13/Frobenius.lean:115:0: 'NLA.MI13.frobenius_linear_bounds' depends on axioms: [propext, Classical.choice, Quot.sound]
2026-09-17T07:00:22.1188305Z info: NLA/MI13/Frobenius.lean:117:0: 'NLA.MI13.hilbert_schmidt_semantics' depends on axioms: [propext, Classical.choice, Quot.sound]
2026-09-17T07:00:22.5192226Z ℹ [3730/3750] Built NLA.MI13.Numerical (3.9s)
2026-09-17T07:00:22.5194063Z info: NLA/MI13/Numerical.lean:23:0: 'NLA.MI13.half_certificate' depends on axioms: [propext, Classical.choice, Quot.sound]
2026-09-17T07:00:22.7194821Z ℹ [3731/3750] Built NLA.MI13.SingularSemantics (4.1s)
2026-09-17T07:00:22.7200298Z info: NLA/MI13/SingularSemantics.lean:31:0: 'NLA.MI13.singular_values_semantics' depends on axioms: [propext, Classical.choice, Quot.sound]
2026-09-17T07:00:22.7202586Z info: NLA/MI13/SingularSemantics.lean:33:0: 'NLA.MI13.singular_values_gram' depends on axioms: [propext, Classical.choice, Quot.sound]
2026-09-17T07:00:27.7311177Z ℹ [3732/3750] Built NLA.MI13.GramBasis (5.0s)
2026-09-17T07:00:27.7312911Z info: NLA/MI13/GramBasis.lean:35:0: 'NLA.MI13.ordered_gram_basis' depends on axioms: [propext, Classical.choice, Quot.sound]
2026-09-17T07:00:27.7314669Z info: NLA/MI13/GramBasis.lean:37:0: 'NLA.MI13.positive_image_extension' depends on axioms: [propext, Classical.choice, Quot.sound]
2026-09-17T07:00:27.8312716Z ℹ [3733/3750] Built NLA.MI13.CommutatorAlgebra (5.7s)
2026-09-17T07:00:27.8314536Z info: NLA/MI13/CommutatorAlgebra.lean:85:0: 'NLA.MI13.commutator_adjoint' depends on axioms: [propext, Classical.choice, Quot.sound]
2026-09-17T07:00:27.8316318Z info: NLA/MI13/CommutatorAlgebra.lean:87:0: 'NLA.MI13.commutator_conjugate_symmetry' depends on axioms: [propext, Classical.choice, Quot.sound]
2026-09-17T07:00:28.3386950Z ℹ [3734/3750] Built NLA.MI13.ElementaryBounds (5.9s)
2026-09-17T07:00:28.3389293Z info: NLA/MI13/ElementaryBounds.lean:76:0: 'NLA.MI13.two_coordinate_bound' depends on axioms: [propext, Classical.choice, Quot.sound]
2026-09-17T07:00:28.3391104Z info: NLA/MI13/ElementaryBounds.lean:78:0: 'NLA.MI13.off_corner_coefficient_bound' depends on axioms: [propext, Classical.choice, Quot.sound]
2026-09-17T07:00:28.3392878Z info: NLA/MI13/ElementaryBounds.lean:80:0: 'NLA.MI13.unit_circle_lift' depends on axioms: [propext, Classical.choice, Quot.sound]
2026-09-17T07:00:28.3394576Z info: NLA/MI13/ElementaryBounds.lean:82:0: 'NLA.MI13.frobenius_average_bound' depends on axioms: [propext, Classical.choice, Quot.sound]
2026-09-17T07:00:31.2414559Z ℹ [3735/3750] Built NLA.MI13.OperatorNorm (8.5s)
2026-09-17T07:00:31.2416355Z info: NLA/MI13/OperatorNorm.lean:112:0: 'NLA.MI13.operator_norm_semantics' depends on axioms: [propext, Classical.choice, Quot.sound]
2026-09-17T07:00:32.4450275Z ℹ [3736/3750] Built NLA.MI13.NormalizedImages (4.7s)
2026-09-17T07:00:32.4452683Z info: NLA/MI13/NormalizedImages.lean:78:0: 'NLA.MI13.positive_image_orthonormal' depends on axioms: [propext, Classical.choice, Quot.sound]
2026-09-17T07:00:32.4454801Z info: NLA/MI13/NormalizedImages.lean:80:0: 'NLA.MI13.zero_singular_image' depends on axioms: [propext, Classical.choice, Quot.sound]
2026-09-17T07:00:32.4457122Z info: NLA/MI13/NormalizedImages.lean:82:0: 'NLA.MI13.full_singular_vector_bases' depends on axioms: [propext, Classical.choice, Quot.sound]
2026-09-17T07:00:33.7486838Z ℹ [3737/3750] Built NLA.MI13.CommutatorEigenspaces (5.4s)
2026-09-17T07:00:33.7489182Z info: NLA/MI13/CommutatorEigenspaces.lean:103:0: 'NLA.MI13.positive_eigenvector_pair' depends on axioms: [propext, Classical.choice, Quot.sound]
2026-09-17T07:00:33.7491004Z info: NLA/MI13/CommutatorEigenspaces.lean:105:0: 'NLA.MI13.eigenspace_functional_kernel' depends on axioms: [propext, Classical.choice, Quot.sound]
2026-09-17T07:00:34.7500031Z ℹ [3738/3750] Built NLA.MI13.CommutatorMaximum (6.8s)
2026-09-17T07:00:34.7502143Z info: NLA/MI13/CommutatorMaximum.lean:80:0: 'NLA.MI13.commutator_spectral_maximum' depends on axioms: [propext, Classical.choice, Quot.sound]
2026-09-17T07:00:35.8526625Z ℹ [3739/3750] Built NLA.MI13.NormScaling (4.6s)
2026-09-17T07:00:35.8527810Z info: NLA/MI13/NormScaling.lean:27:0: 'NLA.MI13.spectralNorm_smul' depends on axioms: [propext, Classical.choice, Quot.sound]
2026-09-17T07:00:37.3589663Z ℹ [3740/3750] Built NLA.MI13.UnitaryInvariance (4.9s)
2026-09-17T07:00:37.3591569Z info: NLA/MI13/UnitaryInvariance.lean:75:0: 'NLA.MI13.unitary_singular_invariance' depends on axioms: [propext, Classical.choice, Quot.sound]
2026-09-17T07:00:37.3594435Z info: NLA/MI13/UnitaryInvariance.lean:77:0: 'NLA.MI13.unitary_norm_invariance' depends on axioms: [propext, Classical.choice, Quot.sound]
2026-09-17T07:00:37.3596398Z ℹ [3741/3750] Built NLA.MI13.SVD (3.5s)
2026-09-17T07:00:37.3598210Z info: NLA/MI13/SVD.lean:61:0: 'NLA.MI13.full_svd' depends on axioms: [propext, Classical.choice, Quot.sound]
2026-09-17T07:00:41.8677128Z ℹ [3742/3750] Built NLA.MI13.TwoUnitaryAverage (4.5s)
2026-09-17T07:00:41.8679296Z info: NLA/MI13/TwoUnitaryAverage.lean:85:0: 'NLA.MI13.two_unitary_average' depends on axioms: [propext, Classical.choice, Quot.sound]
2026-09-17T07:00:42.0015929Z ℹ [3743/3750] Built NLA.MI13.CancelledSVD (4.7s)
2026-09-17T07:00:42.0018277Z info: NLA/MI13/CancelledSVD.lean:147:0: 'NLA.MI13.svd_corner_functional' depends on axioms: [propext, Classical.choice, Quot.sound]
2026-09-17T07:00:42.0020077Z info: NLA/MI13/CancelledSVD.lean:149:0: 'NLA.MI13.cancelled_svd_bound' depends on axioms: [propext, Classical.choice, Quot.sound]
2026-09-17T07:00:42.2020642Z ℹ [3744/3750] Built NLA.MI13.Padding (4.9s)
2026-09-17T07:00:42.2022491Z info: NLA/MI13/Padding.lean:203:0: 'NLA.MI13.padding_product' depends on axioms: [propext, Classical.choice, Quot.sound]
2026-09-17T07:00:42.2024141Z info: NLA/MI13/Padding.lean:205:0: 'NLA.MI13.padding_norms' depends on axioms: [propext, Classical.choice, Quot.sound]
2026-09-17T07:00:42.2025825Z info: NLA/MI13/Padding.lean:207:0: 'NLA.MI13.padding_singular_values' depends on axioms: [propext, Classical.choice, Quot.sound]
2026-09-17T07:00:44.9059910Z ℹ [3745/3750] Built NLA.MI13.RefinedCommutator (2.8s)
2026-09-17T07:00:44.9061971Z info: NLA/MI13/RefinedCommutator.lean:49:0: 'NLA.MI13.refined_commutator_bound' depends on axioms: [propext, Classical.choice, Quot.sound]
2026-09-17T07:00:45.4056163Z ℹ [3746/3750] Built NLA.MI13.Sharpness (3.6s)
2026-09-17T07:00:45.4057338Z info: NLA/MI13/Sharpness.lean:57:0: 'NLA.MI13.sharpness_example' depends on axioms: [propext, Classical.choice, Quot.sound]
2026-09-17T07:00:48.1086740Z ℹ [3747/3750] Built NLA.MI13.MiddleBounds (3.3s)
2026-09-17T07:00:48.1087846Z info: NLA/MI13/MiddleBounds.lean:96:0: 'NLA.MI13.unitary_middle_bound' depends on axioms: [propext, Classical.choice, Quot.sound]
2026-09-17T07:00:48.1089648Z info: NLA/MI13/MiddleBounds.lean:98:0: 'NLA.MI13.contraction_middle_bound' depends on axioms: [propext, Classical.choice, Quot.sound]
2026-09-17T07:00:48.1091070Z info: NLA/MI13/MiddleBounds.lean:100:0: 'NLA.MI13.square_middle_bound' depends on axioms: [propext, Classical.choice, Quot.sound]
2026-09-17T07:00:50.7117085Z ℹ [3748/3750] Built NLA.MI13.Complete (2.6s)
2026-09-17T07:00:50.7118509Z info: NLA/MI13/Complete.lean:30:0: 'NLA.MI13.canonical_rectangular_bound' depends on axioms: [propext, Classical.choice, Quot.sound]
2026-09-17T07:00:53.3154666Z ℹ [3749/3750] Built Solution (2.5s)
2026-09-17T07:00:53.3155812Z info: Solution.lean:18:0: 'NLA.MI13.frobenius_semantics' depends on axioms: [propext, Classical.choice, Quot.sound]
2026-09-17T07:00:53.3157323Z info: Solution.lean:20:0: 'NLA.MI13.frobenius_linear_bounds' depends on axioms: [propext, Classical.choice, Quot.sound]
2026-09-17T07:00:53.3159279Z info: Solution.lean:22:0: 'NLA.MI13.operator_norm_semantics' depends on axioms: [propext, Classical.choice, Quot.sound]
2026-09-17T07:00:53.3160425Z info: Solution.lean:24:0: 'NLA.MI13.singular_values_semantics' depends on axioms: [propext, Classical.choice, Quot.sound]
2026-09-17T07:00:53.3161724Z info: Solution.lean:26:0: 'NLA.MI13.singular_values_gram' depends on axioms: [propext, Classical.choice, Quot.sound]
2026-09-17T07:00:53.3162739Z info: Solution.lean:28:0: 'NLA.MI13.ordered_gram_basis' depends on axioms: [propext, Classical.choice, Quot.sound]
2026-09-17T07:00:53.3163760Z info: Solution.lean:30:0: 'NLA.MI13.positive_image_orthonormal' depends on axioms: [propext, Classical.choice, Quot.sound]
2026-09-17T07:00:53.3164806Z info: Solution.lean:32:0: 'NLA.MI13.zero_singular_image' depends on axioms: [propext, Classical.choice, Quot.sound]
2026-09-17T07:00:53.3166185Z info: Solution.lean:34:0: 'NLA.MI13.positive_image_extension' depends on axioms: [propext, Classical.choice, Quot.sound]
2026-09-17T07:00:53.3167515Z info: Solution.lean:36:0: 'NLA.MI13.full_singular_vector_bases' depends on axioms: [propext, Classical.choice, Quot.sound]
2026-09-17T07:00:53.3170118Z info: Solution.lean:38:0: 'NLA.MI13.full_svd' depends on axioms: [propext, Classical.choice, Quot.sound]
2026-09-17T07:00:53.3171168Z info: Solution.lean:40:0: 'NLA.MI13.unitary_norm_invariance' depends on axioms: [propext, Classical.choice, Quot.sound]
2026-09-17T07:00:53.3172305Z info: Solution.lean:42:0: 'NLA.MI13.unitary_singular_invariance' depends on axioms: [propext, Classical.choice, Quot.sound]
2026-09-17T07:00:53.3173465Z info: Solution.lean:44:0: 'NLA.MI13.hilbert_schmidt_semantics' depends on axioms: [propext, Classical.choice, Quot.sound]
2026-09-17T07:00:53.3174562Z info: Solution.lean:46:0: 'NLA.MI13.commutator_adjoint' depends on axioms: [propext, Classical.choice, Quot.sound]
2026-09-17T07:00:53.3175698Z info: Solution.lean:48:0: 'NLA.MI13.commutator_conjugate_symmetry' depends on axioms: [propext, Classical.choice, Quot.sound]
2026-09-17T07:00:53.3176864Z info: Solution.lean:50:0: 'NLA.MI13.commutator_spectral_maximum' depends on axioms: [propext, Classical.choice, Quot.sound]
2026-09-17T07:00:53.3178242Z info: Solution.lean:52:0: 'NLA.MI13.positive_eigenvector_pair' depends on axioms: [propext, Classical.choice, Quot.sound]
2026-09-17T07:00:53.3179448Z info: Solution.lean:54:0: 'NLA.MI13.eigenspace_functional_kernel' depends on axioms: [propext, Classical.choice, Quot.sound]
2026-09-17T07:00:53.3180572Z info: Solution.lean:56:0: 'NLA.MI13.two_coordinate_bound' depends on axioms: [propext, Classical.choice, Quot.sound]
2026-09-17T07:00:53.3181692Z info: Solution.lean:58:0: 'NLA.MI13.off_corner_coefficient_bound' depends on axioms: [propext, Classical.choice, Quot.sound]
2026-09-17T07:00:53.3182794Z info: Solution.lean:60:0: 'NLA.MI13.svd_corner_functional' depends on axioms: [propext, Classical.choice, Quot.sound]
2026-09-17T07:00:53.3184142Z info: Solution.lean:62:0: 'NLA.MI13.cancelled_svd_bound' depends on axioms: [propext, Classical.choice, Quot.sound]
2026-09-17T07:00:53.3185244Z info: Solution.lean:64:0: 'NLA.MI13.refined_commutator_bound' depends on axioms: [propext, Classical.choice, Quot.sound]
2026-09-17T07:00:53.3186319Z info: Solution.lean:66:0: 'NLA.MI13.half_certificate' depends on axioms: [propext, Classical.choice, Quot.sound]
2026-09-17T07:00:53.3187337Z info: Solution.lean:68:0: 'NLA.MI13.unit_circle_lift' depends on axioms: [propext, Classical.choice, Quot.sound]
2026-09-17T07:00:53.3188613Z info: Solution.lean:70:0: 'NLA.MI13.two_unitary_average' depends on axioms: [propext, Classical.choice, Quot.sound]
2026-09-17T07:00:53.3189941Z info: Solution.lean:72:0: 'NLA.MI13.frobenius_average_bound' depends on axioms: [propext, Classical.choice, Quot.sound]
2026-09-17T07:00:53.3191025Z info: Solution.lean:74:0: 'NLA.MI13.unitary_middle_bound' depends on axioms: [propext, Classical.choice, Quot.sound]
2026-09-17T07:00:53.3192156Z info: Solution.lean:76:0: 'NLA.MI13.contraction_middle_bound' depends on axioms: [propext, Classical.choice, Quot.sound]
2026-09-17T07:00:53.3193236Z info: Solution.lean:78:0: 'NLA.MI13.square_middle_bound' depends on axioms: [propext, Classical.choice, Quot.sound]
2026-09-17T07:00:53.3194275Z info: Solution.lean:80:0: 'NLA.MI13.padding_product' depends on axioms: [propext, Classical.choice, Quot.sound]
2026-09-17T07:00:53.3195287Z info: Solution.lean:82:0: 'NLA.MI13.padding_norms' depends on axioms: [propext, Classical.choice, Quot.sound]
2026-09-17T07:00:53.3196336Z info: Solution.lean:84:0: 'NLA.MI13.padding_singular_values' depends on axioms: [propext, Classical.choice, Quot.sound]
2026-09-17T07:00:53.3197464Z info: Solution.lean:86:0: 'NLA.MI13.canonical_rectangular_bound' depends on axioms: [propext, Classical.choice, Quot.sound]
2026-09-17T07:00:53.3198780Z info: Solution.lean:88:0: 'NLA.MI13.sharpness_example' depends on axioms: [propext, Classical.choice, Quot.sound]
2026-09-17T07:00:53.3297446Z Build completed successfully (3750 jobs).
2026-09-17T07:02:45.9878164Z Exporting #[Quot, Quot.mk, Quot.lift, Quot.ind, NLA.MI13.frobenius_semantics, NLA.MI13.frobenius_linear_bounds, NLA.MI13.operator_norm_semantics, NLA.MI13.singular_values_semantics, NLA.MI13.singular_values_gram, NLA.MI13.ordered_gram_basis, NLA.MI13.positive_image_orthonormal, NLA.MI13.zero_singular_image, NLA.MI13.positive_image_extension, NLA.MI13.full_singular_vector_bases, NLA.MI13.full_svd, NLA.MI13.unitary_norm_invariance, NLA.MI13.unitary_singular_invariance, NLA.MI13.hilbert_schmidt_semantics, NLA.MI13.commutator_adjoint, NLA.MI13.commutator_conjugate_symmetry, NLA.MI13.commutator_spectral_maximum, NLA.MI13.positive_eigenvector_pair, NLA.MI13.eigenspace_functional_kernel, NLA.MI13.two_coordinate_bound, NLA.MI13.off_corner_coefficient_bound, NLA.MI13.svd_corner_functional, NLA.MI13.cancelled_svd_bound, NLA.MI13.refined_commutator_bound, NLA.MI13.half_certificate, NLA.MI13.unit_circle_lift, NLA.MI13.two_unitary_average, NLA.MI13.frobenius_average_bound, NLA.MI13.unitary_middle_bound, NLA.MI13.contraction_middle_bound, NLA.MI13.square_middle_bound, NLA.MI13.padding_product, NLA.MI13.padding_norms, NLA.MI13.padding_singular_values, NLA.MI13.canonical_rectangular_bound, NLA.MI13.sharpness_example, propext, Quot.sound, Classical.choice, Nat.add, Nat.sub, Nat.mul, Nat.pow, Nat.gcd, Nat.div, Nat.mod, Nat.beq, Nat.ble, Nat.land, Nat.lor, Nat.xor, Nat.shiftLeft, Nat.shiftRight, String.ofList, Char.ofNat, List, eagerReduce, Nat, String, String.mk, Char, optParam, autoParam, semiOutParam, outParam] from Solution
2026-09-17T07:02:45.9884011Z Running Lean default kernel on solution.
2026-09-17T07:02:45.9884327Z Lean default kernel accepts the solution
2026-09-17T07:02:45.9884606Z Your solution is okay!
2026-09-17T07:02:51.5123113Z PASS: fresh Comparator run and all controls. Evidence: /home/runner/work/_temp/nla-lean-tools/logs/verify-20260917T065349Z-4167
2026-09-17T07:02:51.5322574Z Node 20 is being deprecated. This workflow is running with Node 24 by default. If you need to temporarily use Node 20, you can set the ACTIONS_ALLOW_USE_UNSECURE_NODE_VERSION=true environment variable. For more information see: https://github.blog/changelog/2025-09-19-deprecation-of-node-20-on-github-actions-runners/
2026-09-17T07:02:51.5325689Z ##[group]Run actions/upload-artifact@ea165f8d65b6e75b540449e92b4886f43607fa02
2026-09-17T07:02:51.5326560Z with:
2026-09-17T07:02:51.5326991Z   name: lean-MI-13
2026-09-17T07:02:51.5327525Z   path: /home/runner/work/_temp/nla-lean-tools/logs/
2026-09-17T07:02:51.5328458Z   if-no-files-found: warn
2026-09-17T07:02:51.5329059Z   compression-level: 6
2026-09-17T07:02:51.5329540Z   overwrite: false
2026-09-17T07:02:51.5330414Z   include-hidden-files: false
2026-09-17T07:02:51.5330903Z env:
2026-09-17T07:02:51.5331318Z   GOTOOLCHAIN: local
2026-09-17T07:02:51.5331806Z   XDG_RUNTIME_DIR: /run/user/1001
2026-09-17T07:02:51.5332565Z   DBUS_SESSION_BUS_ADDRESS: unix:path=/run/user/1001/bus
2026-09-17T07:02:51.5333297Z ##[endgroup]
2026-09-17T07:02:51.8272611Z (node:8548) [DEP0040] DeprecationWarning: The `punycode` module is deprecated. Please use a userland alternative instead.
2026-09-17T07:02:51.8273473Z (Use `node --trace-deprecation ...` to show where the warning was created)
2026-09-17T07:02:51.8383075Z With the provided path, there will be 13 files uploaded
2026-09-17T07:02:51.8389604Z Artifact name is valid!
2026-09-17T07:02:51.8390437Z Root directory input is valid!
2026-09-17T07:02:52.2451538Z Beginning upload of artifact content to blob storage
2026-09-17T07:02:52.2960446Z (node:8548) [DEP0169] DeprecationWarning: `url.parse()` behavior is not standardized and prone to errors that have security implications. Use the WHATWG URL API instead. CVEs are not issued for `url.parse()` vulnerabilities.
2026-09-17T07:02:52.7093838Z Uploaded bytes 58474
2026-09-17T07:02:52.7944547Z Finished uploading artifact content to blob storage!
2026-09-17T07:02:52.7945293Z SHA256 digest of uploaded artifact zip is 83d22a9de3d7b9676975b2bbce4982d3541e788fa9021227fc7c27122a3c9cf3
2026-09-17T07:02:52.7947083Z Finalizing artifact upload
2026-09-17T07:02:53.0488303Z Artifact lean-MI-13.zip successfully finalized. Artifact ID 10484502227
2026-09-17T07:02:53.0489440Z Artifact lean-MI-13 has been successfully uploaded! Final size is 58474 bytes. Artifact ID is 10484502227
2026-09-17T07:02:53.0495921Z Artifact download URL: https://github.com/sgstepaniants/OpenProblemsInNLA/actions/runs/35191730986/artifacts/10484502227
2026-09-17T07:02:53.0669199Z Post job cleanup.
2026-09-17T07:02:53.2047169Z Node 20 is being deprecated. This workflow is running with Node 24 by default. If you need to temporarily use Node 20, you can set the ACTIONS_ALLOW_USE_UNSECURE_NODE_VERSION=true environment variable. For more information see: https://github.blog/changelog/2025-09-19-deprecation-of-node-20-on-github-actions-runners/
2026-09-17T07:02:53.2048904Z Post job cleanup.
2026-09-17T07:02:53.2997043Z [command]/usr/bin/git version
2026-09-17T07:02:53.3041394Z git version 2.55.0
2026-09-17T07:02:53.3077478Z Temporarily overriding HOME='/home/runner/work/_temp/71cff3a2-78e4-4616-81d2-ac7efce4e778' before making global git config changes
2026-09-17T07:02:53.3079064Z Adding repository directory to the temporary git global config as a safe directory
2026-09-17T07:02:53.3084418Z [command]/usr/bin/git config --global --add safe.directory /home/runner/work/OpenProblemsInNLA/OpenProblemsInNLA
2026-09-17T07:02:53.3125447Z [command]/usr/bin/git config --local --name-only --get-regexp core\.sshCommand
2026-09-17T07:02:53.3162554Z [command]/usr/bin/git submodule foreach --recursive sh -c "git config --local --name-only --get-regexp 'core\.sshCommand' && git config --local --unset-all 'core.sshCommand' || :"
2026-09-17T07:02:53.3511899Z [command]/usr/bin/git config --local --name-only --get-regexp http\.https\:\/\/github\.com\/\.extraheader
2026-09-17T07:02:53.3567838Z [command]/usr/bin/git submodule foreach --recursive sh -c "git config --local --name-only --get-regexp 'http\.https\:\/\/github\.com\/\.extraheader' && git config --local --unset-all 'http.https://github.com/.extraheader' || :"
2026-09-17T07:02:53.3970061Z [command]/usr/bin/git config --local --name-only --get-regexp ^includeIf\.gitdir:
2026-09-17T07:02:53.4010353Z [command]/usr/bin/git submodule foreach --recursive git config --local --show-origin --name-only --get-regexp remote.origin.url
2026-09-17T07:02:53.4503143Z Cleaning up orphan processes
2026-09-17T07:02:53.4901147Z ##[warning]Node.js 20 is deprecated. The following actions target Node.js 20 but are being forced to run on Node.js 24: actions/checkout@11d5960a326750d5838078e36cf38b85af677262, actions/upload-artifact@ea165f8d65b6e75b540449e92b4886f43607fa02. For more information see: https://github.blog/changelog/2025-09-19-deprecation-of-node-20-on-github-actions-runners/
