Try this:
  [apply] ring_nf
  
  The `ring` tactic failed to close the goal. Use `ring_nf` to obtain a normal form.
    
  Note that `ring` works primarily in *commutative* rings. If you have a noncommutative ring, abelian group or module, consider using `noncomm_ring`, `abel` or `module` instead.
NLA/SP15/CoefficientIdentity.lean:27:42: error: unsolved goals
D₁ D₂ D₃ S₁ S₂ S₃ a b z w : ℂ
⊢ D₁ * D₂ * ![S₃ * b, S₃ * w, D₃] 2 - D₁ * S₂ * z * ![S₃ * b, S₃ * w, D₃] 1 - D₂ * b * S₁ * ![S₃ * b, S₃ * w, D₃] 0 +
          b * S₂ * ![S₃ * b, S₃ * w, D₃] 1 * S₁ * a -
        ![S₃ * b, S₃ * w, D₃] 2 * S₂ * S₁ * a ^ 2 +
      S₂ * z * S₁ * a * ![S₃ * b, S₃ * w, D₃] 0 =
    D₁ * D₂ * D₃ - D₁ * S₃ * w * S₂ * z - D₂ * S₃ * b ^ 2 * S₁ + S₃ * b * w * S₂ * S₁ * a + S₃ * b * S₂ * z * S₁ * a -
      S₂ * S₁ * a ^ 2 * D₃
PANIC at Lean.Expr.appArg! Lean.Expr:936:15: application expected
backtrace:
0   libleanshared.dylib                 0x00000001136f7ca4 _ZN4leanL15print_backtraceEb + 60
1   libleanshared.dylib                 0x00000001136ee914 _ZN4leanL15lean_panic_implEPKcmb + 176
2   libleanshared.dylib                 0x00000001136eea30 lean_panic_fn_borrowed + 64
3   libleanshared.dylib                 0x0000000112a01a2c WellFounded.opaqueFix₃ [arity↓] spec at Lean.Meta.Simp.SimprocEntry.try + 180
4   libleanshared.dylib                 0x0000000112a02994 Lean.Meta.Simp.SimprocEntry.tryD + 116
5   libleanshared.dylib                 0x0000000112a07628 Array.forIn'Unsafe.loop [private] spec at Lean.Meta.Simp.dsimprocCore + 820
6   libleanshared.dylib                 0x0000000112a09224 Lean.Meta.Simp.dsimprocCore + 1068
7   libleanshared.dylib                 0x0000000112a0c7bc Array.forIn'Unsafe.loop [private] spec at Lean.Meta.Simp.dsimprocArrayCore + 412
8   libleanshared.dylib                 0x0000000112a0d054 Lean.Meta.Simp.dsimprocArrayCore + 184
9   libleanshared.dylib                 0x0000000112a0e490 Lean.Meta.Simp.userPostDSimprocs + 120
10  libleanshared.dylib                 0x000000011297f0f4 Lean.Meta.Simp.dpostDefault [boxed] + 68
11  libleanshared.dylib                 0x0000000113709bb8 <apply/9> + 520
12  libleanshared.dylib                 0x0000000112915238 Lean.Meta.Simp.dsimpImpl [λ, private] + 280
13  libleanshared.dylib                 0x0000000113709bb8 <apply/9> + 520
14  libleanshared.dylib                 0x0000000112919998 Lean.Meta.transformWithCache.visit.visitPost [private] spec at Lean.Meta.transformWithCache.visit spec at Lean.Meta.Simp.dsimpImpl + 312
15  libleanshared.dylib                 0x000000011291deb0 Lean.Meta.transformWithCache.visit [λ, private] spec at Lean.Meta.Simp.dsimpImpl + 3776
16  libleanshared.dylib                 0x000000011291e81c Lean.Meta.transformWithCache.visit [boxed, λ, private] spec at Lean.Meta.Simp.dsimpImpl + 80
17  libleanshared.dylib                 0x000000011370a120 <apply/9> + 1904
18  libleanshared.dylib                 0x00000001129179f8 Lean.Meta.withIncRecDepth [arity↓] spec at Lean.Meta.transformWithCache.visit spec at Lean.Meta.Simp.dsimpImpl + 976
19  libleanshared.dylib                 0x000000011291a368 Lean.Meta.transformWithCache.visit [private] spec at Lean.Meta.Simp.dsimpImpl + 596
20  libleanshared.dylib                 0x000000011291deb0 Lean.Meta.transformWithCache.visit [λ, private] spec at Lean.Meta.Simp.dsimpImpl + 3776
21  libleanshared.dylib                 0x000000011291e81c Lean.Meta.transformWithCache.visit [boxed, λ, private] spec at Lean.Meta.Simp.dsimpImpl + 80
22  libleanshared.dylib                 0x000000011370a120 <apply/9> + 1904
23  libleanshared.dylib                 0x00000001129179f8 Lean.Meta.withIncRecDepth [arity↓] spec at Lean.Meta.transformWithCache.visit spec at Lean.Meta.Simp.dsimpImpl + 976
24  libleanshared.dylib                 0x000000011291a368 Lean.Meta.transformWithCache.visit [private] spec at Lean.Meta.Simp.dsimpImpl + 596
25  libleanshared.dylib                 0x000000011291b740 WellFounded.opaqueFix₃ [λ, arity↓] spec at Lean.Meta.transformWithCache.visit spec at Lean.Meta.Simp.dsimpImpl + 52
26  libleanshared.dylib                 0x000000011291b9e8 WellFounded.opaqueFix₃ [boxed, λ, arity↓] spec at Lean.Meta.transformWithCache.visit spec at Lean.Meta.Simp.dsimpImpl + 112
27  libleanshared.dylib                 0x0000000113709208 <apply/8> + 4036
28  libleanshared.dylib                 0x000000011291bee4 WellFounded.opaqueFix₃ [arity↓] spec at Lean.Meta.transformWithCache.visit spec at Lean.Meta.Simp.dsimpImpl + 824
29  libleanshared.dylib                 0x000000011291cbd4 Lean.Expr.withAppAux spec at Lean.Meta.transformWithCache.visit spec at Lean.Meta.Simp.dsimpImpl + 1788
30  libleanshared.dylib                 0x000000011291deb0 Lean.Meta.transformWithCache.visit [λ, private] spec at Lean.Meta.Simp.dsimpImpl + 3776
31  libleanshared.dylib                 0x000000011291e81c Lean.Meta.transformWithCache.visit [boxed, λ, private] spec at Lean.Meta.Simp.dsimpImpl + 80
32  libleanshared.dylib                 0x000000011370a120 <apply/9> + 1904
33  libleanshared.dylib                 0x00000001129179f8 Lean.Meta.withIncRecDepth [arity↓] spec at Lean.Meta.transformWithCache.visit spec at Lean.Meta.Simp.dsimpImpl + 976
34  libleanshared.dylib                 0x000000011291a368 Lean.Meta.transformWithCache.visit [private] spec at Lean.Meta.Simp.dsimpImpl + 596
35  libleanshared.dylib                 0x000000011291b740 WellFounded.opaqueFix₃ [λ, arity↓] spec at Lean.Meta.transformWithCache.visit spec at Lean.Meta.Simp.dsimpImpl + 52
36  libleanshared.dylib                 0x000000011291b9e8 WellFounded.opaqueFix₃ [boxed, λ, arity↓] spec at Lean.Meta.transformWithCache.visit spec at Lean.Meta.Simp.dsimpImpl + 112
37  libleanshared.dylib                 0x0000000113709208 <apply/8> + 4036
38  libleanshared.dylib                 0x000000011291bee4 WellFounded.opaqueFix₃ [arity↓] spec at Lean.Meta.transformWithCache.visit spec at Lean.Meta.Simp.dsimpImpl + 824
39  libleanshared.dylib                 0x000000011291cbd4 Lean.Expr.withAppAux spec at Lean.Meta.transformWithCache.visit spec at Lean.Meta.Simp.dsimpImpl + 1788
40  libleanshared.dylib                 0x000000011291deb0 Lean.Meta.transformWithCache.visit [λ, private] spec at Lean.Meta.Simp.dsimpImpl + 3776
41  libleanshared.dylib                 0x000000011291e81c Lean.Meta.transformWithCache.visit [boxed, λ, private] spec at Lean.Meta.Simp.dsimpImpl + 80
42  libleanshared.dylib                 0x000000011370a120 <apply/9> + 1904
43  libleanshared.dylib                 0x00000001129179f8 Lean.Meta.withIncRecDepth [arity↓] spec at Lean.Meta.transformWithCache.visit spec at Lean.Meta.Simp.dsimpImpl + 976
44  libleanshared.dylib                 0x000000011291a368 Lean.Meta.transformWithCache.visit [private] spec at Lean.Meta.Simp.dsimpImpl + 596
45  libleanshared.dylib                 0x000000011291b740 WellFounded.opaqueFix₃ [λ, arity↓] spec at Lean.Meta.transformWithCache.visit spec at Lean.Meta.Simp.dsimpImpl + 52
46  libleanshared.dylib                 0x000000011291b9e8 WellFounded.opaqueFix₃ [boxed, λ, arity↓] spec at Lean.Meta.transformWithCache.visit spec at Lean.Meta.Simp.dsimpImpl + 112
47  libleanshared.dylib                 0x0000000113709208 <apply/8> + 4036
48  libleanshared.dylib                 0x000000011291bee4 WellFounded.opaqueFix₃ [arity↓] spec at Lean.Meta.transformWithCache.visit spec at Lean.Meta.Simp.dsimpImpl + 824
49  libleanshared.dylib                 0x000000011291cbd4 Lean.Expr.withAppAux spec at Lean.Meta.transformWithCache.visit spec at Lean.Meta.Simp.dsimpImpl + 1788
50  libleanshared.dylib                 0x000000011291deb0 Lean.Meta.transformWithCache.visit [λ, private] spec at Lean.Meta.Simp.dsimpImpl + 3776
51  libleanshared.dylib                 0x000000011291e81c Lean.Meta.transformWithCache.visit [boxed, λ, private] spec at Lean.Meta.Simp.dsimpImpl + 80
52  libleanshared.dylib                 0x000000011370a120 <apply/9> + 1904
53  libleanshared.dylib                 0x00000001129179f8 Lean.Meta.withIncRecDepth [arity↓] spec at Lean.Meta.transformWithCache.visit spec at Lean.Meta.Simp.dsimpImpl + 976
54  libleanshared.dylib                 0x000000011291a368 Lean.Meta.transformWithCache.visit [private] spec at Lean.Meta.Simp.dsimpImpl + 596
55  libleanshared.dylib                 0x000000011291b740 WellFounded.opaqueFix₃ [λ, arity↓] spec at Lean.Meta.transformWithCache.visit spec at Lean.Meta.Simp.dsimpImpl + 52
56  libleanshared.dylib                 0x000000011291b9e8 WellFounded.opaqueFix₃ [boxed, λ, arity↓] spec at Lean.Meta.transformWithCache.visit spec at Lean.Meta.Simp.dsimpImpl + 112
57  libleanshared.dylib                 0x0000000113709208 <apply/8> + 4036
58  libleanshared.dylib                 0x000000011291bee4 WellFounded.opaqueFix₃ [arity↓] spec at Lean.Meta.transformWithCache.visit spec at Lean.Meta.Simp.dsimpImpl + 824
59  libleanshared.dylib                 0x000000011291cbd4 Lean.Expr.withAppAux spec at Lean.Meta.transformWithCache.visit spec at Lean.Meta.Simp.dsimpImpl + 1788
60  libleanshared.dylib                 0x000000011291deb0 Lean.Meta.transformWithCache.visit [λ, private] spec at Lean.Meta.Simp.dsimpImpl + 3776
61  libleanshared.dylib                 0x000000011291e81c Lean.Meta.transformWithCache.visit [boxed, λ, private] spec at Lean.Meta.Simp.dsimpImpl + 80
62  libleanshared.dylib                 0x000000011370a120 <apply/9> + 1904
63  libleanshared.dylib                 0x00000001129179f8 Lean.Meta.withIncRecDepth [arity↓] spec at Lean.Meta.transformWithCache.visit spec at Lean.Meta.Simp.dsimpImpl + 976
64  libleanshared.dylib                 0x000000011291a368 Lean.Meta.transformWithCache.visit [private] spec at Lean.Meta.Simp.dsimpImpl + 596
65  libleanshared.dylib                 0x000000011291b740 WellFounded.opaqueFix₃ [λ, arity↓] spec at Lean.Meta.transformWithCache.visit spec at Lean.Meta.Simp.dsimpImpl + 52
66  libleanshared.dylib                 0x000000011291b9e8 WellFounded.opaqueFix₃ [boxed, λ, arity↓] spec at Lean.Meta.transformWithCache.visit spec at Lean.Meta.Simp.dsimpImpl + 112
67  libleanshared.dylib                 0x0000000113709208 <apply/8> + 4036
68  libleanshared.dylib                 0x000000011291bee4 WellFounded.opaqueFix₃ [arity↓] spec at Lean.Meta.transformWithCache.visit spec at Lean.Meta.Simp.dsimpImpl + 824
69  libleanshared.dylib                 0x000000011291cbd4 Lean.Expr.withAppAux spec at Lean.Meta.transformWithCache.visit spec at Lean.Meta.Simp.dsimpImpl + 1788
70  libleanshared.dylib                 0x000000011291deb0 Lean.Meta.transformWithCache.visit [λ, private] spec at Lean.Meta.Simp.dsimpImpl + 3776
71  libleanshared.dylib                 0x000000011291e81c Lean.Meta.transformWithCache.visit [boxed, λ, private] spec at Lean.Meta.Simp.dsimpImpl + 80
72  libleanshared.dylib                 0x000000011370a120 <apply/9> + 1904
73  libleanshared.dylib                 0x00000001129179f8 Lean.Meta.withIncRecDepth [arity↓] spec at Lean.Meta.transformWithCache.visit spec at Lean.Meta.Simp.dsimpImpl + 976
74  libleanshared.dylib                 0x000000011291a368 Lean.Meta.transformWithCache.visit [private] spec at Lean.Meta.Simp.dsimpImpl + 596
75  libleanshared.dylib                 0x000000011291b740 WellFounded.opaqueFix₃ [λ, arity↓] spec at Lean.Meta.transformWithCache.visit spec at Lean.Meta.Simp.dsimpImpl + 52
76  libleanshared.dylib                 0x000000011291b9e8 WellFounded.opaqueFix₃ [boxed, λ, arity↓] spec at Lean.Meta.transformWithCache.visit spec at Lean.Meta.Simp.dsimpImpl + 112
77  libleanshared.dylib                 0x0000000113709208 <apply/8> + 4036
78  libleanshared.dylib                 0x000000011291bee4 WellFounded.opaqueFix₃ [arity↓] spec at Lean.Meta.transformWithCache.visit spec at Lean.Meta.Simp.dsimpImpl + 824
79  libleanshared.dylib                 0x000000011291cbd4 Lean.Expr.withAppAux spec at Lean.Meta.transformWithCache.visit spec at Lean.Meta.Simp.dsimpImpl + 1788
80  libleanshared.dylib                 0x000000011291deb0 Lean.Meta.transformWithCache.visit [λ, private] spec at Lean.Meta.Simp.dsimpImpl + 3776
81  libleanshared.dylib                 0x000000011291e81c Lean.Meta.transformWithCache.visit [boxed, λ, private] spec at Lean.Meta.Simp.dsimpImpl + 80
82  libleanshared.dylib                 0x000000011370a120 <apply/9> + 1904
83  libleanshared.dylib                 0x00000001129179f8 Lean.Meta.withIncRecDepth [arity↓] spec at Lean.Meta.transformWithCache.visit spec at Lean.Meta.Simp.dsimpImpl + 976
84  libleanshared.dylib                 0x000000011291a368 Lean.Meta.transformWithCache.visit [private] spec at Lean.Meta.Simp.dsimpImpl + 596
85  libleanshared.dylib                 0x000000011291b740 WellFounded.opaqueFix₃ [λ, arity↓] spec at Lean.Meta.transformWithCache.visit spec at Lean.Meta.Simp.dsimpImpl + 52
86  libleanshared.dylib                 0x000000011291b9e8 WellFounded.opaqueFix₃ [boxed, λ, arity↓] spec at Lean.Meta.transformWithCache.visit spec at Lean.Meta.Simp.dsimpImpl + 112
87  libleanshared.dylib                 0x0000000113709208 <apply/8> + 4036
88  libleanshared.dylib                 0x000000011291bee4 WellFounded.opaqueFix₃ [arity↓] spec at Lean.Meta.transformWithCache.visit spec at Lean.Meta.Simp.dsimpImpl + 824
89  libleanshared.dylib                 0x000000011291cbd4 Lean.Expr.withAppAux spec at Lean.Meta.transformWithCache.visit spec at Lean.Meta.Simp.dsimpImpl + 1788
90  libleanshared.dylib                 0x000000011291deb0 Lean.Meta.transformWithCache.visit [λ, private] spec at Lean.Meta.Simp.dsimpImpl + 3776
91  libleanshared.dylib                 0x000000011291e81c Lean.Meta.transformWithCache.visit [boxed, λ, private] spec at Lean.Meta.Simp.dsimpImpl + 80
92  libleanshared.dylib                 0x000000011370a120 <apply/9> + 1904
93  libleanshared.dylib                 0x00000001129179f8 Lean.Meta.withIncRecDepth [arity↓] spec at Lean.Meta.transformWithCache.visit spec at Lean.Meta.Simp.dsimpImpl + 976
94  libleanshared.dylib                 0x000000011291a368 Lean.Meta.transformWithCache.visit [private] spec at Lean.Meta.Simp.dsimpImpl + 596
95  libleanshared.dylib                 0x00000001128f2bac lean_dsimp + 1560
96  libleanshared.dylib                 0x000000011293cf38 Lean.Meta.Simp.dsimpMainCore [λ] + 192
97  libleanshared.dylib                 0x00000001137085e4 <apply/8> + 928
98  libleanshared.dylib                 0x0000000112a58f28 Lean.Meta.Simp.SimpM.run [λ, arity↓] + 1324
99  libleanshared.dylib                 0x00000001137037bc <apply/5> + 1696
PANIC at Lean.Expr.appFn! Lean.Expr:932:15: application expected
backtrace:
0   libleanshared.dylib                 0x00000001136f7ca4 _ZN4leanL15print_backtraceEb + 60
1   libleanshared.dylib                 0x00000001136ee914 _ZN4leanL15lean_panic_implEPKcmb + 176
2   libleanshared.dylib                 0x00000001136eea30 lean_panic_fn_borrowed + 64
3   libleanshared.dylib                 0x0000000112a01a44 WellFounded.opaqueFix₃ [arity↓] spec at Lean.Meta.Simp.SimprocEntry.try + 204
4   libleanshared.dylib                 0x0000000112a02994 Lean.Meta.Simp.SimprocEntry.tryD + 116
5   libleanshared.dylib                 0x0000000112a07628 Array.forIn'Unsafe.loop [private] spec at Lean.Meta.Simp.dsimprocCore + 820
6   libleanshared.dylib                 0x0000000112a09224 Lean.Meta.Simp.dsimprocCore + 1068
7   libleanshared.dylib                 0x0000000112a0c7bc Array.forIn'Unsafe.loop [private] spec at Lean.Meta.Simp.dsimprocArrayCore + 412
8   libleanshared.dylib                 0x0000000112a0d054 Lean.Meta.Simp.dsimprocArrayCore + 184
9   libleanshared.dylib                 0x0000000112a0e490 Lean.Meta.Simp.userPostDSimprocs + 120
10  libleanshared.dylib                 0x000000011297f0f4 Lean.Meta.Simp.dpostDefault [boxed] + 68
11  libleanshared.dylib                 0x0000000113709bb8 <apply/9> + 520
12  libleanshared.dylib                 0x0000000112915238 Lean.Meta.Simp.dsimpImpl [λ, private] + 280
13  libleanshared.dylib                 0x0000000113709bb8 <apply/9> + 520
14  libleanshared.dylib                 0x0000000112919998 Lean.Meta.transformWithCache.visit.visitPost [private] spec at Lean.Meta.transformWithCache.visit spec at Lean.Meta.Simp.dsimpImpl + 312
15  libleanshared.dylib                 0x000000011291deb0 Lean.Meta.transformWithCache.visit [λ, private] spec at Lean.Meta.Simp.dsimpImpl + 3776
16  libleanshared.dylib                 0x000000011291e81c Lean.Meta.transformWithCache.visit [boxed, λ, private] spec at Lean.Meta.Simp.dsimpImpl + 80
17  libleanshared.dylib                 0x000000011370a120 <apply/9> + 1904
18  libleanshared.dylib                 0x00000001129179f8 Lean.Meta.withIncRecDepth [arity↓] spec at Lean.Meta.transformWithCache.visit spec at Lean.Meta.Simp.dsimpImpl + 976
19  libleanshared.dylib                 0x000000011291a368 Lean.Meta.transformWithCache.visit [private] spec at Lean.Meta.Simp.dsimpImpl + 596
20  libleanshared.dylib                 0x000000011291deb0 Lean.Meta.transformWithCache.visit [λ, private] spec at Lean.Meta.Simp.dsimpImpl + 3776
21  libleanshared.dylib                 0x000000011291e81c Lean.Meta.transformWithCache.visit [boxed, λ, private] spec at Lean.Meta.Simp.dsimpImpl + 80
22  libleanshared.dylib                 0x000000011370a120 <apply/9> + 1904
23  libleanshared.dylib                 0x00000001129179f8 Lean.Meta.withIncRecDepth [arity↓] spec at Lean.Meta.transformWithCache.visit spec at Lean.Meta.Simp.dsimpImpl + 976
24  libleanshared.dylib                 0x000000011291a368 Lean.Meta.transformWithCache.visit [private] spec at Lean.Meta.Simp.dsimpImpl + 596
25  libleanshared.dylib                 0x000000011291b740 WellFounded.opaqueFix₃ [λ, arity↓] spec at Lean.Meta.transformWithCache.visit spec at Lean.Meta.Simp.dsimpImpl + 52
26  libleanshared.dylib                 0x000000011291b9e8 WellFounded.opaqueFix₃ [boxed, λ, arity↓] spec at Lean.Meta.transformWithCache.visit spec at Lean.Meta.Simp.dsimpImpl + 112
27  libleanshared.dylib                 0x0000000113709208 <apply/8> + 4036
28  libleanshared.dylib                 0x000000011291bee4 WellFounded.opaqueFix₃ [arity↓] spec at Lean.Meta.transformWithCache.visit spec at Lean.Meta.Simp.dsimpImpl + 824
29  libleanshared.dylib                 0x000000011291cbd4 Lean.Expr.withAppAux spec at Lean.Meta.transformWithCache.visit spec at Lean.Meta.Simp.dsimpImpl + 1788
30  libleanshared.dylib                 0x000000011291deb0 Lean.Meta.transformWithCache.visit [λ, private] spec at Lean.Meta.Simp.dsimpImpl + 3776
31  libleanshared.dylib                 0x000000011291e81c Lean.Meta.transformWithCache.visit [boxed, λ, private] spec at Lean.Meta.Simp.dsimpImpl + 80
32  libleanshared.dylib                 0x000000011370a120 <apply/9> + 1904
33  libleanshared.dylib                 0x00000001129179f8 Lean.Meta.withIncRecDepth [arity↓] spec at Lean.Meta.transformWithCache.visit spec at Lean.Meta.Simp.dsimpImpl + 976
34  libleanshared.dylib                 0x000000011291a368 Lean.Meta.transformWithCache.visit [private] spec at Lean.Meta.Simp.dsimpImpl + 596
35  libleanshared.dylib                 0x000000011291b740 WellFounded.opaqueFix₃ [λ, arity↓] spec at Lean.Meta.transformWithCache.visit spec at Lean.Meta.Simp.dsimpImpl + 52
36  libleanshared.dylib                 0x000000011291b9e8 WellFounded.opaqueFix₃ [boxed, λ, arity↓] spec at Lean.Meta.transformWithCache.visit spec at Lean.Meta.Simp.dsimpImpl + 112
37  libleanshared.dylib                 0x0000000113709208 <apply/8> + 4036
38  libleanshared.dylib                 0x000000011291bee4 WellFounded.opaqueFix₃ [arity↓] spec at Lean.Meta.transformWithCache.visit spec at Lean.Meta.Simp.dsimpImpl + 824
39  libleanshared.dylib                 0x000000011291cbd4 Lean.Expr.withAppAux spec at Lean.Meta.transformWithCache.visit spec at Lean.Meta.Simp.dsimpImpl + 1788
40  libleanshared.dylib                 0x000000011291deb0 Lean.Meta.transformWithCache.visit [λ, private] spec at Lean.Meta.Simp.dsimpImpl + 3776
41  libleanshared.dylib                 0x000000011291e81c Lean.Meta.transformWithCache.visit [boxed, λ, private] spec at Lean.Meta.Simp.dsimpImpl + 80
42  libleanshared.dylib                 0x000000011370a120 <apply/9> + 1904
43  libleanshared.dylib                 0x00000001129179f8 Lean.Meta.withIncRecDepth [arity↓] spec at Lean.Meta.transformWithCache.visit spec at Lean.Meta.Simp.dsimpImpl + 976
44  libleanshared.dylib                 0x000000011291a368 Lean.Meta.transformWithCache.visit [private] spec at Lean.Meta.Simp.dsimpImpl + 596
45  libleanshared.dylib                 0x000000011291b740 WellFounded.opaqueFix₃ [λ, arity↓] spec at Lean.Meta.transformWithCache.visit spec at Lean.Meta.Simp.dsimpImpl + 52
46  libleanshared.dylib                 0x000000011291b9e8 WellFounded.opaqueFix₃ [boxed, λ, arity↓] spec at Lean.Meta.transformWithCache.visit spec at Lean.Meta.Simp.dsimpImpl + 112
47  libleanshared.dylib                 0x0000000113709208 <apply/8> + 4036
48  libleanshared.dylib                 0x000000011291bee4 WellFounded.opaqueFix₃ [arity↓] spec at Lean.Meta.transformWithCache.visit spec at Lean.Meta.Simp.dsimpImpl + 824
49  libleanshared.dylib                 0x000000011291cbd4 Lean.Expr.withAppAux spec at Lean.Meta.transformWithCache.visit spec at Lean.Meta.Simp.dsimpImpl + 1788
50  libleanshared.dylib                 0x000000011291deb0 Lean.Meta.transformWithCache.visit [λ, private] spec at Lean.Meta.Simp.dsimpImpl + 3776
51  libleanshared.dylib                 0x000000011291e81c Lean.Meta.transformWithCache.visit [boxed, λ, private] spec at Lean.Meta.Simp.dsimpImpl + 80
52  libleanshared.dylib                 0x000000011370a120 <apply/9> + 1904
53  libleanshared.dylib                 0x00000001129179f8 Lean.Meta.withIncRecDepth [arity↓] spec at Lean.Meta.transformWithCache.visit spec at Lean.Meta.Simp.dsimpImpl + 976
54  libleanshared.dylib                 0x000000011291a368 Lean.Meta.transformWithCache.visit [private] spec at Lean.Meta.Simp.dsimpImpl + 596
55  libleanshared.dylib                 0x000000011291b740 WellFounded.opaqueFix₃ [λ, arity↓] spec at Lean.Meta.transformWithCache.visit spec at Lean.Meta.Simp.dsimpImpl + 52
56  libleanshared.dylib                 0x000000011291b9e8 WellFounded.opaqueFix₃ [boxed, λ, arity↓] spec at Lean.Meta.transformWithCache.visit spec at Lean.Meta.Simp.dsimpImpl + 112
57  libleanshared.dylib                 0x0000000113709208 <apply/8> + 4036
58  libleanshared.dylib                 0x000000011291bee4 WellFounded.opaqueFix₃ [arity↓] spec at Lean.Meta.transformWithCache.visit spec at Lean.Meta.Simp.dsimpImpl + 824
59  libleanshared.dylib                 0x000000011291cbd4 Lean.Expr.withAppAux spec at Lean.Meta.transformWithCache.visit spec at Lean.Meta.Simp.dsimpImpl + 1788
60  libleanshared.dylib                 0x000000011291deb0 Lean.Meta.transformWithCache.visit [λ, private] spec at Lean.Meta.Simp.dsimpImpl + 3776
61  libleanshared.dylib                 0x000000011291e81c Lean.Meta.transformWithCache.visit [boxed, λ, private] spec at Lean.Meta.Simp.dsimpImpl + 80
62  libleanshared.dylib                 0x000000011370a120 <apply/9> + 1904
63  libleanshared.dylib                 0x00000001129179f8 Lean.Meta.withIncRecDepth [arity↓] spec at Lean.Meta.transformWithCache.visit spec at Lean.Meta.Simp.dsimpImpl + 976
64  libleanshared.dylib                 0x000000011291a368 Lean.Meta.transformWithCache.visit [private] spec at Lean.Meta.Simp.dsimpImpl + 596
65  libleanshared.dylib                 0x000000011291b740 WellFounded.opaqueFix₃ [λ, arity↓] spec at Lean.Meta.transformWithCache.visit spec at Lean.Meta.Simp.dsimpImpl + 52
66  libleanshared.dylib                 0x000000011291b9e8 WellFounded.opaqueFix₃ [boxed, λ, arity↓] spec at Lean.Meta.transformWithCache.visit spec at Lean.Meta.Simp.dsimpImpl + 112
67  libleanshared.dylib                 0x0000000113709208 <apply/8> + 4036
68  libleanshared.dylib                 0x000000011291bee4 WellFounded.opaqueFix₃ [arity↓] spec at Lean.Meta.transformWithCache.visit spec at Lean.Meta.Simp.dsimpImpl + 824
69  libleanshared.dylib                 0x000000011291cbd4 Lean.Expr.withAppAux spec at Lean.Meta.transformWithCache.visit spec at Lean.Meta.Simp.dsimpImpl + 1788
70  libleanshared.dylib                 0x000000011291deb0 Lean.Meta.transformWithCache.visit [λ, private] spec at Lean.Meta.Simp.dsimpImpl + 3776
71  libleanshared.dylib                 0x000000011291e81c Lean.Meta.transformWithCache.visit [boxed, λ, private] spec at Lean.Meta.Simp.dsimpImpl + 80
72  libleanshared.dylib                 0x000000011370a120 <apply/9> + 1904
73  libleanshared.dylib                 0x00000001129179f8 Lean.Meta.withIncRecDepth [arity↓] spec at Lean.Meta.transformWithCache.visit spec at Lean.Meta.Simp.dsimpImpl + 976
74  libleanshared.dylib                 0x000000011291a368 Lean.Meta.transformWithCache.visit [private] spec at Lean.Meta.Simp.dsimpImpl + 596
75  libleanshared.dylib                 0x000000011291b740 WellFounded.opaqueFix₃ [λ, arity↓] spec at Lean.Meta.transformWithCache.visit spec at Lean.Meta.Simp.dsimpImpl + 52
76  libleanshared.dylib                 0x000000011291b9e8 WellFounded.opaqueFix₃ [boxed, λ, arity↓] spec at Lean.Meta.transformWithCache.visit spec at Lean.Meta.Simp.dsimpImpl + 112
77  libleanshared.dylib                 0x0000000113709208 <apply/8> + 4036
78  libleanshared.dylib                 0x000000011291bee4 WellFounded.opaqueFix₃ [arity↓] spec at Lean.Meta.transformWithCache.visit spec at Lean.Meta.Simp.dsimpImpl + 824
79  libleanshared.dylib                 0x000000011291cbd4 Lean.Expr.withAppAux spec at Lean.Meta.transformWithCache.visit spec at Lean.Meta.Simp.dsimpImpl + 1788
80  libleanshared.dylib                 0x000000011291deb0 Lean.Meta.transformWithCache.visit [λ, private] spec at Lean.Meta.Simp.dsimpImpl + 3776
81  libleanshared.dylib                 0x000000011291e81c Lean.Meta.transformWithCache.visit [boxed, λ, private] spec at Lean.Meta.Simp.dsimpImpl + 80
82  libleanshared.dylib                 0x000000011370a120 <apply/9> + 1904
83  libleanshared.dylib                 0x00000001129179f8 Lean.Meta.withIncRecDepth [arity↓] spec at Lean.Meta.transformWithCache.visit spec at Lean.Meta.Simp.dsimpImpl + 976
84  libleanshared.dylib                 0x000000011291a368 Lean.Meta.transformWithCache.visit [private] spec at Lean.Meta.Simp.dsimpImpl + 596
85  libleanshared.dylib                 0x000000011291b740 WellFounded.opaqueFix₃ [λ, arity↓] spec at Lean.Meta.transformWithCache.visit spec at Lean.Meta.Simp.dsimpImpl + 52
86  libleanshared.dylib                 0x000000011291b9e8 WellFounded.opaqueFix₃ [boxed, λ, arity↓] spec at Lean.Meta.transformWithCache.visit spec at Lean.Meta.Simp.dsimpImpl + 112
87  libleanshared.dylib                 0x0000000113709208 <apply/8> + 4036
88  libleanshared.dylib                 0x000000011291bee4 WellFounded.opaqueFix₃ [arity↓] spec at Lean.Meta.transformWithCache.visit spec at Lean.Meta.Simp.dsimpImpl + 824
89  libleanshared.dylib                 0x000000011291cbd4 Lean.Expr.withAppAux spec at Lean.Meta.transformWithCache.visit spec at Lean.Meta.Simp.dsimpImpl + 1788
90  libleanshared.dylib                 0x000000011291deb0 Lean.Meta.transformWithCache.visit [λ, private] spec at Lean.Meta.Simp.dsimpImpl + 3776
91  libleanshared.dylib                 0x000000011291e81c Lean.Meta.transformWithCache.visit [boxed, λ, private] spec at Lean.Meta.Simp.dsimpImpl + 80
92  libleanshared.dylib                 0x000000011370a120 <apply/9> + 1904
93  libleanshared.dylib                 0x00000001129179f8 Lean.Meta.withIncRecDepth [arity↓] spec at Lean.Meta.transformWithCache.visit spec at Lean.Meta.Simp.dsimpImpl + 976
94  libleanshared.dylib                 0x000000011291a368 Lean.Meta.transformWithCache.visit [private] spec at Lean.Meta.Simp.dsimpImpl + 596
95  libleanshared.dylib                 0x00000001128f2bac lean_dsimp + 1560
96  libleanshared.dylib                 0x000000011293cf38 Lean.Meta.Simp.dsimpMainCore [λ] + 192
97  libleanshared.dylib                 0x00000001137085e4 <apply/8> + 928
98  libleanshared.dylib                 0x0000000112a58f28 Lean.Meta.Simp.SimpM.run [λ, arity↓] + 1324
99  libleanshared.dylib                 0x00000001137037bc <apply/5> + 1696
PANIC at Lean.Expr.appArg! Lean.Expr:936:15: application expected
backtrace:
0   libleanshared.dylib                 0x00000001136f7ca4 _ZN4leanL15print_backtraceEb + 60
1   libleanshared.dylib                 0x00000001136ee914 _ZN4leanL15lean_panic_implEPKcmb + 176
2   libleanshared.dylib                 0x00000001136eea30 lean_panic_fn_borrowed + 64
3   libleanshared.dylib                 0x0000000112a01a2c WellFounded.opaqueFix₃ [arity↓] spec at Lean.Meta.Simp.SimprocEntry.try + 180
4   libleanshared.dylib                 0x0000000112a02994 Lean.Meta.Simp.SimprocEntry.tryD + 116
5   libleanshared.dylib                 0x0000000112a07628 Array.forIn'Unsafe.loop [private] spec at Lean.Meta.Simp.dsimprocCore + 820
6   libleanshared.dylib                 0x0000000112a09224 Lean.Meta.Simp.dsimprocCore + 1068
7   libleanshared.dylib                 0x0000000112a0c7bc Array.forIn'Unsafe.loop [private] spec at Lean.Meta.Simp.dsimprocArrayCore + 412
8   libleanshared.dylib                 0x0000000112a0d054 Lean.Meta.Simp.dsimprocArrayCore + 184
9   libleanshared.dylib                 0x0000000112a0e490 Lean.Meta.Simp.userPostDSimprocs + 120
10  libleanshared.dylib                 0x000000011297f0f4 Lean.Meta.Simp.dpostDefault [boxed] + 68
11  libleanshared.dylib                 0x0000000113709bb8 <apply/9> + 520
12  libleanshared.dylib                 0x0000000112915238 Lean.Meta.Simp.dsimpImpl [λ, private] + 280
13  libleanshared.dylib                 0x0000000113709bb8 <apply/9> + 520
14  libleanshared.dylib                 0x0000000112919998 Lean.Meta.transformWithCache.visit.visitPost [private] spec at Lean.Meta.transformWithCache.visit spec at Lean.Meta.Simp.dsimpImpl + 312
15  libleanshared.dylib                 0x000000011291deb0 Lean.Meta.transformWithCache.visit [λ, private] spec at Lean.Meta.Simp.dsimpImpl + 3776
16  libleanshared.dylib                 0x000000011291e81c Lean.Meta.transformWithCache.visit [boxed, λ, private] spec at Lean.Meta.Simp.dsimpImpl + 80
17  libleanshared.dylib                 0x000000011370a120 <apply/9> + 1904
18  libleanshared.dylib                 0x00000001129179f8 Lean.Meta.withIncRecDepth [arity↓] spec at Lean.Meta.transformWithCache.visit spec at Lean.Meta.Simp.dsimpImpl + 976
19  libleanshared.dylib                 0x000000011291a368 Lean.Meta.transformWithCache.visit [private] spec at Lean.Meta.Simp.dsimpImpl + 596
20  libleanshared.dylib                 0x000000011291deb0 Lean.Meta.transformWithCache.visit [λ, private] spec at Lean.Meta.Simp.dsimpImpl + 3776
21  libleanshared.dylib                 0x000000011291e81c Lean.Meta.transformWithCache.visit [boxed, λ, private] spec at Lean.Meta.Simp.dsimpImpl + 80
22  libleanshared.dylib                 0x000000011370a120 <apply/9> + 1904
23  libleanshared.dylib                 0x00000001129179f8 Lean.Meta.withIncRecDepth [arity↓] spec at Lean.Meta.transformWithCache.visit spec at Lean.Meta.Simp.dsimpImpl + 976
24  libleanshared.dylib                 0x000000011291a368 Lean.Meta.transformWithCache.visit [private] spec at Lean.Meta.Simp.dsimpImpl + 596
25  libleanshared.dylib                 0x000000011291b740 WellFounded.opaqueFix₃ [λ, arity↓] spec at Lean.Meta.transformWithCache.visit spec at Lean.Meta.Simp.dsimpImpl + 52
26  libleanshared.dylib                 0x000000011291b9e8 WellFounded.opaqueFix₃ [boxed, λ, arity↓] spec at Lean.Meta.transformWithCache.visit spec at Lean.Meta.Simp.dsimpImpl + 112
27  libleanshared.dylib                 0x0000000113709208 <apply/8> + 4036
28  libleanshared.dylib                 0x000000011291bee4 WellFounded.opaqueFix₃ [arity↓] spec at Lean.Meta.transformWithCache.visit spec at Lean.Meta.Simp.dsimpImpl + 824
29  libleanshared.dylib                 0x000000011291cbd4 Lean.Expr.withAppAux spec at Lean.Meta.transformWithCache.visit spec at Lean.Meta.Simp.dsimpImpl + 1788
30  libleanshared.dylib                 0x000000011291deb0 Lean.Meta.transformWithCache.visit [λ, private] spec at Lean.Meta.Simp.dsimpImpl + 3776
31  libleanshared.dylib                 0x000000011291e81c Lean.Meta.transformWithCache.visit [boxed, λ, private] spec at Lean.Meta.Simp.dsimpImpl + 80
32  libleanshared.dylib                 0x000000011370a120 <apply/9> + 1904
33  libleanshared.dylib                 0x00000001129179f8 Lean.Meta.withIncRecDepth [arity↓] spec at Lean.Meta.transformWithCache.visit spec at Lean.Meta.Simp.dsimpImpl + 976
34  libleanshared.dylib                 0x000000011291a368 Lean.Meta.transformWithCache.visit [private] spec at Lean.Meta.Simp.dsimpImpl + 596
35  libleanshared.dylib                 0x000000011291b740 WellFounded.opaqueFix₃ [λ, arity↓] spec at Lean.Meta.transformWithCache.visit spec at Lean.Meta.Simp.dsimpImpl + 52
36  libleanshared.dylib                 0x000000011291b9e8 WellFounded.opaqueFix₃ [boxed, λ, arity↓] spec at Lean.Meta.transformWithCache.visit spec at Lean.Meta.Simp.dsimpImpl + 112
37  libleanshared.dylib                 0x0000000113709208 <apply/8> + 4036
38  libleanshared.dylib                 0x000000011291bee4 WellFounded.opaqueFix₃ [arity↓] spec at Lean.Meta.transformWithCache.visit spec at Lean.Meta.Simp.dsimpImpl + 824
39  libleanshared.dylib                 0x000000011291cbd4 Lean.Expr.withAppAux spec at Lean.Meta.transformWithCache.visit spec at Lean.Meta.Simp.dsimpImpl + 1788
40  libleanshared.dylib                 0x000000011291deb0 Lean.Meta.transformWithCache.visit [λ, private] spec at Lean.Meta.Simp.dsimpImpl + 3776
41  libleanshared.dylib                 0x000000011291e81c Lean.Meta.transformWithCache.visit [boxed, λ, private] spec at Lean.Meta.Simp.dsimpImpl + 80
42  libleanshared.dylib                 0x000000011370a120 <apply/9> + 1904
43  libleanshared.dylib                 0x00000001129179f8 Lean.Meta.withIncRecDepth [arity↓] spec at Lean.Meta.transformWithCache.visit spec at Lean.Meta.Simp.dsimpImpl + 976
44  libleanshared.dylib                 0x000000011291a368 Lean.Meta.transformWithCache.visit [private] spec at Lean.Meta.Simp.dsimpImpl + 596
45  libleanshared.dylib                 0x000000011291b740 WellFounded.opaqueFix₃ [λ, arity↓] spec at Lean.Meta.transformWithCache.visit spec at Lean.Meta.Simp.dsimpImpl + 52
46  libleanshared.dylib                 0x000000011291b9e8 WellFounded.opaqueFix₃ [boxed, λ, arity↓] spec at Lean.Meta.transformWithCache.visit spec at Lean.Meta.Simp.dsimpImpl + 112
47  libleanshared.dylib                 0x0000000113709208 <apply/8> + 4036
48  libleanshared.dylib                 0x000000011291bee4 WellFounded.opaqueFix₃ [arity↓] spec at Lean.Meta.transformWithCache.visit spec at Lean.Meta.Simp.dsimpImpl + 824
49  libleanshared.dylib                 0x000000011291cbd4 Lean.Expr.withAppAux spec at Lean.Meta.transformWithCache.visit spec at Lean.Meta.Simp.dsimpImpl + 1788
50  libleanshared.dylib                 0x000000011291deb0 Lean.Meta.transformWithCache.visit [λ, private] spec at Lean.Meta.Simp.dsimpImpl + 3776
51  libleanshared.dylib                 0x000000011291e81c Lean.Meta.transformWithCache.visit [boxed, λ, private] spec at Lean.Meta.Simp.dsimpImpl + 80
52  libleanshared.dylib                 0x000000011370a120 <apply/9> + 1904
53  libleanshared.dylib                 0x00000001129179f8 Lean.Meta.withIncRecDepth [arity↓] spec at Lean.Meta.transformWithCache.visit spec at Lean.Meta.Simp.dsimpImpl + 976
54  libleanshared.dylib                 0x000000011291a368 Lean.Meta.transformWithCache.visit [private] spec at Lean.Meta.Simp.dsimpImpl + 596
55  libleanshared.dylib                 0x000000011291b740 WellFounded.opaqueFix₃ [λ, arity↓] spec at Lean.Meta.transformWithCache.visit spec at Lean.Meta.Simp.dsimpImpl + 52
56  libleanshared.dylib                 0x000000011291b9e8 WellFounded.opaqueFix₃ [boxed, λ, arity↓] spec at Lean.Meta.transformWithCache.visit spec at Lean.Meta.Simp.dsimpImpl + 112
57  libleanshared.dylib                 0x0000000113709208 <apply/8> + 4036
58  libleanshared.dylib                 0x000000011291bee4 WellFounded.opaqueFix₃ [arity↓] spec at Lean.Meta.transformWithCache.visit spec at Lean.Meta.Simp.dsimpImpl + 824
59  libleanshared.dylib                 0x000000011291cbd4 Lean.Expr.withAppAux spec at Lean.Meta.transformWithCache.visit spec at Lean.Meta.Simp.dsimpImpl + 1788
60  libleanshared.dylib                 0x000000011291deb0 Lean.Meta.transformWithCache.visit [λ, private] spec at Lean.Meta.Simp.dsimpImpl + 3776
61  libleanshared.dylib                 0x000000011291e81c Lean.Meta.transformWithCache.visit [boxed, λ, private] spec at Lean.Meta.Simp.dsimpImpl + 80
62  libleanshared.dylib                 0x000000011370a120 <apply/9> + 1904
63  libleanshared.dylib                 0x00000001129179f8 Lean.Meta.withIncRecDepth [arity↓] spec at Lean.Meta.transformWithCache.visit spec at Lean.Meta.Simp.dsimpImpl + 976
64  libleanshared.dylib                 0x000000011291a368 Lean.Meta.transformWithCache.visit [private] spec at Lean.Meta.Simp.dsimpImpl + 596
65  libleanshared.dylib                 0x000000011291b740 WellFounded.opaqueFix₃ [λ, arity↓] spec at Lean.Meta.transformWithCache.visit spec at Lean.Meta.Simp.dsimpImpl + 52
66  libleanshared.dylib                 0x000000011291b9e8 WellFounded.opaqueFix₃ [boxed, λ, arity↓] spec at Lean.Meta.transformWithCache.visit spec at Lean.Meta.Simp.dsimpImpl + 112
67  libleanshared.dylib                 0x0000000113709208 <apply/8> + 4036
68  libleanshared.dylib                 0x000000011291bee4 WellFounded.opaqueFix₃ [arity↓] spec at Lean.Meta.transformWithCache.visit spec at Lean.Meta.Simp.dsimpImpl + 824
69  libleanshared.dylib                 0x000000011291cbd4 Lean.Expr.withAppAux spec at Lean.Meta.transformWithCache.visit spec at Lean.Meta.Simp.dsimpImpl + 1788
70  libleanshared.dylib                 0x000000011291deb0 Lean.Meta.transformWithCache.visit [λ, private] spec at Lean.Meta.Simp.dsimpImpl + 3776
71  libleanshared.dylib                 0x000000011291e81c Lean.Meta.transformWithCache.visit [boxed, λ, private] spec at Lean.Meta.Simp.dsimpImpl + 80
72  libleanshared.dylib                 0x000000011370a120 <apply/9> + 1904
73  libleanshared.dylib                 0x00000001129179f8 Lean.Meta.withIncRecDepth [arity↓] spec at Lean.Meta.transformWithCache.visit spec at Lean.Meta.Simp.dsimpImpl + 976
74  libleanshared.dylib                 0x000000011291a368 Lean.Meta.transformWithCache.visit [private] spec at Lean.Meta.Simp.dsimpImpl + 596
75  libleanshared.dylib                 0x000000011291b740 WellFounded.opaqueFix₃ [λ, arity↓] spec at Lean.Meta.transformWithCache.visit spec at Lean.Meta.Simp.dsimpImpl + 52
76  libleanshared.dylib                 0x000000011291b9e8 WellFounded.opaqueFix₃ [boxed, λ, arity↓] spec at Lean.Meta.transformWithCache.visit spec at Lean.Meta.Simp.dsimpImpl + 112
77  libleanshared.dylib                 0x0000000113709208 <apply/8> + 4036
78  libleanshared.dylib                 0x000000011291bee4 WellFounded.opaqueFix₃ [arity↓] spec at Lean.Meta.transformWithCache.visit spec at Lean.Meta.Simp.dsimpImpl + 824
79  libleanshared.dylib                 0x000000011291cbd4 Lean.Expr.withAppAux spec at Lean.Meta.transformWithCache.visit spec at Lean.Meta.Simp.dsimpImpl + 1788
80  libleanshared.dylib                 0x000000011291deb0 Lean.Meta.transformWithCache.visit [λ, private] spec at Lean.Meta.Simp.dsimpImpl + 3776
81  libleanshared.dylib                 0x000000011291e81c Lean.Meta.transformWithCache.visit [boxed, λ, private] spec at Lean.Meta.Simp.dsimpImpl + 80
82  libleanshared.dylib                 0x000000011370a120 <apply/9> + 1904
83  libleanshared.dylib                 0x00000001129179f8 Lean.Meta.withIncRecDepth [arity↓] spec at Lean.Meta.transformWithCache.visit spec at Lean.Meta.Simp.dsimpImpl + 976
84  libleanshared.dylib                 0x000000011291a368 Lean.Meta.transformWithCache.visit [private] spec at Lean.Meta.Simp.dsimpImpl + 596
85  libleanshared.dylib                 0x000000011291b740 WellFounded.opaqueFix₃ [λ, arity↓] spec at Lean.Meta.transformWithCache.visit spec at Lean.Meta.Simp.dsimpImpl + 52
86  libleanshared.dylib                 0x000000011291b9e8 WellFounded.opaqueFix₃ [boxed, λ, arity↓] spec at Lean.Meta.transformWithCache.visit spec at Lean.Meta.Simp.dsimpImpl + 112
87  libleanshared.dylib                 0x0000000113709208 <apply/8> + 4036
88  libleanshared.dylib                 0x000000011291bee4 WellFounded.opaqueFix₃ [arity↓] spec at Lean.Meta.transformWithCache.visit spec at Lean.Meta.Simp.dsimpImpl + 824
89  libleanshared.dylib                 0x000000011291cbd4 Lean.Expr.withAppAux spec at Lean.Meta.transformWithCache.visit spec at Lean.Meta.Simp.dsimpImpl + 1788
90  libleanshared.dylib                 0x000000011291deb0 Lean.Meta.transformWithCache.visit [λ, private] spec at Lean.Meta.Simp.dsimpImpl + 3776
91  libleanshared.dylib                 0x000000011291e81c Lean.Meta.transformWithCache.visit [boxed, λ, private] spec at Lean.Meta.Simp.dsimpImpl + 80
92  libleanshared.dylib                 0x000000011370a120 <apply/9> + 1904
93  libleanshared.dylib                 0x00000001129179f8 Lean.Meta.withIncRecDepth [arity↓] spec at Lean.Meta.transformWithCache.visit spec at Lean.Meta.Simp.dsimpImpl + 976
94  libleanshared.dylib                 0x000000011291a368 Lean.Meta.transformWithCache.visit [private] spec at Lean.Meta.Simp.dsimpImpl + 596
95  libleanshared.dylib                 0x00000001128f2bac lean_dsimp + 1560
96  libleanshared.dylib                 0x000000011293cf38 Lean.Meta.Simp.dsimpMainCore [λ] + 192
97  libleanshared.dylib                 0x00000001137085e4 <apply/8> + 928
98  libleanshared.dylib                 0x0000000112a58f28 Lean.Meta.Simp.SimpM.run [λ, arity↓] + 1324
99  libleanshared.dylib                 0x00000001137037bc <apply/5> + 1696
PANIC at Lean.Expr.appFn! Lean.Expr:932:15: application expected
backtrace:
0   libleanshared.dylib                 0x00000001136f7ca4 _ZN4leanL15print_backtraceEb + 60
1   libleanshared.dylib                 0x00000001136ee914 _ZN4leanL15lean_panic_implEPKcmb + 176
2   libleanshared.dylib                 0x00000001136eea30 lean_panic_fn_borrowed + 64
3   libleanshared.dylib                 0x0000000112a01a44 WellFounded.opaqueFix₃ [arity↓] spec at Lean.Meta.Simp.SimprocEntry.try + 204
4   libleanshared.dylib                 0x0000000112a02994 Lean.Meta.Simp.SimprocEntry.tryD + 116
5   libleanshared.dylib                 0x0000000112a07628 Array.forIn'Unsafe.loop [private] spec at Lean.Meta.Simp.dsimprocCore + 820
6   libleanshared.dylib                 0x0000000112a09224 Lean.Meta.Simp.dsimprocCore + 1068
7   libleanshared.dylib                 0x0000000112a0c7bc Array.forIn'Unsafe.loop [private] spec at Lean.Meta.Simp.dsimprocArrayCore + 412
8   libleanshared.dylib                 0x0000000112a0d054 Lean.Meta.Simp.dsimprocArrayCore + 184
9   libleanshared.dylib                 0x0000000112a0e490 Lean.Meta.Simp.userPostDSimprocs + 120
10  libleanshared.dylib                 0x000000011297f0f4 Lean.Meta.Simp.dpostDefault [boxed] + 68
11  libleanshared.dylib                 0x0000000113709bb8 <apply/9> + 520
12  libleanshared.dylib                 0x0000000112915238 Lean.Meta.Simp.dsimpImpl [λ, private] + 280
13  libleanshared.dylib                 0x0000000113709bb8 <apply/9> + 520
14  libleanshared.dylib                 0x0000000112919998 Lean.Meta.transformWithCache.visit.visitPost [private] spec at Lean.Meta.transformWithCache.visit spec at Lean.Meta.Simp.dsimpImpl + 312
15  libleanshared.dylib                 0x000000011291deb0 Lean.Meta.transformWithCache.visit [λ, private] spec at Lean.Meta.Simp.dsimpImpl + 3776
16  libleanshared.dylib                 0x000000011291e81c Lean.Meta.transformWithCache.visit [boxed, λ, private] spec at Lean.Meta.Simp.dsimpImpl + 80
17  libleanshared.dylib                 0x000000011370a120 <apply/9> + 1904
18  libleanshared.dylib                 0x00000001129179f8 Lean.Meta.withIncRecDepth [arity↓] spec at Lean.Meta.transformWithCache.visit spec at Lean.Meta.Simp.dsimpImpl + 976
19  libleanshared.dylib                 0x000000011291a368 Lean.Meta.transformWithCache.visit [private] spec at Lean.Meta.Simp.dsimpImpl + 596
20  libleanshared.dylib                 0x000000011291deb0 Lean.Meta.transformWithCache.visit [λ, private] spec at Lean.Meta.Simp.dsimpImpl + 3776
21  libleanshared.dylib                 0x000000011291e81c Lean.Meta.transformWithCache.visit [boxed, λ, private] spec at Lean.Meta.Simp.dsimpImpl + 80
22  libleanshared.dylib                 0x000000011370a120 <apply/9> + 1904
23  libleanshared.dylib                 0x00000001129179f8 Lean.Meta.withIncRecDepth [arity↓] spec at Lean.Meta.transformWithCache.visit spec at Lean.Meta.Simp.dsimpImpl + 976
24  libleanshared.dylib                 0x000000011291a368 Lean.Meta.transformWithCache.visit [private] spec at Lean.Meta.Simp.dsimpImpl + 596
25  libleanshared.dylib                 0x000000011291b740 WellFounded.opaqueFix₃ [λ, arity↓] spec at Lean.Meta.transformWithCache.visit spec at Lean.Meta.Simp.dsimpImpl + 52
26  libleanshared.dylib                 0x000000011291b9e8 WellFounded.opaqueFix₃ [boxed, λ, arity↓] spec at Lean.Meta.transformWithCache.visit spec at Lean.Meta.Simp.dsimpImpl + 112
27  libleanshared.dylib                 0x0000000113709208 <apply/8> + 4036
28  libleanshared.dylib                 0x000000011291bee4 WellFounded.opaqueFix₃ [arity↓] spec at Lean.Meta.transformWithCache.visit spec at Lean.Meta.Simp.dsimpImpl + 824
29  libleanshared.dylib                 0x000000011291cbd4 Lean.Expr.withAppAux spec at Lean.Meta.transformWithCache.visit spec at Lean.Meta.Simp.dsimpImpl + 1788
30  libleanshared.dylib                 0x000000011291deb0 Lean.Meta.transformWithCache.visit [λ, private] spec at Lean.Meta.Simp.dsimpImpl + 3776
31  libleanshared.dylib                 0x000000011291e81c Lean.Meta.transformWithCache.visit [boxed, λ, private] spec at Lean.Meta.Simp.dsimpImpl + 80
32  libleanshared.dylib                 0x000000011370a120 <apply/9> + 1904
33  libleanshared.dylib                 0x00000001129179f8 Lean.Meta.withIncRecDepth [arity↓] spec at Lean.Meta.transformWithCache.visit spec at Lean.Meta.Simp.dsimpImpl + 976
34  libleanshared.dylib                 0x000000011291a368 Lean.Meta.transformWithCache.visit [private] spec at Lean.Meta.Simp.dsimpImpl + 596
35  libleanshared.dylib                 0x000000011291b740 WellFounded.opaqueFix₃ [λ, arity↓] spec at Lean.Meta.transformWithCache.visit spec at Lean.Meta.Simp.dsimpImpl + 52
36  libleanshared.dylib                 0x000000011291b9e8 WellFounded.opaqueFix₃ [boxed, λ, arity↓] spec at Lean.Meta.transformWithCache.visit spec at Lean.Meta.Simp.dsimpImpl + 112
37  libleanshared.dylib                 0x0000000113709208 <apply/8> + 4036
38  libleanshared.dylib                 0x000000011291bee4 WellFounded.opaqueFix₃ [arity↓] spec at Lean.Meta.transformWithCache.visit spec at Lean.Meta.Simp.dsimpImpl + 824
39  libleanshared.dylib                 0x000000011291cbd4 Lean.Expr.withAppAux spec at Lean.Meta.transformWithCache.visit spec at Lean.Meta.Simp.dsimpImpl + 1788
40  libleanshared.dylib                 0x000000011291deb0 Lean.Meta.transformWithCache.visit [λ, private] spec at Lean.Meta.Simp.dsimpImpl + 3776
41  libleanshared.dylib                 0x000000011291e81c Lean.Meta.transformWithCache.visit [boxed, λ, private] spec at Lean.Meta.Simp.dsimpImpl + 80
42  libleanshared.dylib                 0x000000011370a120 <apply/9> + 1904
43  libleanshared.dylib                 0x00000001129179f8 Lean.Meta.withIncRecDepth [arity↓] spec at Lean.Meta.transformWithCache.visit spec at Lean.Meta.Simp.dsimpImpl + 976
44  libleanshared.dylib                 0x000000011291a368 Lean.Meta.transformWithCache.visit [private] spec at Lean.Meta.Simp.dsimpImpl + 596
45  libleanshared.dylib                 0x000000011291b740 WellFounded.opaqueFix₃ [λ, arity↓] spec at Lean.Meta.transformWithCache.visit spec at Lean.Meta.Simp.dsimpImpl + 52
46  libleanshared.dylib                 0x000000011291b9e8 WellFounded.opaqueFix₃ [boxed, λ, arity↓] spec at Lean.Meta.transformWithCache.visit spec at Lean.Meta.Simp.dsimpImpl + 112
47  libleanshared.dylib                 0x0000000113709208 <apply/8> + 4036
48  libleanshared.dylib                 0x000000011291bee4 WellFounded.opaqueFix₃ [arity↓] spec at Lean.Meta.transformWithCache.visit spec at Lean.Meta.Simp.dsimpImpl + 824
49  libleanshared.dylib                 0x000000011291cbd4 Lean.Expr.withAppAux spec at Lean.Meta.transformWithCache.visit spec at Lean.Meta.Simp.dsimpImpl + 1788
50  libleanshared.dylib                 0x000000011291deb0 Lean.Meta.transformWithCache.visit [λ, private] spec at Lean.Meta.Simp.dsimpImpl + 3776
51  libleanshared.dylib                 0x000000011291e81c Lean.Meta.transformWithCache.visit [boxed, λ, private] spec at Lean.Meta.Simp.dsimpImpl + 80
52  libleanshared.dylib                 0x000000011370a120 <apply/9> + 1904
53  libleanshared.dylib                 0x00000001129179f8 Lean.Meta.withIncRecDepth [arity↓] spec at Lean.Meta.transformWithCache.visit spec at Lean.Meta.Simp.dsimpImpl + 976
54  libleanshared.dylib                 0x000000011291a368 Lean.Meta.transformWithCache.visit [private] spec at Lean.Meta.Simp.dsimpImpl + 596
55  libleanshared.dylib                 0x000000011291b740 WellFounded.opaqueFix₃ [λ, arity↓] spec at Lean.Meta.transformWithCache.visit spec at Lean.Meta.Simp.dsimpImpl + 52
56  libleanshared.dylib                 0x000000011291b9e8 WellFounded.opaqueFix₃ [boxed, λ, arity↓] spec at Lean.Meta.transformWithCache.visit spec at Lean.Meta.Simp.dsimpImpl + 112
57  libleanshared.dylib                 0x0000000113709208 <apply/8> + 4036
58  libleanshared.dylib                 0x000000011291bee4 WellFounded.opaqueFix₃ [arity↓] spec at Lean.Meta.transformWithCache.visit spec at Lean.Meta.Simp.dsimpImpl + 824
59  libleanshared.dylib                 0x000000011291cbd4 Lean.Expr.withAppAux spec at Lean.Meta.transformWithCache.visit spec at Lean.Meta.Simp.dsimpImpl + 1788
60  libleanshared.dylib                 0x000000011291deb0 Lean.Meta.transformWithCache.visit [λ, private] spec at Lean.Meta.Simp.dsimpImpl + 3776
61  libleanshared.dylib                 0x000000011291e81c Lean.Meta.transformWithCache.visit [boxed, λ, private] spec at Lean.Meta.Simp.dsimpImpl + 80
62  libleanshared.dylib                 0x000000011370a120 <apply/9> + 1904
63  libleanshared.dylib                 0x00000001129179f8 Lean.Meta.withIncRecDepth [arity↓] spec at Lean.Meta.transformWithCache.visit spec at Lean.Meta.Simp.dsimpImpl + 976
64  libleanshared.dylib                 0x000000011291a368 Lean.Meta.transformWithCache.visit [private] spec at Lean.Meta.Simp.dsimpImpl + 596
65  libleanshared.dylib                 0x000000011291b740 WellFounded.opaqueFix₃ [λ, arity↓] spec at Lean.Meta.transformWithCache.visit spec at Lean.Meta.Simp.dsimpImpl + 52
66  libleanshared.dylib                 0x000000011291b9e8 WellFounded.opaqueFix₃ [boxed, λ, arity↓] spec at Lean.Meta.transformWithCache.visit spec at Lean.Meta.Simp.dsimpImpl + 112
67  libleanshared.dylib                 0x0000000113709208 <apply/8> + 4036
68  libleanshared.dylib                 0x000000011291bee4 WellFounded.opaqueFix₃ [arity↓] spec at Lean.Meta.transformWithCache.visit spec at Lean.Meta.Simp.dsimpImpl + 824
69  libleanshared.dylib                 0x000000011291cbd4 Lean.Expr.withAppAux spec at Lean.Meta.transformWithCache.visit spec at Lean.Meta.Simp.dsimpImpl + 1788
70  libleanshared.dylib                 0x000000011291deb0 Lean.Meta.transformWithCache.visit [λ, private] spec at Lean.Meta.Simp.dsimpImpl + 3776
71  libleanshared.dylib                 0x000000011291e81c Lean.Meta.transformWithCache.visit [boxed, λ, private] spec at Lean.Meta.Simp.dsimpImpl + 80
72  libleanshared.dylib                 0x000000011370a120 <apply/9> + 1904
73  libleanshared.dylib                 0x00000001129179f8 Lean.Meta.withIncRecDepth [arity↓] spec at Lean.Meta.transformWithCache.visit spec at Lean.Meta.Simp.dsimpImpl + 976
74  libleanshared.dylib                 0x000000011291a368 Lean.Meta.transformWithCache.visit [private] spec at Lean.Meta.Simp.dsimpImpl + 596
75  libleanshared.dylib                 0x000000011291b740 WellFounded.opaqueFix₃ [λ, arity↓] spec at Lean.Meta.transformWithCache.visit spec at Lean.Meta.Simp.dsimpImpl + 52
76  libleanshared.dylib                 0x000000011291b9e8 WellFounded.opaqueFix₃ [boxed, λ, arity↓] spec at Lean.Meta.transformWithCache.visit spec at Lean.Meta.Simp.dsimpImpl + 112
77  libleanshared.dylib                 0x0000000113709208 <apply/8> + 4036
78  libleanshared.dylib                 0x000000011291bee4 WellFounded.opaqueFix₃ [arity↓] spec at Lean.Meta.transformWithCache.visit spec at Lean.Meta.Simp.dsimpImpl + 824
79  libleanshared.dylib                 0x000000011291cbd4 Lean.Expr.withAppAux spec at Lean.Meta.transformWithCache.visit spec at Lean.Meta.Simp.dsimpImpl + 1788
80  libleanshared.dylib                 0x000000011291deb0 Lean.Meta.transformWithCache.visit [λ, private] spec at Lean.Meta.Simp.dsimpImpl + 3776
81  libleanshared.dylib                 0x000000011291e81c Lean.Meta.transformWithCache.visit [boxed, λ, private] spec at Lean.Meta.Simp.dsimpImpl + 80
82  libleanshared.dylib                 0x000000011370a120 <apply/9> + 1904
83  libleanshared.dylib                 0x00000001129179f8 Lean.Meta.withIncRecDepth [arity↓] spec at Lean.Meta.transformWithCache.visit spec at Lean.Meta.Simp.dsimpImpl + 976
84  libleanshared.dylib                 0x000000011291a368 Lean.Meta.transformWithCache.visit [private] spec at Lean.Meta.Simp.dsimpImpl + 596
85  libleanshared.dylib                 0x000000011291b740 WellFounded.opaqueFix₃ [λ, arity↓] spec at Lean.Meta.transformWithCache.visit spec at Lean.Meta.Simp.dsimpImpl + 52
86  libleanshared.dylib                 0x000000011291b9e8 WellFounded.opaqueFix₃ [boxed, λ, arity↓] spec at Lean.Meta.transformWithCache.visit spec at Lean.Meta.Simp.dsimpImpl + 112
87  libleanshared.dylib                 0x0000000113709208 <apply/8> + 4036
88  libleanshared.dylib                 0x000000011291bee4 WellFounded.opaqueFix₃ [arity↓] spec at Lean.Meta.transformWithCache.visit spec at Lean.Meta.Simp.dsimpImpl + 824
89  libleanshared.dylib                 0x000000011291cbd4 Lean.Expr.withAppAux spec at Lean.Meta.transformWithCache.visit spec at Lean.Meta.Simp.dsimpImpl + 1788
90  libleanshared.dylib                 0x000000011291deb0 Lean.Meta.transformWithCache.visit [λ, private] spec at Lean.Meta.Simp.dsimpImpl + 3776
91  libleanshared.dylib                 0x000000011291e81c Lean.Meta.transformWithCache.visit [boxed, λ, private] spec at Lean.Meta.Simp.dsimpImpl + 80
92  libleanshared.dylib                 0x000000011370a120 <apply/9> + 1904
93  libleanshared.dylib                 0x00000001129179f8 Lean.Meta.withIncRecDepth [arity↓] spec at Lean.Meta.transformWithCache.visit spec at Lean.Meta.Simp.dsimpImpl + 976
94  libleanshared.dylib                 0x000000011291a368 Lean.Meta.transformWithCache.visit [private] spec at Lean.Meta.Simp.dsimpImpl + 596
95  libleanshared.dylib                 0x00000001128f2bac lean_dsimp + 1560
96  libleanshared.dylib                 0x000000011293cf38 Lean.Meta.Simp.dsimpMainCore [λ] + 192
97  libleanshared.dylib                 0x00000001137085e4 <apply/8> + 928
98  libleanshared.dylib                 0x0000000112a58f28 Lean.Meta.Simp.SimpM.run [λ, arity↓] + 1324
99  libleanshared.dylib                 0x00000001137037bc <apply/5> + 1696
PANIC at Lean.Expr.appArg! Lean.Expr:936:15: application expected
backtrace:
0   libleanshared.dylib                 0x00000001136f7ca4 _ZN4leanL15print_backtraceEb + 60
1   libleanshared.dylib                 0x00000001136ee914 _ZN4leanL15lean_panic_implEPKcmb + 176
2   libleanshared.dylib                 0x00000001136eea30 lean_panic_fn_borrowed + 64
3   libleanshared.dylib                 0x0000000112a01a2c WellFounded.opaqueFix₃ [arity↓] spec at Lean.Meta.Simp.SimprocEntry.try + 180
4   libleanshared.dylib                 0x0000000112a02994 Lean.Meta.Simp.SimprocEntry.tryD + 116
5   libleanshared.dylib                 0x0000000112a07628 Array.forIn'Unsafe.loop [private] spec at Lean.Meta.Simp.dsimprocCore + 820
6   libleanshared.dylib                 0x0000000112a09224 Lean.Meta.Simp.dsimprocCore + 1068
7   libleanshared.dylib                 0x0000000112a0c7bc Array.forIn'Unsafe.loop [private] spec at Lean.Meta.Simp.dsimprocArrayCore + 412
8   libleanshared.dylib                 0x0000000112a0d054 Lean.Meta.Simp.dsimprocArrayCore + 184
9   libleanshared.dylib                 0x0000000112a0e490 Lean.Meta.Simp.userPostDSimprocs + 120
10  libleanshared.dylib                 0x000000011297f0f4 Lean.Meta.Simp.dpostDefault [boxed] + 68
11  libleanshared.dylib                 0x0000000113709bb8 <apply/9> + 520
12  libleanshared.dylib                 0x0000000112915238 Lean.Meta.Simp.dsimpImpl [λ, private] + 280
13  libleanshared.dylib                 0x0000000113709bb8 <apply/9> + 520
14  libleanshared.dylib                 0x0000000112919998 Lean.Meta.transformWithCache.visit.visitPost [private] spec at Lean.Meta.transformWithCache.visit spec at Lean.Meta.Simp.dsimpImpl + 312
15  libleanshared.dylib                 0x000000011291deb0 Lean.Meta.transformWithCache.visit [λ, private] spec at Lean.Meta.Simp.dsimpImpl + 3776
16  libleanshared.dylib                 0x000000011291e81c Lean.Meta.transformWithCache.visit [boxed, λ, private] spec at Lean.Meta.Simp.dsimpImpl + 80
17  libleanshared.dylib                 0x000000011370a120 <apply/9> + 1904
18  libleanshared.dylib                 0x00000001129179f8 Lean.Meta.withIncRecDepth [arity↓] spec at Lean.Meta.transformWithCache.visit spec at Lean.Meta.Simp.dsimpImpl + 976
19  libleanshared.dylib                 0x000000011291a368 Lean.Meta.transformWithCache.visit [private] spec at Lean.Meta.Simp.dsimpImpl + 596
20  libleanshared.dylib                 0x000000011291deb0 Lean.Meta.transformWithCache.visit [λ, private] spec at Lean.Meta.Simp.dsimpImpl + 3776
21  libleanshared.dylib                 0x000000011291e81c Lean.Meta.transformWithCache.visit [boxed, λ, private] spec at Lean.Meta.Simp.dsimpImpl + 80
22  libleanshared.dylib                 0x000000011370a120 <apply/9> + 1904
23  libleanshared.dylib                 0x00000001129179f8 Lean.Meta.withIncRecDepth [arity↓] spec at Lean.Meta.transformWithCache.visit spec at Lean.Meta.Simp.dsimpImpl + 976
24  libleanshared.dylib                 0x000000011291a368 Lean.Meta.transformWithCache.visit [private] spec at Lean.Meta.Simp.dsimpImpl + 596
25  libleanshared.dylib                 0x000000011291b740 WellFounded.opaqueFix₃ [λ, arity↓] spec at Lean.Meta.transformWithCache.visit spec at Lean.Meta.Simp.dsimpImpl + 52
26  libleanshared.dylib                 0x000000011291b9e8 WellFounded.opaqueFix₃ [boxed, λ, arity↓] spec at Lean.Meta.transformWithCache.visit spec at Lean.Meta.Simp.dsimpImpl + 112
27  libleanshared.dylib                 0x0000000113709208 <apply/8> + 4036
28  libleanshared.dylib                 0x000000011291bee4 WellFounded.opaqueFix₃ [arity↓] spec at Lean.Meta.transformWithCache.visit spec at Lean.Meta.Simp.dsimpImpl + 824
29  libleanshared.dylib                 0x000000011291cbd4 Lean.Expr.withAppAux spec at Lean.Meta.transformWithCache.visit spec at Lean.Meta.Simp.dsimpImpl + 1788
30  libleanshared.dylib                 0x000000011291deb0 Lean.Meta.transformWithCache.visit [λ, private] spec at Lean.Meta.Simp.dsimpImpl + 3776
31  libleanshared.dylib                 0x000000011291e81c Lean.Meta.transformWithCache.visit [boxed, λ, private] spec at Lean.Meta.Simp.dsimpImpl + 80
32  libleanshared.dylib                 0x000000011370a120 <apply/9> + 1904
33  libleanshared.dylib                 0x00000001129179f8 Lean.Meta.withIncRecDepth [arity↓] spec at Lean.Meta.transformWithCache.visit spec at Lean.Meta.Simp.dsimpImpl + 976
34  libleanshared.dylib                 0x000000011291a368 Lean.Meta.transformWithCache.visit [private] spec at Lean.Meta.Simp.dsimpImpl + 596
35  libleanshared.dylib                 0x000000011291b740 WellFounded.opaqueFix₃ [λ, arity↓] spec at Lean.Meta.transformWithCache.visit spec at Lean.Meta.Simp.dsimpImpl + 52
36  libleanshared.dylib                 0x000000011291b9e8 WellFounded.opaqueFix₃ [boxed, λ, arity↓] spec at Lean.Meta.transformWithCache.visit spec at Lean.Meta.Simp.dsimpImpl + 112
37  libleanshared.dylib                 0x0000000113709208 <apply/8> + 4036
38  libleanshared.dylib                 0x000000011291bee4 WellFounded.opaqueFix₃ [arity↓] spec at Lean.Meta.transformWithCache.visit spec at Lean.Meta.Simp.dsimpImpl + 824
39  libleanshared.dylib                 0x000000011291cbd4 Lean.Expr.withAppAux spec at Lean.Meta.transformWithCache.visit spec at Lean.Meta.Simp.dsimpImpl + 1788
40  libleanshared.dylib                 0x000000011291deb0 Lean.Meta.transformWithCache.visit [λ, private] spec at Lean.Meta.Simp.dsimpImpl + 3776
41  libleanshared.dylib                 0x000000011291e81c Lean.Meta.transformWithCache.visit [boxed, λ, private] spec at Lean.Meta.Simp.dsimpImpl + 80
42  libleanshared.dylib                 0x000000011370a120 <apply/9> + 1904
43  libleanshared.dylib                 0x00000001129179f8 Lean.Meta.withIncRecDepth [arity↓] spec at Lean.Meta.transformWithCache.visit spec at Lean.Meta.Simp.dsimpImpl + 976
44  libleanshared.dylib                 0x000000011291a368 Lean.Meta.transformWithCache.visit [private] spec at Lean.Meta.Simp.dsimpImpl + 596
45  libleanshared.dylib                 0x000000011291b740 WellFounded.opaqueFix₃ [λ, arity↓] spec at Lean.Meta.transformWithCache.visit spec at Lean.Meta.Simp.dsimpImpl + 52
46  libleanshared.dylib                 0x000000011291b9e8 WellFounded.opaqueFix₃ [boxed, λ, arity↓] spec at Lean.Meta.transformWithCache.visit spec at Lean.Meta.Simp.dsimpImpl + 112
47  libleanshared.dylib                 0x0000000113709208 <apply/8> + 4036
48  libleanshared.dylib                 0x000000011291bee4 WellFounded.opaqueFix₃ [arity↓] spec at Lean.Meta.transformWithCache.visit spec at Lean.Meta.Simp.dsimpImpl + 824
49  libleanshared.dylib                 0x000000011291cbd4 Lean.Expr.withAppAux spec at Lean.Meta.transformWithCache.visit spec at Lean.Meta.Simp.dsimpImpl + 1788
50  libleanshared.dylib                 0x000000011291deb0 Lean.Meta.transformWithCache.visit [λ, private] spec at Lean.Meta.Simp.dsimpImpl + 3776
51  libleanshared.dylib                 0x000000011291e81c Lean.Meta.transformWithCache.visit [boxed, λ, private] spec at Lean.Meta.Simp.dsimpImpl + 80
52  libleanshared.dylib                 0x000000011370a120 <apply/9> + 1904
53  libleanshared.dylib                 0x00000001129179f8 Lean.Meta.withIncRecDepth [arity↓] spec at Lean.Meta.transformWithCache.visit spec at Lean.Meta.Simp.dsimpImpl + 976
54  libleanshared.dylib                 0x000000011291a368 Lean.Meta.transformWithCache.visit [private] spec at Lean.Meta.Simp.dsimpImpl + 596
55  libleanshared.dylib                 0x000000011291b740 WellFounded.opaqueFix₃ [λ, arity↓] spec at Lean.Meta.transformWithCache.visit spec at Lean.Meta.Simp.dsimpImpl + 52
56  libleanshared.dylib                 0x000000011291b9e8 WellFounded.opaqueFix₃ [boxed, λ, arity↓] spec at Lean.Meta.transformWithCache.visit spec at Lean.Meta.Simp.dsimpImpl + 112
57  libleanshared.dylib                 0x0000000113709208 <apply/8> + 4036
58  libleanshared.dylib                 0x000000011291bee4 WellFounded.opaqueFix₃ [arity↓] spec at Lean.Meta.transformWithCache.visit spec at Lean.Meta.Simp.dsimpImpl + 824
59  libleanshared.dylib                 0x000000011291cbd4 Lean.Expr.withAppAux spec at Lean.Meta.transformWithCache.visit spec at Lean.Meta.Simp.dsimpImpl + 1788
60  libleanshared.dylib                 0x000000011291deb0 Lean.Meta.transformWithCache.visit [λ, private] spec at Lean.Meta.Simp.dsimpImpl + 3776
61  libleanshared.dylib                 0x000000011291e81c Lean.Meta.transformWithCache.visit [boxed, λ, private] spec at Lean.Meta.Simp.dsimpImpl + 80
62  libleanshared.dylib                 0x000000011370a120 <apply/9> + 1904
63  libleanshared.dylib                 0x00000001129179f8 Lean.Meta.withIncRecDepth [arity↓] spec at Lean.Meta.transformWithCache.visit spec at Lean.Meta.Simp.dsimpImpl + 976
64  libleanshared.dylib                 0x000000011291a368 Lean.Meta.transformWithCache.visit [private] spec at Lean.Meta.Simp.dsimpImpl + 596
65  libleanshared.dylib                 0x000000011291b740 WellFounded.opaqueFix₃ [λ, arity↓] spec at Lean.Meta.transformWithCache.visit spec at Lean.Meta.Simp.dsimpImpl + 52
66  libleanshared.dylib                 0x000000011291b9e8 WellFounded.opaqueFix₃ [boxed, λ, arity↓] spec at Lean.Meta.transformWithCache.visit spec at Lean.Meta.Simp.dsimpImpl + 112
67  libleanshared.dylib                 0x0000000113709208 <apply/8> + 4036
68  libleanshared.dylib                 0x000000011291bee4 WellFounded.opaqueFix₃ [arity↓] spec at Lean.Meta.transformWithCache.visit spec at Lean.Meta.Simp.dsimpImpl + 824
69  libleanshared.dylib                 0x000000011291cbd4 Lean.Expr.withAppAux spec at Lean.Meta.transformWithCache.visit spec at Lean.Meta.Simp.dsimpImpl + 1788
70  libleanshared.dylib                 0x000000011291deb0 Lean.Meta.transformWithCache.visit [λ, private] spec at Lean.Meta.Simp.dsimpImpl + 3776
71  libleanshared.dylib                 0x000000011291e81c Lean.Meta.transformWithCache.visit [boxed, λ, private] spec at Lean.Meta.Simp.dsimpImpl + 80
72  libleanshared.dylib                 0x000000011370a120 <apply/9> + 1904
73  libleanshared.dylib                 0x00000001129179f8 Lean.Meta.withIncRecDepth [arity↓] spec at Lean.Meta.transformWithCache.visit spec at Lean.Meta.Simp.dsimpImpl + 976
74  libleanshared.dylib                 0x000000011291a368 Lean.Meta.transformWithCache.visit [private] spec at Lean.Meta.Simp.dsimpImpl + 596
75  libleanshared.dylib                 0x000000011291b740 WellFounded.opaqueFix₃ [λ, arity↓] spec at Lean.Meta.transformWithCache.visit spec at Lean.Meta.Simp.dsimpImpl + 52
76  libleanshared.dylib                 0x000000011291b9e8 WellFounded.opaqueFix₃ [boxed, λ, arity↓] spec at Lean.Meta.transformWithCache.visit spec at Lean.Meta.Simp.dsimpImpl + 112
77  libleanshared.dylib                 0x0000000113709208 <apply/8> + 4036
78  libleanshared.dylib                 0x000000011291bee4 WellFounded.opaqueFix₃ [arity↓] spec at Lean.Meta.transformWithCache.visit spec at Lean.Meta.Simp.dsimpImpl + 824
79  libleanshared.dylib                 0x000000011291cbd4 Lean.Expr.withAppAux spec at Lean.Meta.transformWithCache.visit spec at Lean.Meta.Simp.dsimpImpl + 1788
80  libleanshared.dylib                 0x000000011291deb0 Lean.Meta.transformWithCache.visit [λ, private] spec at Lean.Meta.Simp.dsimpImpl + 3776
81  libleanshared.dylib                 0x000000011291e81c Lean.Meta.transformWithCache.visit [boxed, λ, private] spec at Lean.Meta.Simp.dsimpImpl + 80
82  libleanshared.dylib                 0x000000011370a120 <apply/9> + 1904
83  libleanshared.dylib                 0x00000001129179f8 Lean.Meta.withIncRecDepth [arity↓] spec at Lean.Meta.transformWithCache.visit spec at Lean.Meta.Simp.dsimpImpl + 976
84  libleanshared.dylib                 0x000000011291a368 Lean.Meta.transformWithCache.visit [private] spec at Lean.Meta.Simp.dsimpImpl + 596
85  libleanshared.dylib                 0x000000011291b740 WellFounded.opaqueFix₃ [λ, arity↓] spec at Lean.Meta.transformWithCache.visit spec at Lean.Meta.Simp.dsimpImpl + 52
86  libleanshared.dylib                 0x000000011291b9e8 WellFounded.opaqueFix₃ [boxed, λ, arity↓] spec at Lean.Meta.transformWithCache.visit spec at Lean.Meta.Simp.dsimpImpl + 112
87  libleanshared.dylib                 0x0000000113709208 <apply/8> + 4036
88  libleanshared.dylib                 0x000000011291bee4 WellFounded.opaqueFix₃ [arity↓] spec at Lean.Meta.transformWithCache.visit spec at Lean.Meta.Simp.dsimpImpl + 824
89  libleanshared.dylib                 0x000000011291cbd4 Lean.Expr.withAppAux spec at Lean.Meta.transformWithCache.visit spec at Lean.Meta.Simp.dsimpImpl + 1788
90  libleanshared.dylib                 0x000000011291deb0 Lean.Meta.transformWithCache.visit [λ, private] spec at Lean.Meta.Simp.dsimpImpl + 3776
91  libleanshared.dylib                 0x000000011291e81c Lean.Meta.transformWithCache.visit [boxed, λ, private] spec at Lean.Meta.Simp.dsimpImpl + 80
92  libleanshared.dylib                 0x000000011370a120 <apply/9> + 1904
93  libleanshared.dylib                 0x00000001129179f8 Lean.Meta.withIncRecDepth [arity↓] spec at Lean.Meta.transformWithCache.visit spec at Lean.Meta.Simp.dsimpImpl + 976
94  libleanshared.dylib                 0x000000011291a368 Lean.Meta.transformWithCache.visit [private] spec at Lean.Meta.Simp.dsimpImpl + 596
95  libleanshared.dylib                 0x00000001128f2bac lean_dsimp + 1560
96  libleanshared.dylib                 0x000000011293cf38 Lean.Meta.Simp.dsimpMainCore [λ] + 192
97  libleanshared.dylib                 0x00000001137085e4 <apply/8> + 928
98  libleanshared.dylib                 0x0000000112a58f28 Lean.Meta.Simp.SimpM.run [λ, arity↓] + 1324
99  libleanshared.dylib                 0x00000001137037bc <apply/5> + 1696
PANIC at Lean.Expr.appFn! Lean.Expr:932:15: application expected
backtrace:
0   libleanshared.dylib                 0x00000001136f7ca4 _ZN4leanL15print_backtraceEb + 60
1   libleanshared.dylib                 0x00000001136ee914 _ZN4leanL15lean_panic_implEPKcmb + 176
2   libleanshared.dylib                 0x00000001136eea30 lean_panic_fn_borrowed + 64
3   libleanshared.dylib                 0x0000000112a01a44 WellFounded.opaqueFix₃ [arity↓] spec at Lean.Meta.Simp.SimprocEntry.try + 204
4   libleanshared.dylib                 0x0000000112a02994 Lean.Meta.Simp.SimprocEntry.tryD + 116
5   libleanshared.dylib                 0x0000000112a07628 Array.forIn'Unsafe.loop [private] spec at Lean.Meta.Simp.dsimprocCore + 820
6   libleanshared.dylib                 0x0000000112a09224 Lean.Meta.Simp.dsimprocCore + 1068
7   libleanshared.dylib                 0x0000000112a0c7bc Array.forIn'Unsafe.loop [private] spec at Lean.Meta.Simp.dsimprocArrayCore + 412
8   libleanshared.dylib                 0x0000000112a0d054 Lean.Meta.Simp.dsimprocArrayCore + 184
9   libleanshared.dylib                 0x0000000112a0e490 Lean.Meta.Simp.userPostDSimprocs + 120
10  libleanshared.dylib                 0x000000011297f0f4 Lean.Meta.Simp.dpostDefault [boxed] + 68
11  libleanshared.dylib                 0x0000000113709bb8 <apply/9> + 520
12  libleanshared.dylib                 0x0000000112915238 Lean.Meta.Simp.dsimpImpl [λ, private] + 280
13  libleanshared.dylib                 0x0000000113709bb8 <apply/9> + 520
14  libleanshared.dylib                 0x0000000112919998 Lean.Meta.transformWithCache.visit.visitPost [private] spec at Lean.Meta.transformWithCache.visit spec at Lean.Meta.Simp.dsimpImpl + 312
15  libleanshared.dylib                 0x000000011291deb0 Lean.Meta.transformWithCache.visit [λ, private] spec at Lean.Meta.Simp.dsimpImpl + 3776
16  libleanshared.dylib                 0x000000011291e81c Lean.Meta.transformWithCache.visit [boxed, λ, private] spec at Lean.Meta.Simp.dsimpImpl + 80
17  libleanshared.dylib                 0x000000011370a120 <apply/9> + 1904
18  libleanshared.dylib                 0x00000001129179f8 Lean.Meta.withIncRecDepth [arity↓] spec at Lean.Meta.transformWithCache.visit spec at Lean.Meta.Simp.dsimpImpl + 976
19  libleanshared.dylib                 0x000000011291a368 Lean.Meta.transformWithCache.visit [private] spec at Lean.Meta.Simp.dsimpImpl + 596
20  libleanshared.dylib                 0x000000011291deb0 Lean.Meta.transformWithCache.visit [λ, private] spec at Lean.Meta.Simp.dsimpImpl + 3776
21  libleanshared.dylib                 0x000000011291e81c Lean.Meta.transformWithCache.visit [boxed, λ, private] spec at Lean.Meta.Simp.dsimpImpl + 80
22  libleanshared.dylib                 0x000000011370a120 <apply/9> + 1904
23  libleanshared.dylib                 0x00000001129179f8 Lean.Meta.withIncRecDepth [arity↓] spec at Lean.Meta.transformWithCache.visit spec at Lean.Meta.Simp.dsimpImpl + 976
24  libleanshared.dylib                 0x000000011291a368 Lean.Meta.transformWithCache.visit [private] spec at Lean.Meta.Simp.dsimpImpl + 596
25  libleanshared.dylib                 0x000000011291b740 WellFounded.opaqueFix₃ [λ, arity↓] spec at Lean.Meta.transformWithCache.visit spec at Lean.Meta.Simp.dsimpImpl + 52
26  libleanshared.dylib                 0x000000011291b9e8 WellFounded.opaqueFix₃ [boxed, λ, arity↓] spec at Lean.Meta.transformWithCache.visit spec at Lean.Meta.Simp.dsimpImpl + 112
27  libleanshared.dylib                 0x0000000113709208 <apply/8> + 4036
28  libleanshared.dylib                 0x000000011291bee4 WellFounded.opaqueFix₃ [arity↓] spec at Lean.Meta.transformWithCache.visit spec at Lean.Meta.Simp.dsimpImpl + 824
29  libleanshared.dylib                 0x000000011291cbd4 Lean.Expr.withAppAux spec at Lean.Meta.transformWithCache.visit spec at Lean.Meta.Simp.dsimpImpl + 1788
30  libleanshared.dylib                 0x000000011291deb0 Lean.Meta.transformWithCache.visit [λ, private] spec at Lean.Meta.Simp.dsimpImpl + 3776
31  libleanshared.dylib                 0x000000011291e81c Lean.Meta.transformWithCache.visit [boxed, λ, private] spec at Lean.Meta.Simp.dsimpImpl + 80
32  libleanshared.dylib                 0x000000011370a120 <apply/9> + 1904
33  libleanshared.dylib                 0x00000001129179f8 Lean.Meta.withIncRecDepth [arity↓] spec at Lean.Meta.transformWithCache.visit spec at Lean.Meta.Simp.dsimpImpl + 976
34  libleanshared.dylib                 0x000000011291a368 Lean.Meta.transformWithCache.visit [private] spec at Lean.Meta.Simp.dsimpImpl + 596
35  libleanshared.dylib                 0x000000011291b740 WellFounded.opaqueFix₃ [λ, arity↓] spec at Lean.Meta.transformWithCache.visit spec at Lean.Meta.Simp.dsimpImpl + 52
36  libleanshared.dylib                 0x000000011291b9e8 WellFounded.opaqueFix₃ [boxed, λ, arity↓] spec at Lean.Meta.transformWithCache.visit spec at Lean.Meta.Simp.dsimpImpl + 112
37  libleanshared.dylib                 0x0000000113709208 <apply/8> + 4036
38  libleanshared.dylib                 0x000000011291bee4 WellFounded.opaqueFix₃ [arity↓] spec at Lean.Meta.transformWithCache.visit spec at Lean.Meta.Simp.dsimpImpl + 824
39  libleanshared.dylib                 0x000000011291cbd4 Lean.Expr.withAppAux spec at Lean.Meta.transformWithCache.visit spec at Lean.Meta.Simp.dsimpImpl + 1788
40  libleanshared.dylib                 0x000000011291deb0 Lean.Meta.transformWithCache.visit [λ, private] spec at Lean.Meta.Simp.dsimpImpl + 3776
41  libleanshared.dylib                 0x000000011291e81c Lean.Meta.transformWithCache.visit [boxed, λ, private] spec at Lean.Meta.Simp.dsimpImpl + 80
42  libleanshared.dylib                 0x000000011370a120 <apply/9> + 1904
43  libleanshared.dylib                 0x00000001129179f8 Lean.Meta.withIncRecDepth [arity↓] spec at Lean.Meta.transformWithCache.visit spec at Lean.Meta.Simp.dsimpImpl + 976
44  libleanshared.dylib                 0x000000011291a368 Lean.Meta.transformWithCache.visit [private] spec at Lean.Meta.Simp.dsimpImpl + 596
45  libleanshared.dylib                 0x000000011291b740 WellFounded.opaqueFix₃ [λ, arity↓] spec at Lean.Meta.transformWithCache.visit spec at Lean.Meta.Simp.dsimpImpl + 52
46  libleanshared.dylib                 0x000000011291b9e8 WellFounded.opaqueFix₃ [boxed, λ, arity↓] spec at Lean.Meta.transformWithCache.visit spec at Lean.Meta.Simp.dsimpImpl + 112
47  libleanshared.dylib                 0x0000000113709208 <apply/8> + 4036
48  libleanshared.dylib                 0x000000011291bee4 WellFounded.opaqueFix₃ [arity↓] spec at Lean.Meta.transformWithCache.visit spec at Lean.Meta.Simp.dsimpImpl + 824
49  libleanshared.dylib                 0x000000011291cbd4 Lean.Expr.withAppAux spec at Lean.Meta.transformWithCache.visit spec at Lean.Meta.Simp.dsimpImpl + 1788
50  libleanshared.dylib                 0x000000011291deb0 Lean.Meta.transformWithCache.visit [λ, private] spec at Lean.Meta.Simp.dsimpImpl + 3776
51  libleanshared.dylib                 0x000000011291e81c Lean.Meta.transformWithCache.visit [boxed, λ, private] spec at Lean.Meta.Simp.dsimpImpl + 80
52  libleanshared.dylib                 0x000000011370a120 <apply/9> + 1904
53  libleanshared.dylib                 0x00000001129179f8 Lean.Meta.withIncRecDepth [arity↓] spec at Lean.Meta.transformWithCache.visit spec at Lean.Meta.Simp.dsimpImpl + 976
54  libleanshared.dylib                 0x000000011291a368 Lean.Meta.transformWithCache.visit [private] spec at Lean.Meta.Simp.dsimpImpl + 596
55  libleanshared.dylib                 0x000000011291b740 WellFounded.opaqueFix₃ [λ, arity↓] spec at Lean.Meta.transformWithCache.visit spec at Lean.Meta.Simp.dsimpImpl + 52
56  libleanshared.dylib                 0x000000011291b9e8 WellFounded.opaqueFix₃ [boxed, λ, arity↓] spec at Lean.Meta.transformWithCache.visit spec at Lean.Meta.Simp.dsimpImpl + 112
57  libleanshared.dylib                 0x0000000113709208 <apply/8> + 4036
58  libleanshared.dylib                 0x000000011291bee4 WellFounded.opaqueFix₃ [arity↓] spec at Lean.Meta.transformWithCache.visit spec at Lean.Meta.Simp.dsimpImpl + 824
59  libleanshared.dylib                 0x000000011291cbd4 Lean.Expr.withAppAux spec at Lean.Meta.transformWithCache.visit spec at Lean.Meta.Simp.dsimpImpl + 1788
60  libleanshared.dylib                 0x000000011291deb0 Lean.Meta.transformWithCache.visit [λ, private] spec at Lean.Meta.Simp.dsimpImpl + 3776
61  libleanshared.dylib                 0x000000011291e81c Lean.Meta.transformWithCache.visit [boxed, λ, private] spec at Lean.Meta.Simp.dsimpImpl + 80
62  libleanshared.dylib                 0x000000011370a120 <apply/9> + 1904
63  libleanshared.dylib                 0x00000001129179f8 Lean.Meta.withIncRecDepth [arity↓] spec at Lean.Meta.transformWithCache.visit spec at Lean.Meta.Simp.dsimpImpl + 976
64  libleanshared.dylib                 0x000000011291a368 Lean.Meta.transformWithCache.visit [private] spec at Lean.Meta.Simp.dsimpImpl + 596
65  libleanshared.dylib                 0x000000011291b740 WellFounded.opaqueFix₃ [λ, arity↓] spec at Lean.Meta.transformWithCache.visit spec at Lean.Meta.Simp.dsimpImpl + 52
66  libleanshared.dylib                 0x000000011291b9e8 WellFounded.opaqueFix₃ [boxed, λ, arity↓] spec at Lean.Meta.transformWithCache.visit spec at Lean.Meta.Simp.dsimpImpl + 112
67  libleanshared.dylib                 0x0000000113709208 <apply/8> + 4036
68  libleanshared.dylib                 0x000000011291bee4 WellFounded.opaqueFix₃ [arity↓] spec at Lean.Meta.transformWithCache.visit spec at Lean.Meta.Simp.dsimpImpl + 824
69  libleanshared.dylib                 0x000000011291cbd4 Lean.Expr.withAppAux spec at Lean.Meta.transformWithCache.visit spec at Lean.Meta.Simp.dsimpImpl + 1788
70  libleanshared.dylib                 0x000000011291deb0 Lean.Meta.transformWithCache.visit [λ, private] spec at Lean.Meta.Simp.dsimpImpl + 3776
71  libleanshared.dylib                 0x000000011291e81c Lean.Meta.transformWithCache.visit [boxed, λ, private] spec at Lean.Meta.Simp.dsimpImpl + 80
72  libleanshared.dylib                 0x000000011370a120 <apply/9> + 1904
73  libleanshared.dylib                 0x00000001129179f8 Lean.Meta.withIncRecDepth [arity↓] spec at Lean.Meta.transformWithCache.visit spec at Lean.Meta.Simp.dsimpImpl + 976
74  libleanshared.dylib                 0x000000011291a368 Lean.Meta.transformWithCache.visit [private] spec at Lean.Meta.Simp.dsimpImpl + 596
75  libleanshared.dylib                 0x000000011291b740 WellFounded.opaqueFix₃ [λ, arity↓] spec at Lean.Meta.transformWithCache.visit spec at Lean.Meta.Simp.dsimpImpl + 52
76  libleanshared.dylib                 0x000000011291b9e8 WellFounded.opaqueFix₃ [boxed, λ, arity↓] spec at Lean.Meta.transformWithCache.visit spec at Lean.Meta.Simp.dsimpImpl + 112
77  libleanshared.dylib                 0x0000000113709208 <apply/8> + 4036
78  libleanshared.dylib                 0x000000011291bee4 WellFounded.opaqueFix₃ [arity↓] spec at Lean.Meta.transformWithCache.visit spec at Lean.Meta.Simp.dsimpImpl + 824
79  libleanshared.dylib                 0x000000011291cbd4 Lean.Expr.withAppAux spec at Lean.Meta.transformWithCache.visit spec at Lean.Meta.Simp.dsimpImpl + 1788
80  libleanshared.dylib                 0x000000011291deb0 Lean.Meta.transformWithCache.visit [λ, private] spec at Lean.Meta.Simp.dsimpImpl + 3776
81  libleanshared.dylib                 0x000000011291e81c Lean.Meta.transformWithCache.visit [boxed, λ, private] spec at Lean.Meta.Simp.dsimpImpl + 80
82  libleanshared.dylib                 0x000000011370a120 <apply/9> + 1904
83  libleanshared.dylib                 0x00000001129179f8 Lean.Meta.withIncRecDepth [arity↓] spec at Lean.Meta.transformWithCache.visit spec at Lean.Meta.Simp.dsimpImpl + 976
84  libleanshared.dylib                 0x000000011291a368 Lean.Meta.transformWithCache.visit [private] spec at Lean.Meta.Simp.dsimpImpl + 596
85  libleanshared.dylib                 0x000000011291b740 WellFounded.opaqueFix₃ [λ, arity↓] spec at Lean.Meta.transformWithCache.visit spec at Lean.Meta.Simp.dsimpImpl + 52
86  libleanshared.dylib                 0x000000011291b9e8 WellFounded.opaqueFix₃ [boxed, λ, arity↓] spec at Lean.Meta.transformWithCache.visit spec at Lean.Meta.Simp.dsimpImpl + 112
87  libleanshared.dylib                 0x0000000113709208 <apply/8> + 4036
88  libleanshared.dylib                 0x000000011291bee4 WellFounded.opaqueFix₃ [arity↓] spec at Lean.Meta.transformWithCache.visit spec at Lean.Meta.Simp.dsimpImpl + 824
89  libleanshared.dylib                 0x000000011291cbd4 Lean.Expr.withAppAux spec at Lean.Meta.transformWithCache.visit spec at Lean.Meta.Simp.dsimpImpl + 1788
90  libleanshared.dylib                 0x000000011291deb0 Lean.Meta.transformWithCache.visit [λ, private] spec at Lean.Meta.Simp.dsimpImpl + 3776
91  libleanshared.dylib                 0x000000011291e81c Lean.Meta.transformWithCache.visit [boxed, λ, private] spec at Lean.Meta.Simp.dsimpImpl + 80
92  libleanshared.dylib                 0x000000011370a120 <apply/9> + 1904
93  libleanshared.dylib                 0x00000001129179f8 Lean.Meta.withIncRecDepth [arity↓] spec at Lean.Meta.transformWithCache.visit spec at Lean.Meta.Simp.dsimpImpl + 976
94  libleanshared.dylib                 0x000000011291a368 Lean.Meta.transformWithCache.visit [private] spec at Lean.Meta.Simp.dsimpImpl + 596
95  libleanshared.dylib                 0x00000001128f2bac lean_dsimp + 1560
96  libleanshared.dylib                 0x000000011293cf38 Lean.Meta.Simp.dsimpMainCore [λ] + 192
97  libleanshared.dylib                 0x00000001137085e4 <apply/8> + 928
98  libleanshared.dylib                 0x0000000112a58f28 Lean.Meta.Simp.SimpM.run [λ, arity↓] + 1324
99  libleanshared.dylib                 0x00000001137037bc <apply/5> + 1696
PANIC at Lean.Expr.appArg! Lean.Expr:936:15: application expected
backtrace:
0   libleanshared.dylib                 0x00000001136f7ca4 _ZN4leanL15print_backtraceEb + 60
1   libleanshared.dylib                 0x00000001136ee914 _ZN4leanL15lean_panic_implEPKcmb + 176
2   libleanshared.dylib                 0x00000001136eea30 lean_panic_fn_borrowed + 64
3   libleanshared.dylib                 0x0000000112a01a2c WellFounded.opaqueFix₃ [arity↓] spec at Lean.Meta.Simp.SimprocEntry.try + 180
4   libleanshared.dylib                 0x0000000112a02994 Lean.Meta.Simp.SimprocEntry.tryD + 116
5   libleanshared.dylib                 0x0000000112a07628 Array.forIn'Unsafe.loop [private] spec at Lean.Meta.Simp.dsimprocCore + 820
6   libleanshared.dylib                 0x0000000112a09224 Lean.Meta.Simp.dsimprocCore + 1068
7   libleanshared.dylib                 0x0000000112a0c7bc Array.forIn'Unsafe.loop [private] spec at Lean.Meta.Simp.dsimprocArrayCore + 412
8   libleanshared.dylib                 0x0000000112a0d054 Lean.Meta.Simp.dsimprocArrayCore + 184
9   libleanshared.dylib                 0x0000000112a0e490 Lean.Meta.Simp.userPostDSimprocs + 120
10  libleanshared.dylib                 0x000000011297f0f4 Lean.Meta.Simp.dpostDefault [boxed] + 68
11  libleanshared.dylib                 0x0000000113709bb8 <apply/9> + 520
12  libleanshared.dylib                 0x0000000112915238 Lean.Meta.Simp.dsimpImpl [λ, private] + 280
13  libleanshared.dylib                 0x0000000113709bb8 <apply/9> + 520
14  libleanshared.dylib                 0x0000000112919998 Lean.Meta.transformWithCache.visit.visitPost [private] spec at Lean.Meta.transformWithCache.visit spec at Lean.Meta.Simp.dsimpImpl + 312
15  libleanshared.dylib                 0x000000011291deb0 Lean.Meta.transformWithCache.visit [λ, private] spec at Lean.Meta.Simp.dsimpImpl + 3776
16  libleanshared.dylib                 0x000000011291e81c Lean.Meta.transformWithCache.visit [boxed, λ, private] spec at Lean.Meta.Simp.dsimpImpl + 80
17  libleanshared.dylib                 0x000000011370a120 <apply/9> + 1904
18  libleanshared.dylib                 0x00000001129179f8 Lean.Meta.withIncRecDepth [arity↓] spec at Lean.Meta.transformWithCache.visit spec at Lean.Meta.Simp.dsimpImpl + 976
19  libleanshared.dylib                 0x000000011291a368 Lean.Meta.transformWithCache.visit [private] spec at Lean.Meta.Simp.dsimpImpl + 596
20  libleanshared.dylib                 0x000000011291deb0 Lean.Meta.transformWithCache.visit [λ, private] spec at Lean.Meta.Simp.dsimpImpl + 3776
21  libleanshared.dylib                 0x000000011291e81c Lean.Meta.transformWithCache.visit [boxed, λ, private] spec at Lean.Meta.Simp.dsimpImpl + 80
22  libleanshared.dylib                 0x000000011370a120 <apply/9> + 1904
23  libleanshared.dylib                 0x00000001129179f8 Lean.Meta.withIncRecDepth [arity↓] spec at Lean.Meta.transformWithCache.visit spec at Lean.Meta.Simp.dsimpImpl + 976
24  libleanshared.dylib                 0x000000011291a368 Lean.Meta.transformWithCache.visit [private] spec at Lean.Meta.Simp.dsimpImpl + 596
25  libleanshared.dylib                 0x000000011291b740 WellFounded.opaqueFix₃ [λ, arity↓] spec at Lean.Meta.transformWithCache.visit spec at Lean.Meta.Simp.dsimpImpl + 52
26  libleanshared.dylib                 0x000000011291b9e8 WellFounded.opaqueFix₃ [boxed, λ, arity↓] spec at Lean.Meta.transformWithCache.visit spec at Lean.Meta.Simp.dsimpImpl + 112
27  libleanshared.dylib                 0x0000000113709208 <apply/8> + 4036
28  libleanshared.dylib                 0x000000011291bee4 WellFounded.opaqueFix₃ [arity↓] spec at Lean.Meta.transformWithCache.visit spec at Lean.Meta.Simp.dsimpImpl + 824
29  libleanshared.dylib                 0x000000011291cbd4 Lean.Expr.withAppAux spec at Lean.Meta.transformWithCache.visit spec at Lean.Meta.Simp.dsimpImpl + 1788
30  libleanshared.dylib                 0x000000011291deb0 Lean.Meta.transformWithCache.visit [λ, private] spec at Lean.Meta.Simp.dsimpImpl + 3776
31  libleanshared.dylib                 0x000000011291e81c Lean.Meta.transformWithCache.visit [boxed, λ, private] spec at Lean.Meta.Simp.dsimpImpl + 80
32  libleanshared.dylib                 0x000000011370a120 <apply/9> + 1904
33  libleanshared.dylib                 0x00000001129179f8 Lean.Meta.withIncRecDepth [arity↓] spec at Lean.Meta.transformWithCache.visit spec at Lean.Meta.Simp.dsimpImpl + 976
34  libleanshared.dylib                 0x000000011291a368 Lean.Meta.transformWithCache.visit [private] spec at Lean.Meta.Simp.dsimpImpl + 596
35  libleanshared.dylib                 0x000000011291b740 WellFounded.opaqueFix₃ [λ, arity↓] spec at Lean.Meta.transformWithCache.visit spec at Lean.Meta.Simp.dsimpImpl + 52
36  libleanshared.dylib                 0x000000011291b9e8 WellFounded.opaqueFix₃ [boxed, λ, arity↓] spec at Lean.Meta.transformWithCache.visit spec at Lean.Meta.Simp.dsimpImpl + 112
37  libleanshared.dylib                 0x0000000113709208 <apply/8> + 4036
38  libleanshared.dylib                 0x000000011291bee4 WellFounded.opaqueFix₃ [arity↓] spec at Lean.Meta.transformWithCache.visit spec at Lean.Meta.Simp.dsimpImpl + 824
39  libleanshared.dylib                 0x000000011291cbd4 Lean.Expr.withAppAux spec at Lean.Meta.transformWithCache.visit spec at Lean.Meta.Simp.dsimpImpl + 1788
40  libleanshared.dylib                 0x000000011291deb0 Lean.Meta.transformWithCache.visit [λ, private] spec at Lean.Meta.Simp.dsimpImpl + 3776
41  libleanshared.dylib                 0x000000011291e81c Lean.Meta.transformWithCache.visit [boxed, λ, private] spec at Lean.Meta.Simp.dsimpImpl + 80
42  libleanshared.dylib                 0x000000011370a120 <apply/9> + 1904
43  libleanshared.dylib                 0x00000001129179f8 Lean.Meta.withIncRecDepth [arity↓] spec at Lean.Meta.transformWithCache.visit spec at Lean.Meta.Simp.dsimpImpl + 976
44  libleanshared.dylib                 0x000000011291a368 Lean.Meta.transformWithCache.visit [private] spec at Lean.Meta.Simp.dsimpImpl + 596
45  libleanshared.dylib                 0x000000011291b740 WellFounded.opaqueFix₃ [λ, arity↓] spec at Lean.Meta.transformWithCache.visit spec at Lean.Meta.Simp.dsimpImpl + 52
46  libleanshared.dylib                 0x000000011291b9e8 WellFounded.opaqueFix₃ [boxed, λ, arity↓] spec at Lean.Meta.transformWithCache.visit spec at Lean.Meta.Simp.dsimpImpl + 112
47  libleanshared.dylib                 0x0000000113709208 <apply/8> + 4036
48  libleanshared.dylib                 0x000000011291bee4 WellFounded.opaqueFix₃ [arity↓] spec at Lean.Meta.transformWithCache.visit spec at Lean.Meta.Simp.dsimpImpl + 824
49  libleanshared.dylib                 0x000000011291cbd4 Lean.Expr.withAppAux spec at Lean.Meta.transformWithCache.visit spec at Lean.Meta.Simp.dsimpImpl + 1788
50  libleanshared.dylib                 0x000000011291deb0 Lean.Meta.transformWithCache.visit [λ, private] spec at Lean.Meta.Simp.dsimpImpl + 3776
51  libleanshared.dylib                 0x000000011291e81c Lean.Meta.transformWithCache.visit [boxed, λ, private] spec at Lean.Meta.Simp.dsimpImpl + 80
52  libleanshared.dylib                 0x000000011370a120 <apply/9> + 1904
53  libleanshared.dylib                 0x00000001129179f8 Lean.Meta.withIncRecDepth [arity↓] spec at Lean.Meta.transformWithCache.visit spec at Lean.Meta.Simp.dsimpImpl + 976
54  libleanshared.dylib                 0x000000011291a368 Lean.Meta.transformWithCache.visit [private] spec at Lean.Meta.Simp.dsimpImpl + 596
55  libleanshared.dylib                 0x000000011291b740 WellFounded.opaqueFix₃ [λ, arity↓] spec at Lean.Meta.transformWithCache.visit spec at Lean.Meta.Simp.dsimpImpl + 52
56  libleanshared.dylib                 0x000000011291b9e8 WellFounded.opaqueFix₃ [boxed, λ, arity↓] spec at Lean.Meta.transformWithCache.visit spec at Lean.Meta.Simp.dsimpImpl + 112
57  libleanshared.dylib                 0x0000000113709208 <apply/8> + 4036
58  libleanshared.dylib                 0x000000011291bee4 WellFounded.opaqueFix₃ [arity↓] spec at Lean.Meta.transformWithCache.visit spec at Lean.Meta.Simp.dsimpImpl + 824
59  libleanshared.dylib                 0x000000011291cbd4 Lean.Expr.withAppAux spec at Lean.Meta.transformWithCache.visit spec at Lean.Meta.Simp.dsimpImpl + 1788
60  libleanshared.dylib                 0x000000011291deb0 Lean.Meta.transformWithCache.visit [λ, private] spec at Lean.Meta.Simp.dsimpImpl + 3776
61  libleanshared.dylib                 0x000000011291e81c Lean.Meta.transformWithCache.visit [boxed, λ, private] spec at Lean.Meta.Simp.dsimpImpl + 80
62  libleanshared.dylib                 0x000000011370a120 <apply/9> + 1904
63  libleanshared.dylib                 0x00000001129179f8 Lean.Meta.withIncRecDepth [arity↓] spec at Lean.Meta.transformWithCache.visit spec at Lean.Meta.Simp.dsimpImpl + 976
64  libleanshared.dylib                 0x000000011291a368 Lean.Meta.transformWithCache.visit [private] spec at Lean.Meta.Simp.dsimpImpl + 596
65  libleanshared.dylib                 0x000000011291b740 WellFounded.opaqueFix₃ [λ, arity↓] spec at Lean.Meta.transformWithCache.visit spec at Lean.Meta.Simp.dsimpImpl + 52
66  libleanshared.dylib                 0x000000011291b9e8 WellFounded.opaqueFix₃ [boxed, λ, arity↓] spec at Lean.Meta.transformWithCache.visit spec at Lean.Meta.Simp.dsimpImpl + 112
67  libleanshared.dylib                 0x0000000113709208 <apply/8> + 4036
68  libleanshared.dylib                 0x000000011291bee4 WellFounded.opaqueFix₃ [arity↓] spec at Lean.Meta.transformWithCache.visit spec at Lean.Meta.Simp.dsimpImpl + 824
69  libleanshared.dylib                 0x000000011291cbd4 Lean.Expr.withAppAux spec at Lean.Meta.transformWithCache.visit spec at Lean.Meta.Simp.dsimpImpl + 1788
70  libleanshared.dylib                 0x000000011291deb0 Lean.Meta.transformWithCache.visit [λ, private] spec at Lean.Meta.Simp.dsimpImpl + 3776
71  libleanshared.dylib                 0x000000011291e81c Lean.Meta.transformWithCache.visit [boxed, λ, private] spec at Lean.Meta.Simp.dsimpImpl + 80
72  libleanshared.dylib                 0x000000011370a120 <apply/9> + 1904
73  libleanshared.dylib                 0x00000001129179f8 Lean.Meta.withIncRecDepth [arity↓] spec at Lean.Meta.transformWithCache.visit spec at Lean.Meta.Simp.dsimpImpl + 976
74  libleanshared.dylib                 0x000000011291a368 Lean.Meta.transformWithCache.visit [private] spec at Lean.Meta.Simp.dsimpImpl + 596
75  libleanshared.dylib                 0x000000011291b740 WellFounded.opaqueFix₃ [λ, arity↓] spec at Lean.Meta.transformWithCache.visit spec at Lean.Meta.Simp.dsimpImpl + 52
76  libleanshared.dylib                 0x000000011291b9e8 WellFounded.opaqueFix₃ [boxed, λ, arity↓] spec at Lean.Meta.transformWithCache.visit spec at Lean.Meta.Simp.dsimpImpl + 112
77  libleanshared.dylib                 0x0000000113709208 <apply/8> + 4036
78  libleanshared.dylib                 0x000000011291bee4 WellFounded.opaqueFix₃ [arity↓] spec at Lean.Meta.transformWithCache.visit spec at Lean.Meta.Simp.dsimpImpl + 824
79  libleanshared.dylib                 0x000000011291cbd4 Lean.Expr.withAppAux spec at Lean.Meta.transformWithCache.visit spec at Lean.Meta.Simp.dsimpImpl + 1788
80  libleanshared.dylib                 0x000000011291deb0 Lean.Meta.transformWithCache.visit [λ, private] spec at Lean.Meta.Simp.dsimpImpl + 3776
81  libleanshared.dylib                 0x000000011291e81c Lean.Meta.transformWithCache.visit [boxed, λ, private] spec at Lean.Meta.Simp.dsimpImpl + 80
82  libleanshared.dylib                 0x000000011370a120 <apply/9> + 1904
83  libleanshared.dylib                 0x00000001129179f8 Lean.Meta.withIncRecDepth [arity↓] spec at Lean.Meta.transformWithCache.visit spec at Lean.Meta.Simp.dsimpImpl + 976
84  libleanshared.dylib                 0x000000011291a368 Lean.Meta.transformWithCache.visit [private] spec at Lean.Meta.Simp.dsimpImpl + 596
85  libleanshared.dylib                 0x000000011291b740 WellFounded.opaqueFix₃ [λ, arity↓] spec at Lean.Meta.transformWithCache.visit spec at Lean.Meta.Simp.dsimpImpl + 52
86  libleanshared.dylib                 0x000000011291b9e8 WellFounded.opaqueFix₃ [boxed, λ, arity↓] spec at Lean.Meta.transformWithCache.visit spec at Lean.Meta.Simp.dsimpImpl + 112
87  libleanshared.dylib                 0x0000000113709208 <apply/8> + 4036
88  libleanshared.dylib                 0x000000011291bee4 WellFounded.opaqueFix₃ [arity↓] spec at Lean.Meta.transformWithCache.visit spec at Lean.Meta.Simp.dsimpImpl + 824
89  libleanshared.dylib                 0x000000011291cbd4 Lean.Expr.withAppAux spec at Lean.Meta.transformWithCache.visit spec at Lean.Meta.Simp.dsimpImpl + 1788
90  libleanshared.dylib                 0x000000011291deb0 Lean.Meta.transformWithCache.visit [λ, private] spec at Lean.Meta.Simp.dsimpImpl + 3776
91  libleanshared.dylib                 0x000000011291e81c Lean.Meta.transformWithCache.visit [boxed, λ, private] spec at Lean.Meta.Simp.dsimpImpl + 80
92  libleanshared.dylib                 0x000000011370a120 <apply/9> + 1904
93  libleanshared.dylib                 0x00000001129179f8 Lean.Meta.withIncRecDepth [arity↓] spec at Lean.Meta.transformWithCache.visit spec at Lean.Meta.Simp.dsimpImpl + 976
94  libleanshared.dylib                 0x000000011291a368 Lean.Meta.transformWithCache.visit [private] spec at Lean.Meta.Simp.dsimpImpl + 596
95  libleanshared.dylib                 0x00000001128f2bac lean_dsimp + 1560
96  libleanshared.dylib                 0x000000011293cf38 Lean.Meta.Simp.dsimpMainCore [λ] + 192
97  libleanshared.dylib                 0x00000001137085e4 <apply/8> + 928
98  libleanshared.dylib                 0x0000000112a58f28 Lean.Meta.Simp.SimpM.run [λ, arity↓] + 1324
99  libleanshared.dylib                 0x00000001137037bc <apply/5> + 1696
PANIC at Lean.Expr.appFn! Lean.Expr:932:15: application expected
backtrace:
0   libleanshared.dylib                 0x00000001136f7ca4 _ZN4leanL15print_backtraceEb + 60
1   libleanshared.dylib                 0x00000001136ee914 _ZN4leanL15lean_panic_implEPKcmb + 176
2   libleanshared.dylib                 0x00000001136eea30 lean_panic_fn_borrowed + 64
3   libleanshared.dylib                 0x0000000112a01a44 WellFounded.opaqueFix₃ [arity↓] spec at Lean.Meta.Simp.SimprocEntry.try + 204
4   libleanshared.dylib                 0x0000000112a02994 Lean.Meta.Simp.SimprocEntry.tryD + 116
5   libleanshared.dylib                 0x0000000112a07628 Array.forIn'Unsafe.loop [private] spec at Lean.Meta.Simp.dsimprocCore + 820
6   libleanshared.dylib                 0x0000000112a09224 Lean.Meta.Simp.dsimprocCore + 1068
7   libleanshared.dylib                 0x0000000112a0c7bc Array.forIn'Unsafe.loop [private] spec at Lean.Meta.Simp.dsimprocArrayCore + 412
8   libleanshared.dylib                 0x0000000112a0d054 Lean.Meta.Simp.dsimprocArrayCore + 184
9   libleanshared.dylib                 0x0000000112a0e490 Lean.Meta.Simp.userPostDSimprocs + 120
10  libleanshared.dylib                 0x000000011297f0f4 Lean.Meta.Simp.dpostDefault [boxed] + 68
11  libleanshared.dylib                 0x0000000113709bb8 <apply/9> + 520
12  libleanshared.dylib                 0x0000000112915238 Lean.Meta.Simp.dsimpImpl [λ, private] + 280
13  libleanshared.dylib                 0x0000000113709bb8 <apply/9> + 520
14  libleanshared.dylib                 0x0000000112919998 Lean.Meta.transformWithCache.visit.visitPost [private] spec at Lean.Meta.transformWithCache.visit spec at Lean.Meta.Simp.dsimpImpl + 312
15  libleanshared.dylib                 0x000000011291deb0 Lean.Meta.transformWithCache.visit [λ, private] spec at Lean.Meta.Simp.dsimpImpl + 3776
16  libleanshared.dylib                 0x000000011291e81c Lean.Meta.transformWithCache.visit [boxed, λ, private] spec at Lean.Meta.Simp.dsimpImpl + 80
17  libleanshared.dylib                 0x000000011370a120 <apply/9> + 1904
18  libleanshared.dylib                 0x00000001129179f8 Lean.Meta.withIncRecDepth [arity↓] spec at Lean.Meta.transformWithCache.visit spec at Lean.Meta.Simp.dsimpImpl + 976
19  libleanshared.dylib                 0x000000011291a368 Lean.Meta.transformWithCache.visit [private] spec at Lean.Meta.Simp.dsimpImpl + 596
20  libleanshared.dylib                 0x000000011291deb0 Lean.Meta.transformWithCache.visit [λ, private] spec at Lean.Meta.Simp.dsimpImpl + 3776
21  libleanshared.dylib                 0x000000011291e81c Lean.Meta.transformWithCache.visit [boxed, λ, private] spec at Lean.Meta.Simp.dsimpImpl + 80
22  libleanshared.dylib                 0x000000011370a120 <apply/9> + 1904
23  libleanshared.dylib                 0x00000001129179f8 Lean.Meta.withIncRecDepth [arity↓] spec at Lean.Meta.transformWithCache.visit spec at Lean.Meta.Simp.dsimpImpl + 976
24  libleanshared.dylib                 0x000000011291a368 Lean.Meta.transformWithCache.visit [private] spec at Lean.Meta.Simp.dsimpImpl + 596
25  libleanshared.dylib                 0x000000011291b740 WellFounded.opaqueFix₃ [λ, arity↓] spec at Lean.Meta.transformWithCache.visit spec at Lean.Meta.Simp.dsimpImpl + 52
26  libleanshared.dylib                 0x000000011291b9e8 WellFounded.opaqueFix₃ [boxed, λ, arity↓] spec at Lean.Meta.transformWithCache.visit spec at Lean.Meta.Simp.dsimpImpl + 112
27  libleanshared.dylib                 0x0000000113709208 <apply/8> + 4036
28  libleanshared.dylib                 0x000000011291bee4 WellFounded.opaqueFix₃ [arity↓] spec at Lean.Meta.transformWithCache.visit spec at Lean.Meta.Simp.dsimpImpl + 824
29  libleanshared.dylib                 0x000000011291cbd4 Lean.Expr.withAppAux spec at Lean.Meta.transformWithCache.visit spec at Lean.Meta.Simp.dsimpImpl + 1788
30  libleanshared.dylib                 0x000000011291deb0 Lean.Meta.transformWithCache.visit [λ, private] spec at Lean.Meta.Simp.dsimpImpl + 3776
31  libleanshared.dylib                 0x000000011291e81c Lean.Meta.transformWithCache.visit [boxed, λ, private] spec at Lean.Meta.Simp.dsimpImpl + 80
32  libleanshared.dylib                 0x000000011370a120 <apply/9> + 1904
33  libleanshared.dylib                 0x00000001129179f8 Lean.Meta.withIncRecDepth [arity↓] spec at Lean.Meta.transformWithCache.visit spec at Lean.Meta.Simp.dsimpImpl + 976
34  libleanshared.dylib                 0x000000011291a368 Lean.Meta.transformWithCache.visit [private] spec at Lean.Meta.Simp.dsimpImpl + 596
35  libleanshared.dylib                 0x000000011291b740 WellFounded.opaqueFix₃ [λ, arity↓] spec at Lean.Meta.transformWithCache.visit spec at Lean.Meta.Simp.dsimpImpl + 52
36  libleanshared.dylib                 0x000000011291b9e8 WellFounded.opaqueFix₃ [boxed, λ, arity↓] spec at Lean.Meta.transformWithCache.visit spec at Lean.Meta.Simp.dsimpImpl + 112
37  libleanshared.dylib                 0x0000000113709208 <apply/8> + 4036
38  libleanshared.dylib                 0x000000011291bee4 WellFounded.opaqueFix₃ [arity↓] spec at Lean.Meta.transformWithCache.visit spec at Lean.Meta.Simp.dsimpImpl + 824
39  libleanshared.dylib                 0x000000011291cbd4 Lean.Expr.withAppAux spec at Lean.Meta.transformWithCache.visit spec at Lean.Meta.Simp.dsimpImpl + 1788
40  libleanshared.dylib                 0x000000011291deb0 Lean.Meta.transformWithCache.visit [λ, private] spec at Lean.Meta.Simp.dsimpImpl + 3776
41  libleanshared.dylib                 0x000000011291e81c Lean.Meta.transformWithCache.visit [boxed, λ, private] spec at Lean.Meta.Simp.dsimpImpl + 80
42  libleanshared.dylib                 0x000000011370a120 <apply/9> + 1904
43  libleanshared.dylib                 0x00000001129179f8 Lean.Meta.withIncRecDepth [arity↓] spec at Lean.Meta.transformWithCache.visit spec at Lean.Meta.Simp.dsimpImpl + 976
44  libleanshared.dylib                 0x000000011291a368 Lean.Meta.transformWithCache.visit [private] spec at Lean.Meta.Simp.dsimpImpl + 596
45  libleanshared.dylib                 0x000000011291b740 WellFounded.opaqueFix₃ [λ, arity↓] spec at Lean.Meta.transformWithCache.visit spec at Lean.Meta.Simp.dsimpImpl + 52
46  libleanshared.dylib                 0x000000011291b9e8 WellFounded.opaqueFix₃ [boxed, λ, arity↓] spec at Lean.Meta.transformWithCache.visit spec at Lean.Meta.Simp.dsimpImpl + 112
47  libleanshared.dylib                 0x0000000113709208 <apply/8> + 4036
48  libleanshared.dylib                 0x000000011291bee4 WellFounded.opaqueFix₃ [arity↓] spec at Lean.Meta.transformWithCache.visit spec at Lean.Meta.Simp.dsimpImpl + 824
49  libleanshared.dylib                 0x000000011291cbd4 Lean.Expr.withAppAux spec at Lean.Meta.transformWithCache.visit spec at Lean.Meta.Simp.dsimpImpl + 1788
50  libleanshared.dylib                 0x000000011291deb0 Lean.Meta.transformWithCache.visit [λ, private] spec at Lean.Meta.Simp.dsimpImpl + 3776
51  libleanshared.dylib                 0x000000011291e81c Lean.Meta.transformWithCache.visit [boxed, λ, private] spec at Lean.Meta.Simp.dsimpImpl + 80
52  libleanshared.dylib                 0x000000011370a120 <apply/9> + 1904
53  libleanshared.dylib                 0x00000001129179f8 Lean.Meta.withIncRecDepth [arity↓] spec at Lean.Meta.transformWithCache.visit spec at Lean.Meta.Simp.dsimpImpl + 976
54  libleanshared.dylib                 0x000000011291a368 Lean.Meta.transformWithCache.visit [private] spec at Lean.Meta.Simp.dsimpImpl + 596
55  libleanshared.dylib                 0x000000011291b740 WellFounded.opaqueFix₃ [λ, arity↓] spec at Lean.Meta.transformWithCache.visit spec at Lean.Meta.Simp.dsimpImpl + 52
56  libleanshared.dylib                 0x000000011291b9e8 WellFounded.opaqueFix₃ [boxed, λ, arity↓] spec at Lean.Meta.transformWithCache.visit spec at Lean.Meta.Simp.dsimpImpl + 112
57  libleanshared.dylib                 0x0000000113709208 <apply/8> + 4036
58  libleanshared.dylib                 0x000000011291bee4 WellFounded.opaqueFix₃ [arity↓] spec at Lean.Meta.transformWithCache.visit spec at Lean.Meta.Simp.dsimpImpl + 824
59  libleanshared.dylib                 0x000000011291cbd4 Lean.Expr.withAppAux spec at Lean.Meta.transformWithCache.visit spec at Lean.Meta.Simp.dsimpImpl + 1788
60  libleanshared.dylib                 0x000000011291deb0 Lean.Meta.transformWithCache.visit [λ, private] spec at Lean.Meta.Simp.dsimpImpl + 3776
61  libleanshared.dylib                 0x000000011291e81c Lean.Meta.transformWithCache.visit [boxed, λ, private] spec at Lean.Meta.Simp.dsimpImpl + 80
62  libleanshared.dylib                 0x000000011370a120 <apply/9> + 1904
63  libleanshared.dylib                 0x00000001129179f8 Lean.Meta.withIncRecDepth [arity↓] spec at Lean.Meta.transformWithCache.visit spec at Lean.Meta.Simp.dsimpImpl + 976
64  libleanshared.dylib                 0x000000011291a368 Lean.Meta.transformWithCache.visit [private] spec at Lean.Meta.Simp.dsimpImpl + 596
65  libleanshared.dylib                 0x000000011291b740 WellFounded.opaqueFix₃ [λ, arity↓] spec at Lean.Meta.transformWithCache.visit spec at Lean.Meta.Simp.dsimpImpl + 52
66  libleanshared.dylib                 0x000000011291b9e8 WellFounded.opaqueFix₃ [boxed, λ, arity↓] spec at Lean.Meta.transformWithCache.visit spec at Lean.Meta.Simp.dsimpImpl + 112
67  libleanshared.dylib                 0x0000000113709208 <apply/8> + 4036
68  libleanshared.dylib                 0x000000011291bee4 WellFounded.opaqueFix₃ [arity↓] spec at Lean.Meta.transformWithCache.visit spec at Lean.Meta.Simp.dsimpImpl + 824
69  libleanshared.dylib                 0x000000011291cbd4 Lean.Expr.withAppAux spec at Lean.Meta.transformWithCache.visit spec at Lean.Meta.Simp.dsimpImpl + 1788
70  libleanshared.dylib                 0x000000011291deb0 Lean.Meta.transformWithCache.visit [λ, private] spec at Lean.Meta.Simp.dsimpImpl + 3776
71  libleanshared.dylib                 0x000000011291e81c Lean.Meta.transformWithCache.visit [boxed, λ, private] spec at Lean.Meta.Simp.dsimpImpl + 80
72  libleanshared.dylib                 0x000000011370a120 <apply/9> + 1904
73  libleanshared.dylib                 0x00000001129179f8 Lean.Meta.withIncRecDepth [arity↓] spec at Lean.Meta.transformWithCache.visit spec at Lean.Meta.Simp.dsimpImpl + 976
74  libleanshared.dylib                 0x000000011291a368 Lean.Meta.transformWithCache.visit [private] spec at Lean.Meta.Simp.dsimpImpl + 596
75  libleanshared.dylib                 0x000000011291b740 WellFounded.opaqueFix₃ [λ, arity↓] spec at Lean.Meta.transformWithCache.visit spec at Lean.Meta.Simp.dsimpImpl + 52
76  libleanshared.dylib                 0x000000011291b9e8 WellFounded.opaqueFix₃ [boxed, λ, arity↓] spec at Lean.Meta.transformWithCache.visit spec at Lean.Meta.Simp.dsimpImpl + 112
77  libleanshared.dylib                 0x0000000113709208 <apply/8> + 4036
78  libleanshared.dylib                 0x000000011291bee4 WellFounded.opaqueFix₃ [arity↓] spec at Lean.Meta.transformWithCache.visit spec at Lean.Meta.Simp.dsimpImpl + 824
79  libleanshared.dylib                 0x000000011291cbd4 Lean.Expr.withAppAux spec at Lean.Meta.transformWithCache.visit spec at Lean.Meta.Simp.dsimpImpl + 1788
80  libleanshared.dylib                 0x000000011291deb0 Lean.Meta.transformWithCache.visit [λ, private] spec at Lean.Meta.Simp.dsimpImpl + 3776
81  libleanshared.dylib                 0x000000011291e81c Lean.Meta.transformWithCache.visit [boxed, λ, private] spec at Lean.Meta.Simp.dsimpImpl + 80
82  libleanshared.dylib                 0x000000011370a120 <apply/9> + 1904
83  libleanshared.dylib                 0x00000001129179f8 Lean.Meta.withIncRecDepth [arity↓] spec at Lean.Meta.transformWithCache.visit spec at Lean.Meta.Simp.dsimpImpl + 976
84  libleanshared.dylib                 0x000000011291a368 Lean.Meta.transformWithCache.visit [private] spec at Lean.Meta.Simp.dsimpImpl + 596
85  libleanshared.dylib                 0x000000011291b740 WellFounded.opaqueFix₃ [λ, arity↓] spec at Lean.Meta.transformWithCache.visit spec at Lean.Meta.Simp.dsimpImpl + 52
86  libleanshared.dylib                 0x000000011291b9e8 WellFounded.opaqueFix₃ [boxed, λ, arity↓] spec at Lean.Meta.transformWithCache.visit spec at Lean.Meta.Simp.dsimpImpl + 112
87  libleanshared.dylib                 0x0000000113709208 <apply/8> + 4036
88  libleanshared.dylib                 0x000000011291bee4 WellFounded.opaqueFix₃ [arity↓] spec at Lean.Meta.transformWithCache.visit spec at Lean.Meta.Simp.dsimpImpl + 824
89  libleanshared.dylib                 0x000000011291cbd4 Lean.Expr.withAppAux spec at Lean.Meta.transformWithCache.visit spec at Lean.Meta.Simp.dsimpImpl + 1788
90  libleanshared.dylib                 0x000000011291deb0 Lean.Meta.transformWithCache.visit [λ, private] spec at Lean.Meta.Simp.dsimpImpl + 3776
91  libleanshared.dylib                 0x000000011291e81c Lean.Meta.transformWithCache.visit [boxed, λ, private] spec at Lean.Meta.Simp.dsimpImpl + 80
92  libleanshared.dylib                 0x000000011370a120 <apply/9> + 1904
93  libleanshared.dylib                 0x00000001129179f8 Lean.Meta.withIncRecDepth [arity↓] spec at Lean.Meta.transformWithCache.visit spec at Lean.Meta.Simp.dsimpImpl + 976
94  libleanshared.dylib                 0x000000011291a368 Lean.Meta.transformWithCache.visit [private] spec at Lean.Meta.Simp.dsimpImpl + 596
95  libleanshared.dylib                 0x00000001128f2bac lean_dsimp + 1560
96  libleanshared.dylib                 0x000000011293cf38 Lean.Meta.Simp.dsimpMainCore [λ] + 192
97  libleanshared.dylib                 0x00000001137085e4 <apply/8> + 928
98  libleanshared.dylib                 0x0000000112a58f28 Lean.Meta.Simp.SimpM.run [λ, arity↓] + 1324
99  libleanshared.dylib                 0x00000001137037bc <apply/5> + 1696
PANIC at Lean.Expr.appArg! Lean.Expr:936:15: application expected
backtrace:
0   libleanshared.dylib                 0x00000001136f7ca4 _ZN4leanL15print_backtraceEb + 60
1   libleanshared.dylib                 0x00000001136ee914 _ZN4leanL15lean_panic_implEPKcmb + 176
2   libleanshared.dylib                 0x00000001136eea30 lean_panic_fn_borrowed + 64
3   libleanshared.dylib                 0x0000000112a01a2c WellFounded.opaqueFix₃ [arity↓] spec at Lean.Meta.Simp.SimprocEntry.try + 180
4   libleanshared.dylib                 0x0000000112a02994 Lean.Meta.Simp.SimprocEntry.tryD + 116
5   libleanshared.dylib                 0x0000000112a07628 Array.forIn'Unsafe.loop [private] spec at Lean.Meta.Simp.dsimprocCore + 820
6   libleanshared.dylib                 0x0000000112a09224 Lean.Meta.Simp.dsimprocCore + 1068
7   libleanshared.dylib                 0x0000000112a0c7bc Array.forIn'Unsafe.loop [private] spec at Lean.Meta.Simp.dsimprocArrayCore + 412
8   libleanshared.dylib                 0x0000000112a0d054 Lean.Meta.Simp.dsimprocArrayCore + 184
9   libleanshared.dylib                 0x0000000112a0e490 Lean.Meta.Simp.userPostDSimprocs + 120
10  libleanshared.dylib                 0x000000011297f0f4 Lean.Meta.Simp.dpostDefault [boxed] + 68
11  libleanshared.dylib                 0x0000000113709bb8 <apply/9> + 520
12  libleanshared.dylib                 0x0000000112915238 Lean.Meta.Simp.dsimpImpl [λ, private] + 280
13  libleanshared.dylib                 0x0000000113709bb8 <apply/9> + 520
14  libleanshared.dylib                 0x0000000112919998 Lean.Meta.transformWithCache.visit.visitPost [private] spec at Lean.Meta.transformWithCache.visit spec at Lean.Meta.Simp.dsimpImpl + 312
15  libleanshared.dylib                 0x000000011291deb0 Lean.Meta.transformWithCache.visit [λ, private] spec at Lean.Meta.Simp.dsimpImpl + 3776
16  libleanshared.dylib                 0x000000011291e81c Lean.Meta.transformWithCache.visit [boxed, λ, private] spec at Lean.Meta.Simp.dsimpImpl + 80
17  libleanshared.dylib                 0x000000011370a120 <apply/9> + 1904
18  libleanshared.dylib                 0x00000001129179f8 Lean.Meta.withIncRecDepth [arity↓] spec at Lean.Meta.transformWithCache.visit spec at Lean.Meta.Simp.dsimpImpl + 976
19  libleanshared.dylib                 0x000000011291a368 Lean.Meta.transformWithCache.visit [private] spec at Lean.Meta.Simp.dsimpImpl + 596
20  libleanshared.dylib                 0x000000011291deb0 Lean.Meta.transformWithCache.visit [λ, private] spec at Lean.Meta.Simp.dsimpImpl + 3776
21  libleanshared.dylib                 0x000000011291e81c Lean.Meta.transformWithCache.visit [boxed, λ, private] spec at Lean.Meta.Simp.dsimpImpl + 80
22  libleanshared.dylib                 0x000000011370a120 <apply/9> + 1904
23  libleanshared.dylib                 0x00000001129179f8 Lean.Meta.withIncRecDepth [arity↓] spec at Lean.Meta.transformWithCache.visit spec at Lean.Meta.Simp.dsimpImpl + 976
24  libleanshared.dylib                 0x000000011291a368 Lean.Meta.transformWithCache.visit [private] spec at Lean.Meta.Simp.dsimpImpl + 596
25  libleanshared.dylib                 0x000000011291b740 WellFounded.opaqueFix₃ [λ, arity↓] spec at Lean.Meta.transformWithCache.visit spec at Lean.Meta.Simp.dsimpImpl + 52
26  libleanshared.dylib                 0x000000011291b9e8 WellFounded.opaqueFix₃ [boxed, λ, arity↓] spec at Lean.Meta.transformWithCache.visit spec at Lean.Meta.Simp.dsimpImpl + 112
27  libleanshared.dylib                 0x0000000113709208 <apply/8> + 4036
28  libleanshared.dylib                 0x000000011291bee4 WellFounded.opaqueFix₃ [arity↓] spec at Lean.Meta.transformWithCache.visit spec at Lean.Meta.Simp.dsimpImpl + 824
29  libleanshared.dylib                 0x000000011291cbd4 Lean.Expr.withAppAux spec at Lean.Meta.transformWithCache.visit spec at Lean.Meta.Simp.dsimpImpl + 1788
30  libleanshared.dylib                 0x000000011291deb0 Lean.Meta.transformWithCache.visit [λ, private] spec at Lean.Meta.Simp.dsimpImpl + 3776
31  libleanshared.dylib                 0x000000011291e81c Lean.Meta.transformWithCache.visit [boxed, λ, private] spec at Lean.Meta.Simp.dsimpImpl + 80
32  libleanshared.dylib                 0x000000011370a120 <apply/9> + 1904
33  libleanshared.dylib                 0x00000001129179f8 Lean.Meta.withIncRecDepth [arity↓] spec at Lean.Meta.transformWithCache.visit spec at Lean.Meta.Simp.dsimpImpl + 976
34  libleanshared.dylib                 0x000000011291a368 Lean.Meta.transformWithCache.visit [private] spec at Lean.Meta.Simp.dsimpImpl + 596
35  libleanshared.dylib                 0x000000011291b740 WellFounded.opaqueFix₃ [λ, arity↓] spec at Lean.Meta.transformWithCache.visit spec at Lean.Meta.Simp.dsimpImpl + 52
36  libleanshared.dylib                 0x000000011291b9e8 WellFounded.opaqueFix₃ [boxed, λ, arity↓] spec at Lean.Meta.transformWithCache.visit spec at Lean.Meta.Simp.dsimpImpl + 112
37  libleanshared.dylib                 0x0000000113709208 <apply/8> + 4036
38  libleanshared.dylib                 0x000000011291bee4 WellFounded.opaqueFix₃ [arity↓] spec at Lean.Meta.transformWithCache.visit spec at Lean.Meta.Simp.dsimpImpl + 824
39  libleanshared.dylib                 0x000000011291cbd4 Lean.Expr.withAppAux spec at Lean.Meta.transformWithCache.visit spec at Lean.Meta.Simp.dsimpImpl + 1788
40  libleanshared.dylib                 0x000000011291deb0 Lean.Meta.transformWithCache.visit [λ, private] spec at Lean.Meta.Simp.dsimpImpl + 3776
41  libleanshared.dylib                 0x000000011291e81c Lean.Meta.transformWithCache.visit [boxed, λ, private] spec at Lean.Meta.Simp.dsimpImpl + 80
42  libleanshared.dylib                 0x000000011370a120 <apply/9> + 1904
43  libleanshared.dylib                 0x00000001129179f8 Lean.Meta.withIncRecDepth [arity↓] spec at Lean.Meta.transformWithCache.visit spec at Lean.Meta.Simp.dsimpImpl + 976
44  libleanshared.dylib                 0x000000011291a368 Lean.Meta.transformWithCache.visit [private] spec at Lean.Meta.Simp.dsimpImpl + 596
45  libleanshared.dylib                 0x000000011291b740 WellFounded.opaqueFix₃ [λ, arity↓] spec at Lean.Meta.transformWithCache.visit spec at Lean.Meta.Simp.dsimpImpl + 52
46  libleanshared.dylib                 0x000000011291b9e8 WellFounded.opaqueFix₃ [boxed, λ, arity↓] spec at Lean.Meta.transformWithCache.visit spec at Lean.Meta.Simp.dsimpImpl + 112
47  libleanshared.dylib                 0x0000000113709208 <apply/8> + 4036
48  libleanshared.dylib                 0x000000011291bee4 WellFounded.opaqueFix₃ [arity↓] spec at Lean.Meta.transformWithCache.visit spec at Lean.Meta.Simp.dsimpImpl + 824
49  libleanshared.dylib                 0x000000011291cbd4 Lean.Expr.withAppAux spec at Lean.Meta.transformWithCache.visit spec at Lean.Meta.Simp.dsimpImpl + 1788
50  libleanshared.dylib                 0x000000011291deb0 Lean.Meta.transformWithCache.visit [λ, private] spec at Lean.Meta.Simp.dsimpImpl + 3776
51  libleanshared.dylib                 0x000000011291e81c Lean.Meta.transformWithCache.visit [boxed, λ, private] spec at Lean.Meta.Simp.dsimpImpl + 80
52  libleanshared.dylib                 0x000000011370a120 <apply/9> + 1904
53  libleanshared.dylib                 0x00000001129179f8 Lean.Meta.withIncRecDepth [arity↓] spec at Lean.Meta.transformWithCache.visit spec at Lean.Meta.Simp.dsimpImpl + 976
54  libleanshared.dylib                 0x000000011291a368 Lean.Meta.transformWithCache.visit [private] spec at Lean.Meta.Simp.dsimpImpl + 596
55  libleanshared.dylib                 0x000000011291b740 WellFounded.opaqueFix₃ [λ, arity↓] spec at Lean.Meta.transformWithCache.visit spec at Lean.Meta.Simp.dsimpImpl + 52
56  libleanshared.dylib                 0x000000011291b9e8 WellFounded.opaqueFix₃ [boxed, λ, arity↓] spec at Lean.Meta.transformWithCache.visit spec at Lean.Meta.Simp.dsimpImpl + 112
57  libleanshared.dylib                 0x0000000113709208 <apply/8> + 4036
58  libleanshared.dylib                 0x000000011291bee4 WellFounded.opaqueFix₃ [arity↓] spec at Lean.Meta.transformWithCache.visit spec at Lean.Meta.Simp.dsimpImpl + 824
59  libleanshared.dylib                 0x000000011291cbd4 Lean.Expr.withAppAux spec at Lean.Meta.transformWithCache.visit spec at Lean.Meta.Simp.dsimpImpl + 1788
60  libleanshared.dylib                 0x000000011291deb0 Lean.Meta.transformWithCache.visit [λ, private] spec at Lean.Meta.Simp.dsimpImpl + 3776
61  libleanshared.dylib                 0x000000011291e81c Lean.Meta.transformWithCache.visit [boxed, λ, private] spec at Lean.Meta.Simp.dsimpImpl + 80
62  libleanshared.dylib                 0x000000011370a120 <apply/9> + 1904
63  libleanshared.dylib                 0x00000001129179f8 Lean.Meta.withIncRecDepth [arity↓] spec at Lean.Meta.transformWithCache.visit spec at Lean.Meta.Simp.dsimpImpl + 976
64  libleanshared.dylib                 0x000000011291a368 Lean.Meta.transformWithCache.visit [private] spec at Lean.Meta.Simp.dsimpImpl + 596
65  libleanshared.dylib                 0x000000011291b740 WellFounded.opaqueFix₃ [λ, arity↓] spec at Lean.Meta.transformWithCache.visit spec at Lean.Meta.Simp.dsimpImpl + 52
66  libleanshared.dylib                 0x000000011291b9e8 WellFounded.opaqueFix₃ [boxed, λ, arity↓] spec at Lean.Meta.transformWithCache.visit spec at Lean.Meta.Simp.dsimpImpl + 112
67  libleanshared.dylib                 0x0000000113709208 <apply/8> + 4036
68  libleanshared.dylib                 0x000000011291bee4 WellFounded.opaqueFix₃ [arity↓] spec at Lean.Meta.transformWithCache.visit spec at Lean.Meta.Simp.dsimpImpl + 824
69  libleanshared.dylib                 0x000000011291cbd4 Lean.Expr.withAppAux spec at Lean.Meta.transformWithCache.visit spec at Lean.Meta.Simp.dsimpImpl + 1788
70  libleanshared.dylib                 0x000000011291deb0 Lean.Meta.transformWithCache.visit [λ, private] spec at Lean.Meta.Simp.dsimpImpl + 3776
71  libleanshared.dylib                 0x000000011291e81c Lean.Meta.transformWithCache.visit [boxed, λ, private] spec at Lean.Meta.Simp.dsimpImpl + 80
72  libleanshared.dylib                 0x000000011370a120 <apply/9> + 1904
73  libleanshared.dylib                 0x00000001129179f8 Lean.Meta.withIncRecDepth [arity↓] spec at Lean.Meta.transformWithCache.visit spec at Lean.Meta.Simp.dsimpImpl + 976
74  libleanshared.dylib                 0x000000011291a368 Lean.Meta.transformWithCache.visit [private] spec at Lean.Meta.Simp.dsimpImpl + 596
75  libleanshared.dylib                 0x000000011291b740 WellFounded.opaqueFix₃ [λ, arity↓] spec at Lean.Meta.transformWithCache.visit spec at Lean.Meta.Simp.dsimpImpl + 52
76  libleanshared.dylib                 0x000000011291b9e8 WellFounded.opaqueFix₃ [boxed, λ, arity↓] spec at Lean.Meta.transformWithCache.visit spec at Lean.Meta.Simp.dsimpImpl + 112
77  libleanshared.dylib                 0x0000000113709208 <apply/8> + 4036
78  libleanshared.dylib                 0x000000011291bee4 WellFounded.opaqueFix₃ [arity↓] spec at Lean.Meta.transformWithCache.visit spec at Lean.Meta.Simp.dsimpImpl + 824
79  libleanshared.dylib                 0x000000011291cbd4 Lean.Expr.withAppAux spec at Lean.Meta.transformWithCache.visit spec at Lean.Meta.Simp.dsimpImpl + 1788
80  libleanshared.dylib                 0x000000011291deb0 Lean.Meta.transformWithCache.visit [λ, private] spec at Lean.Meta.Simp.dsimpImpl + 3776
81  libleanshared.dylib                 0x000000011291e81c Lean.Meta.transformWithCache.visit [boxed, λ, private] spec at Lean.Meta.Simp.dsimpImpl + 80
82  libleanshared.dylib                 0x000000011370a120 <apply/9> + 1904
83  libleanshared.dylib                 0x00000001129179f8 Lean.Meta.withIncRecDepth [arity↓] spec at Lean.Meta.transformWithCache.visit spec at Lean.Meta.Simp.dsimpImpl + 976
84  libleanshared.dylib                 0x000000011291a368 Lean.Meta.transformWithCache.visit [private] spec at Lean.Meta.Simp.dsimpImpl + 596
85  libleanshared.dylib                 0x000000011291b740 WellFounded.opaqueFix₃ [λ, arity↓] spec at Lean.Meta.transformWithCache.visit spec at Lean.Meta.Simp.dsimpImpl + 52
86  libleanshared.dylib                 0x000000011291b9e8 WellFounded.opaqueFix₃ [boxed, λ, arity↓] spec at Lean.Meta.transformWithCache.visit spec at Lean.Meta.Simp.dsimpImpl + 112
87  libleanshared.dylib                 0x0000000113709208 <apply/8> + 4036
88  libleanshared.dylib                 0x000000011291bee4 WellFounded.opaqueFix₃ [arity↓] spec at Lean.Meta.transformWithCache.visit spec at Lean.Meta.Simp.dsimpImpl + 824
89  libleanshared.dylib                 0x000000011291cbd4 Lean.Expr.withAppAux spec at Lean.Meta.transformWithCache.visit spec at Lean.Meta.Simp.dsimpImpl + 1788
90  libleanshared.dylib                 0x000000011291deb0 Lean.Meta.transformWithCache.visit [λ, private] spec at Lean.Meta.Simp.dsimpImpl + 3776
91  libleanshared.dylib                 0x000000011291e81c Lean.Meta.transformWithCache.visit [boxed, λ, private] spec at Lean.Meta.Simp.dsimpImpl + 80
92  libleanshared.dylib                 0x000000011370a120 <apply/9> + 1904
93  libleanshared.dylib                 0x00000001129179f8 Lean.Meta.withIncRecDepth [arity↓] spec at Lean.Meta.transformWithCache.visit spec at Lean.Meta.Simp.dsimpImpl + 976
94  libleanshared.dylib                 0x000000011291a368 Lean.Meta.transformWithCache.visit [private] spec at Lean.Meta.Simp.dsimpImpl + 596
95  libleanshared.dylib                 0x00000001128f2bac lean_dsimp + 1560
96  libleanshared.dylib                 0x000000011293cf38 Lean.Meta.Simp.dsimpMainCore [λ] + 192
97  libleanshared.dylib                 0x00000001137085e4 <apply/8> + 928
98  libleanshared.dylib                 0x0000000112a58f28 Lean.Meta.Simp.SimpM.run [λ, arity↓] + 1324
99  libleanshared.dylib                 0x00000001137037bc <apply/5> + 1696
PANIC at Lean.Expr.appFn! Lean.Expr:932:15: application expected
backtrace:
0   libleanshared.dylib                 0x00000001136f7ca4 _ZN4leanL15print_backtraceEb + 60
1   libleanshared.dylib                 0x00000001136ee914 _ZN4leanL15lean_panic_implEPKcmb + 176
2   libleanshared.dylib                 0x00000001136eea30 lean_panic_fn_borrowed + 64
3   libleanshared.dylib                 0x0000000112a01a44 WellFounded.opaqueFix₃ [arity↓] spec at Lean.Meta.Simp.SimprocEntry.try + 204
4   libleanshared.dylib                 0x0000000112a02994 Lean.Meta.Simp.SimprocEntry.tryD + 116
5   libleanshared.dylib                 0x0000000112a07628 Array.forIn'Unsafe.loop [private] spec at Lean.Meta.Simp.dsimprocCore + 820
6   libleanshared.dylib                 0x0000000112a09224 Lean.Meta.Simp.dsimprocCore + 1068
7   libleanshared.dylib                 0x0000000112a0c7bc Array.forIn'Unsafe.loop [private] spec at Lean.Meta.Simp.dsimprocArrayCore + 412
8   libleanshared.dylib                 0x0000000112a0d054 Lean.Meta.Simp.dsimprocArrayCore + 184
9   libleanshared.dylib                 0x0000000112a0e490 Lean.Meta.Simp.userPostDSimprocs + 120
10  libleanshared.dylib                 0x000000011297f0f4 Lean.Meta.Simp.dpostDefault [boxed] + 68
11  libleanshared.dylib                 0x0000000113709bb8 <apply/9> + 520
12  libleanshared.dylib                 0x0000000112915238 Lean.Meta.Simp.dsimpImpl [λ, private] + 280
13  libleanshared.dylib                 0x0000000113709bb8 <apply/9> + 520
14  libleanshared.dylib                 0x0000000112919998 Lean.Meta.transformWithCache.visit.visitPost [private] spec at Lean.Meta.transformWithCache.visit spec at Lean.Meta.Simp.dsimpImpl + 312
15  libleanshared.dylib                 0x000000011291deb0 Lean.Meta.transformWithCache.visit [λ, private] spec at Lean.Meta.Simp.dsimpImpl + 3776
16  libleanshared.dylib                 0x000000011291e81c Lean.Meta.transformWithCache.visit [boxed, λ, private] spec at Lean.Meta.Simp.dsimpImpl + 80
17  libleanshared.dylib                 0x000000011370a120 <apply/9> + 1904
18  libleanshared.dylib                 0x00000001129179f8 Lean.Meta.withIncRecDepth [arity↓] spec at Lean.Meta.transformWithCache.visit spec at Lean.Meta.Simp.dsimpImpl + 976
19  libleanshared.dylib                 0x000000011291a368 Lean.Meta.transformWithCache.visit [private] spec at Lean.Meta.Simp.dsimpImpl + 596
20  libleanshared.dylib                 0x000000011291deb0 Lean.Meta.transformWithCache.visit [λ, private] spec at Lean.Meta.Simp.dsimpImpl + 3776
21  libleanshared.dylib                 0x000000011291e81c Lean.Meta.transformWithCache.visit [boxed, λ, private] spec at Lean.Meta.Simp.dsimpImpl + 80
22  libleanshared.dylib                 0x000000011370a120 <apply/9> + 1904
23  libleanshared.dylib                 0x00000001129179f8 Lean.Meta.withIncRecDepth [arity↓] spec at Lean.Meta.transformWithCache.visit spec at Lean.Meta.Simp.dsimpImpl + 976
24  libleanshared.dylib                 0x000000011291a368 Lean.Meta.transformWithCache.visit [private] spec at Lean.Meta.Simp.dsimpImpl + 596
25  libleanshared.dylib                 0x000000011291b740 WellFounded.opaqueFix₃ [λ, arity↓] spec at Lean.Meta.transformWithCache.visit spec at Lean.Meta.Simp.dsimpImpl + 52
26  libleanshared.dylib                 0x000000011291b9e8 WellFounded.opaqueFix₃ [boxed, λ, arity↓] spec at Lean.Meta.transformWithCache.visit spec at Lean.Meta.Simp.dsimpImpl + 112
27  libleanshared.dylib                 0x0000000113709208 <apply/8> + 4036
28  libleanshared.dylib                 0x000000011291bee4 WellFounded.opaqueFix₃ [arity↓] spec at Lean.Meta.transformWithCache.visit spec at Lean.Meta.Simp.dsimpImpl + 824
29  libleanshared.dylib                 0x000000011291cbd4 Lean.Expr.withAppAux spec at Lean.Meta.transformWithCache.visit spec at Lean.Meta.Simp.dsimpImpl + 1788
30  libleanshared.dylib                 0x000000011291deb0 Lean.Meta.transformWithCache.visit [λ, private] spec at Lean.Meta.Simp.dsimpImpl + 3776
31  libleanshared.dylib                 0x000000011291e81c Lean.Meta.transformWithCache.visit [boxed, λ, private] spec at Lean.Meta.Simp.dsimpImpl + 80
32  libleanshared.dylib                 0x000000011370a120 <apply/9> + 1904
33  libleanshared.dylib                 0x00000001129179f8 Lean.Meta.withIncRecDepth [arity↓] spec at Lean.Meta.transformWithCache.visit spec at Lean.Meta.Simp.dsimpImpl + 976
34  libleanshared.dylib                 0x000000011291a368 Lean.Meta.transformWithCache.visit [private] spec at Lean.Meta.Simp.dsimpImpl + 596
35  libleanshared.dylib                 0x000000011291b740 WellFounded.opaqueFix₃ [λ, arity↓] spec at Lean.Meta.transformWithCache.visit spec at Lean.Meta.Simp.dsimpImpl + 52
36  libleanshared.dylib                 0x000000011291b9e8 WellFounded.opaqueFix₃ [boxed, λ, arity↓] spec at Lean.Meta.transformWithCache.visit spec at Lean.Meta.Simp.dsimpImpl + 112
37  libleanshared.dylib                 0x0000000113709208 <apply/8> + 4036
38  libleanshared.dylib                 0x000000011291bee4 WellFounded.opaqueFix₃ [arity↓] spec at Lean.Meta.transformWithCache.visit spec at Lean.Meta.Simp.dsimpImpl + 824
39  libleanshared.dylib                 0x000000011291cbd4 Lean.Expr.withAppAux spec at Lean.Meta.transformWithCache.visit spec at Lean.Meta.Simp.dsimpImpl + 1788
40  libleanshared.dylib                 0x000000011291deb0 Lean.Meta.transformWithCache.visit [λ, private] spec at Lean.Meta.Simp.dsimpImpl + 3776
41  libleanshared.dylib                 0x000000011291e81c Lean.Meta.transformWithCache.visit [boxed, λ, private] spec at Lean.Meta.Simp.dsimpImpl + 80
42  libleanshared.dylib                 0x000000011370a120 <apply/9> + 1904
43  libleanshared.dylib                 0x00000001129179f8 Lean.Meta.withIncRecDepth [arity↓] spec at Lean.Meta.transformWithCache.visit spec at Lean.Meta.Simp.dsimpImpl + 976
44  libleanshared.dylib                 0x000000011291a368 Lean.Meta.transformWithCache.visit [private] spec at Lean.Meta.Simp.dsimpImpl + 596
45  libleanshared.dylib                 0x000000011291b740 WellFounded.opaqueFix₃ [λ, arity↓] spec at Lean.Meta.transformWithCache.visit spec at Lean.Meta.Simp.dsimpImpl + 52
46  libleanshared.dylib                 0x000000011291b9e8 WellFounded.opaqueFix₃ [boxed, λ, arity↓] spec at Lean.Meta.transformWithCache.visit spec at Lean.Meta.Simp.dsimpImpl + 112
47  libleanshared.dylib                 0x0000000113709208 <apply/8> + 4036
48  libleanshared.dylib                 0x000000011291bee4 WellFounded.opaqueFix₃ [arity↓] spec at Lean.Meta.transformWithCache.visit spec at Lean.Meta.Simp.dsimpImpl + 824
49  libleanshared.dylib                 0x000000011291cbd4 Lean.Expr.withAppAux spec at Lean.Meta.transformWithCache.visit spec at Lean.Meta.Simp.dsimpImpl + 1788
50  libleanshared.dylib                 0x000000011291deb0 Lean.Meta.transformWithCache.visit [λ, private] spec at Lean.Meta.Simp.dsimpImpl + 3776
51  libleanshared.dylib                 0x000000011291e81c Lean.Meta.transformWithCache.visit [boxed, λ, private] spec at Lean.Meta.Simp.dsimpImpl + 80
52  libleanshared.dylib                 0x000000011370a120 <apply/9> + 1904
53  libleanshared.dylib                 0x00000001129179f8 Lean.Meta.withIncRecDepth [arity↓] spec at Lean.Meta.transformWithCache.visit spec at Lean.Meta.Simp.dsimpImpl + 976
54  libleanshared.dylib                 0x000000011291a368 Lean.Meta.transformWithCache.visit [private] spec at Lean.Meta.Simp.dsimpImpl + 596
55  libleanshared.dylib                 0x000000011291b740 WellFounded.opaqueFix₃ [λ, arity↓] spec at Lean.Meta.transformWithCache.visit spec at Lean.Meta.Simp.dsimpImpl + 52
56  libleanshared.dylib                 0x000000011291b9e8 WellFounded.opaqueFix₃ [boxed, λ, arity↓] spec at Lean.Meta.transformWithCache.visit spec at Lean.Meta.Simp.dsimpImpl + 112
57  libleanshared.dylib                 0x0000000113709208 <apply/8> + 4036
58  libleanshared.dylib                 0x000000011291bee4 WellFounded.opaqueFix₃ [arity↓] spec at Lean.Meta.transformWithCache.visit spec at Lean.Meta.Simp.dsimpImpl + 824
59  libleanshared.dylib                 0x000000011291cbd4 Lean.Expr.withAppAux spec at Lean.Meta.transformWithCache.visit spec at Lean.Meta.Simp.dsimpImpl + 1788
60  libleanshared.dylib                 0x000000011291deb0 Lean.Meta.transformWithCache.visit [λ, private] spec at Lean.Meta.Simp.dsimpImpl + 3776
61  libleanshared.dylib                 0x000000011291e81c Lean.Meta.transformWithCache.visit [boxed, λ, private] spec at Lean.Meta.Simp.dsimpImpl + 80
62  libleanshared.dylib                 0x000000011370a120 <apply/9> + 1904
63  libleanshared.dylib                 0x00000001129179f8 Lean.Meta.withIncRecDepth [arity↓] spec at Lean.Meta.transformWithCache.visit spec at Lean.Meta.Simp.dsimpImpl + 976
64  libleanshared.dylib                 0x000000011291a368 Lean.Meta.transformWithCache.visit [private] spec at Lean.Meta.Simp.dsimpImpl + 596
65  libleanshared.dylib                 0x000000011291b740 WellFounded.opaqueFix₃ [λ, arity↓] spec at Lean.Meta.transformWithCache.visit spec at Lean.Meta.Simp.dsimpImpl + 52
66  libleanshared.dylib                 0x000000011291b9e8 WellFounded.opaqueFix₃ [boxed, λ, arity↓] spec at Lean.Meta.transformWithCache.visit spec at Lean.Meta.Simp.dsimpImpl + 112
67  libleanshared.dylib                 0x0000000113709208 <apply/8> + 4036
68  libleanshared.dylib                 0x000000011291bee4 WellFounded.opaqueFix₃ [arity↓] spec at Lean.Meta.transformWithCache.visit spec at Lean.Meta.Simp.dsimpImpl + 824
69  libleanshared.dylib                 0x000000011291cbd4 Lean.Expr.withAppAux spec at Lean.Meta.transformWithCache.visit spec at Lean.Meta.Simp.dsimpImpl + 1788
70  libleanshared.dylib                 0x000000011291deb0 Lean.Meta.transformWithCache.visit [λ, private] spec at Lean.Meta.Simp.dsimpImpl + 3776
71  libleanshared.dylib                 0x000000011291e81c Lean.Meta.transformWithCache.visit [boxed, λ, private] spec at Lean.Meta.Simp.dsimpImpl + 80
72  libleanshared.dylib                 0x000000011370a120 <apply/9> + 1904
73  libleanshared.dylib                 0x00000001129179f8 Lean.Meta.withIncRecDepth [arity↓] spec at Lean.Meta.transformWithCache.visit spec at Lean.Meta.Simp.dsimpImpl + 976
74  libleanshared.dylib                 0x000000011291a368 Lean.Meta.transformWithCache.visit [private] spec at Lean.Meta.Simp.dsimpImpl + 596
75  libleanshared.dylib                 0x000000011291b740 WellFounded.opaqueFix₃ [λ, arity↓] spec at Lean.Meta.transformWithCache.visit spec at Lean.Meta.Simp.dsimpImpl + 52
76  libleanshared.dylib                 0x000000011291b9e8 WellFounded.opaqueFix₃ [boxed, λ, arity↓] spec at Lean.Meta.transformWithCache.visit spec at Lean.Meta.Simp.dsimpImpl + 112
77  libleanshared.dylib                 0x0000000113709208 <apply/8> + 4036
78  libleanshared.dylib                 0x000000011291bee4 WellFounded.opaqueFix₃ [arity↓] spec at Lean.Meta.transformWithCache.visit spec at Lean.Meta.Simp.dsimpImpl + 824
79  libleanshared.dylib                 0x000000011291cbd4 Lean.Expr.withAppAux spec at Lean.Meta.transformWithCache.visit spec at Lean.Meta.Simp.dsimpImpl + 1788
80  libleanshared.dylib                 0x000000011291deb0 Lean.Meta.transformWithCache.visit [λ, private] spec at Lean.Meta.Simp.dsimpImpl + 3776
81  libleanshared.dylib                 0x000000011291e81c Lean.Meta.transformWithCache.visit [boxed, λ, private] spec at Lean.Meta.Simp.dsimpImpl + 80
82  libleanshared.dylib                 0x000000011370a120 <apply/9> + 1904
83  libleanshared.dylib                 0x00000001129179f8 Lean.Meta.withIncRecDepth [arity↓] spec at Lean.Meta.transformWithCache.visit spec at Lean.Meta.Simp.dsimpImpl + 976
84  libleanshared.dylib                 0x000000011291a368 Lean.Meta.transformWithCache.visit [private] spec at Lean.Meta.Simp.dsimpImpl + 596
85  libleanshared.dylib                 0x000000011291b740 WellFounded.opaqueFix₃ [λ, arity↓] spec at Lean.Meta.transformWithCache.visit spec at Lean.Meta.Simp.dsimpImpl + 52
86  libleanshared.dylib                 0x000000011291b9e8 WellFounded.opaqueFix₃ [boxed, λ, arity↓] spec at Lean.Meta.transformWithCache.visit spec at Lean.Meta.Simp.dsimpImpl + 112
87  libleanshared.dylib                 0x0000000113709208 <apply/8> + 4036
88  libleanshared.dylib                 0x000000011291bee4 WellFounded.opaqueFix₃ [arity↓] spec at Lean.Meta.transformWithCache.visit spec at Lean.Meta.Simp.dsimpImpl + 824
89  libleanshared.dylib                 0x000000011291cbd4 Lean.Expr.withAppAux spec at Lean.Meta.transformWithCache.visit spec at Lean.Meta.Simp.dsimpImpl + 1788
90  libleanshared.dylib                 0x000000011291deb0 Lean.Meta.transformWithCache.visit [λ, private] spec at Lean.Meta.Simp.dsimpImpl + 3776
91  libleanshared.dylib                 0x000000011291e81c Lean.Meta.transformWithCache.visit [boxed, λ, private] spec at Lean.Meta.Simp.dsimpImpl + 80
92  libleanshared.dylib                 0x000000011370a120 <apply/9> + 1904
93  libleanshared.dylib                 0x00000001129179f8 Lean.Meta.withIncRecDepth [arity↓] spec at Lean.Meta.transformWithCache.visit spec at Lean.Meta.Simp.dsimpImpl + 976
94  libleanshared.dylib                 0x000000011291a368 Lean.Meta.transformWithCache.visit [private] spec at Lean.Meta.Simp.dsimpImpl + 596
95  libleanshared.dylib                 0x00000001128f2bac lean_dsimp + 1560
96  libleanshared.dylib                 0x000000011293cf38 Lean.Meta.Simp.dsimpMainCore [λ] + 192
97  libleanshared.dylib                 0x00000001137085e4 <apply/8> + 928
98  libleanshared.dylib                 0x0000000112a58f28 Lean.Meta.Simp.SimpM.run [λ, arity↓] + 1324
99  libleanshared.dylib                 0x00000001137037bc <apply/5> + 1696
PANIC at Lean.Expr.appArg! Lean.Expr:936:15: application expected
backtrace:
0   libleanshared.dylib                 0x00000001136f7ca4 _ZN4leanL15print_backtraceEb + 60
1   libleanshared.dylib                 0x00000001136ee914 _ZN4leanL15lean_panic_implEPKcmb + 176
2   libleanshared.dylib                 0x00000001136eea30 lean_panic_fn_borrowed + 64
3   libleanshared.dylib                 0x0000000112a01a2c WellFounded.opaqueFix₃ [arity↓] spec at Lean.Meta.Simp.SimprocEntry.try + 180
4   libleanshared.dylib                 0x0000000112a02994 Lean.Meta.Simp.SimprocEntry.tryD + 116
5   libleanshared.dylib                 0x0000000112a07628 Array.forIn'Unsafe.loop [private] spec at Lean.Meta.Simp.dsimprocCore + 820
6   libleanshared.dylib                 0x0000000112a09224 Lean.Meta.Simp.dsimprocCore + 1068
7   libleanshared.dylib                 0x0000000112a0c7bc Array.forIn'Unsafe.loop [private] spec at Lean.Meta.Simp.dsimprocArrayCore + 412
8   libleanshared.dylib                 0x0000000112a0d054 Lean.Meta.Simp.dsimprocArrayCore + 184
9   libleanshared.dylib                 0x0000000112a0e490 Lean.Meta.Simp.userPostDSimprocs + 120
10  libleanshared.dylib                 0x000000011297f0f4 Lean.Meta.Simp.dpostDefault [boxed] + 68
11  libleanshared.dylib                 0x0000000113709bb8 <apply/9> + 520
12  libleanshared.dylib                 0x0000000112915238 Lean.Meta.Simp.dsimpImpl [λ, private] + 280
13  libleanshared.dylib                 0x0000000113709bb8 <apply/9> + 520
14  libleanshared.dylib                 0x0000000112919998 Lean.Meta.transformWithCache.visit.visitPost [private] spec at Lean.Meta.transformWithCache.visit spec at Lean.Meta.Simp.dsimpImpl + 312
15  libleanshared.dylib                 0x000000011291deb0 Lean.Meta.transformWithCache.visit [λ, private] spec at Lean.Meta.Simp.dsimpImpl + 3776
16  libleanshared.dylib                 0x000000011291e81c Lean.Meta.transformWithCache.visit [boxed, λ, private] spec at Lean.Meta.Simp.dsimpImpl + 80
17  libleanshared.dylib                 0x000000011370a120 <apply/9> + 1904
18  libleanshared.dylib                 0x00000001129179f8 Lean.Meta.withIncRecDepth [arity↓] spec at Lean.Meta.transformWithCache.visit spec at Lean.Meta.Simp.dsimpImpl + 976
19  libleanshared.dylib                 0x000000011291a368 Lean.Meta.transformWithCache.visit [private] spec at Lean.Meta.Simp.dsimpImpl + 596
20  libleanshared.dylib                 0x000000011291deb0 Lean.Meta.transformWithCache.visit [λ, private] spec at Lean.Meta.Simp.dsimpImpl + 3776
21  libleanshared.dylib                 0x000000011291e81c Lean.Meta.transformWithCache.visit [boxed, λ, private] spec at Lean.Meta.Simp.dsimpImpl + 80
22  libleanshared.dylib                 0x000000011370a120 <apply/9> + 1904
23  libleanshared.dylib                 0x00000001129179f8 Lean.Meta.withIncRecDepth [arity↓] spec at Lean.Meta.transformWithCache.visit spec at Lean.Meta.Simp.dsimpImpl + 976
24  libleanshared.dylib                 0x000000011291a368 Lean.Meta.transformWithCache.visit [private] spec at Lean.Meta.Simp.dsimpImpl + 596
25  libleanshared.dylib                 0x000000011291b740 WellFounded.opaqueFix₃ [λ, arity↓] spec at Lean.Meta.transformWithCache.visit spec at Lean.Meta.Simp.dsimpImpl + 52
26  libleanshared.dylib                 0x000000011291b9e8 WellFounded.opaqueFix₃ [boxed, λ, arity↓] spec at Lean.Meta.transformWithCache.visit spec at Lean.Meta.Simp.dsimpImpl + 112
27  libleanshared.dylib                 0x0000000113709208 <apply/8> + 4036
28  libleanshared.dylib                 0x000000011291bee4 WellFounded.opaqueFix₃ [arity↓] spec at Lean.Meta.transformWithCache.visit spec at Lean.Meta.Simp.dsimpImpl + 824
29  libleanshared.dylib                 0x000000011291cbd4 Lean.Expr.withAppAux spec at Lean.Meta.transformWithCache.visit spec at Lean.Meta.Simp.dsimpImpl + 1788
30  libleanshared.dylib                 0x000000011291deb0 Lean.Meta.transformWithCache.visit [λ, private] spec at Lean.Meta.Simp.dsimpImpl + 3776
31  libleanshared.dylib                 0x000000011291e81c Lean.Meta.transformWithCache.visit [boxed, λ, private] spec at Lean.Meta.Simp.dsimpImpl + 80
32  libleanshared.dylib                 0x000000011370a120 <apply/9> + 1904
33  libleanshared.dylib                 0x00000001129179f8 Lean.Meta.withIncRecDepth [arity↓] spec at Lean.Meta.transformWithCache.visit spec at Lean.Meta.Simp.dsimpImpl + 976
34  libleanshared.dylib                 0x000000011291a368 Lean.Meta.transformWithCache.visit [private] spec at Lean.Meta.Simp.dsimpImpl + 596
35  libleanshared.dylib                 0x000000011291b740 WellFounded.opaqueFix₃ [λ, arity↓] spec at Lean.Meta.transformWithCache.visit spec at Lean.Meta.Simp.dsimpImpl + 52
36  libleanshared.dylib                 0x000000011291b9e8 WellFounded.opaqueFix₃ [boxed, λ, arity↓] spec at Lean.Meta.transformWithCache.visit spec at Lean.Meta.Simp.dsimpImpl + 112
37  libleanshared.dylib                 0x0000000113709208 <apply/8> + 4036
38  libleanshared.dylib                 0x000000011291bee4 WellFounded.opaqueFix₃ [arity↓] spec at Lean.Meta.transformWithCache.visit spec at Lean.Meta.Simp.dsimpImpl + 824
39  libleanshared.dylib                 0x000000011291cbd4 Lean.Expr.withAppAux spec at Lean.Meta.transformWithCache.visit spec at Lean.Meta.Simp.dsimpImpl + 1788
40  libleanshared.dylib                 0x000000011291deb0 Lean.Meta.transformWithCache.visit [λ, private] spec at Lean.Meta.Simp.dsimpImpl + 3776
41  libleanshared.dylib                 0x000000011291e81c Lean.Meta.transformWithCache.visit [boxed, λ, private] spec at Lean.Meta.Simp.dsimpImpl + 80
42  libleanshared.dylib                 0x000000011370a120 <apply/9> + 1904
43  libleanshared.dylib                 0x00000001129179f8 Lean.Meta.withIncRecDepth [arity↓] spec at Lean.Meta.transformWithCache.visit spec at Lean.Meta.Simp.dsimpImpl + 976
44  libleanshared.dylib                 0x000000011291a368 Lean.Meta.transformWithCache.visit [private] spec at Lean.Meta.Simp.dsimpImpl + 596
45  libleanshared.dylib                 0x000000011291b740 WellFounded.opaqueFix₃ [λ, arity↓] spec at Lean.Meta.transformWithCache.visit spec at Lean.Meta.Simp.dsimpImpl + 52
46  libleanshared.dylib                 0x000000011291b9e8 WellFounded.opaqueFix₃ [boxed, λ, arity↓] spec at Lean.Meta.transformWithCache.visit spec at Lean.Meta.Simp.dsimpImpl + 112
47  libleanshared.dylib                 0x0000000113709208 <apply/8> + 4036
48  libleanshared.dylib                 0x000000011291bee4 WellFounded.opaqueFix₃ [arity↓] spec at Lean.Meta.transformWithCache.visit spec at Lean.Meta.Simp.dsimpImpl + 824
49  libleanshared.dylib                 0x000000011291cbd4 Lean.Expr.withAppAux spec at Lean.Meta.transformWithCache.visit spec at Lean.Meta.Simp.dsimpImpl + 1788
50  libleanshared.dylib                 0x000000011291deb0 Lean.Meta.transformWithCache.visit [λ, private] spec at Lean.Meta.Simp.dsimpImpl + 3776
51  libleanshared.dylib                 0x000000011291e81c Lean.Meta.transformWithCache.visit [boxed, λ, private] spec at Lean.Meta.Simp.dsimpImpl + 80
52  libleanshared.dylib                 0x000000011370a120 <apply/9> + 1904
53  libleanshared.dylib                 0x00000001129179f8 Lean.Meta.withIncRecDepth [arity↓] spec at Lean.Meta.transformWithCache.visit spec at Lean.Meta.Simp.dsimpImpl + 976
54  libleanshared.dylib                 0x000000011291a368 Lean.Meta.transformWithCache.visit [private] spec at Lean.Meta.Simp.dsimpImpl + 596
55  libleanshared.dylib                 0x000000011291b740 WellFounded.opaqueFix₃ [λ, arity↓] spec at Lean.Meta.transformWithCache.visit spec at Lean.Meta.Simp.dsimpImpl + 52
56  libleanshared.dylib                 0x000000011291b9e8 WellFounded.opaqueFix₃ [boxed, λ, arity↓] spec at Lean.Meta.transformWithCache.visit spec at Lean.Meta.Simp.dsimpImpl + 112
57  libleanshared.dylib                 0x0000000113709208 <apply/8> + 4036
58  libleanshared.dylib                 0x000000011291bee4 WellFounded.opaqueFix₃ [arity↓] spec at Lean.Meta.transformWithCache.visit spec at Lean.Meta.Simp.dsimpImpl + 824
59  libleanshared.dylib                 0x000000011291cbd4 Lean.Expr.withAppAux spec at Lean.Meta.transformWithCache.visit spec at Lean.Meta.Simp.dsimpImpl + 1788
60  libleanshared.dylib                 0x000000011291deb0 Lean.Meta.transformWithCache.visit [λ, private] spec at Lean.Meta.Simp.dsimpImpl + 3776
61  libleanshared.dylib                 0x000000011291e81c Lean.Meta.transformWithCache.visit [boxed, λ, private] spec at Lean.Meta.Simp.dsimpImpl + 80
62  libleanshared.dylib                 0x000000011370a120 <apply/9> + 1904
63  libleanshared.dylib                 0x00000001129179f8 Lean.Meta.withIncRecDepth [arity↓] spec at Lean.Meta.transformWithCache.visit spec at Lean.Meta.Simp.dsimpImpl + 976
64  libleanshared.dylib                 0x000000011291a368 Lean.Meta.transformWithCache.visit [private] spec at Lean.Meta.Simp.dsimpImpl + 596
65  libleanshared.dylib                 0x000000011291b740 WellFounded.opaqueFix₃ [λ, arity↓] spec at Lean.Meta.transformWithCache.visit spec at Lean.Meta.Simp.dsimpImpl + 52
66  libleanshared.dylib                 0x000000011291b9e8 WellFounded.opaqueFix₃ [boxed, λ, arity↓] spec at Lean.Meta.transformWithCache.visit spec at Lean.Meta.Simp.dsimpImpl + 112
67  libleanshared.dylib                 0x0000000113709208 <apply/8> + 4036
68  libleanshared.dylib                 0x000000011291bee4 WellFounded.opaqueFix₃ [arity↓] spec at Lean.Meta.transformWithCache.visit spec at Lean.Meta.Simp.dsimpImpl + 824
69  libleanshared.dylib                 0x000000011291cbd4 Lean.Expr.withAppAux spec at Lean.Meta.transformWithCache.visit spec at Lean.Meta.Simp.dsimpImpl + 1788
70  libleanshared.dylib                 0x000000011291deb0 Lean.Meta.transformWithCache.visit [λ, private] spec at Lean.Meta.Simp.dsimpImpl + 3776
71  libleanshared.dylib                 0x000000011291e81c Lean.Meta.transformWithCache.visit [boxed, λ, private] spec at Lean.Meta.Simp.dsimpImpl + 80
72  libleanshared.dylib                 0x000000011370a120 <apply/9> + 1904
73  libleanshared.dylib                 0x00000001129179f8 Lean.Meta.withIncRecDepth [arity↓] spec at Lean.Meta.transformWithCache.visit spec at Lean.Meta.Simp.dsimpImpl + 976
74  libleanshared.dylib                 0x000000011291a368 Lean.Meta.transformWithCache.visit [private] spec at Lean.Meta.Simp.dsimpImpl + 596
75  libleanshared.dylib                 0x000000011291b740 WellFounded.opaqueFix₃ [λ, arity↓] spec at Lean.Meta.transformWithCache.visit spec at Lean.Meta.Simp.dsimpImpl + 52
76  libleanshared.dylib                 0x000000011291b9e8 WellFounded.opaqueFix₃ [boxed, λ, arity↓] spec at Lean.Meta.transformWithCache.visit spec at Lean.Meta.Simp.dsimpImpl + 112
77  libleanshared.dylib                 0x0000000113709208 <apply/8> + 4036
78  libleanshared.dylib                 0x000000011291bee4 WellFounded.opaqueFix₃ [arity↓] spec at Lean.Meta.transformWithCache.visit spec at Lean.Meta.Simp.dsimpImpl + 824
79  libleanshared.dylib                 0x000000011291cbd4 Lean.Expr.withAppAux spec at Lean.Meta.transformWithCache.visit spec at Lean.Meta.Simp.dsimpImpl + 1788
80  libleanshared.dylib                 0x000000011291deb0 Lean.Meta.transformWithCache.visit [λ, private] spec at Lean.Meta.Simp.dsimpImpl + 3776
81  libleanshared.dylib                 0x000000011291e81c Lean.Meta.transformWithCache.visit [boxed, λ, private] spec at Lean.Meta.Simp.dsimpImpl + 80
82  libleanshared.dylib                 0x000000011370a120 <apply/9> + 1904
83  libleanshared.dylib                 0x00000001129179f8 Lean.Meta.withIncRecDepth [arity↓] spec at Lean.Meta.transformWithCache.visit spec at Lean.Meta.Simp.dsimpImpl + 976
84  libleanshared.dylib                 0x000000011291a368 Lean.Meta.transformWithCache.visit [private] spec at Lean.Meta.Simp.dsimpImpl + 596
85  libleanshared.dylib                 0x000000011291b740 WellFounded.opaqueFix₃ [λ, arity↓] spec at Lean.Meta.transformWithCache.visit spec at Lean.Meta.Simp.dsimpImpl + 52
86  libleanshared.dylib                 0x000000011291b9e8 WellFounded.opaqueFix₃ [boxed, λ, arity↓] spec at Lean.Meta.transformWithCache.visit spec at Lean.Meta.Simp.dsimpImpl + 112
87  libleanshared.dylib                 0x0000000113709208 <apply/8> + 4036
88  libleanshared.dylib                 0x000000011291bee4 WellFounded.opaqueFix₃ [arity↓] spec at Lean.Meta.transformWithCache.visit spec at Lean.Meta.Simp.dsimpImpl + 824
89  libleanshared.dylib                 0x000000011291cbd4 Lean.Expr.withAppAux spec at Lean.Meta.transformWithCache.visit spec at Lean.Meta.Simp.dsimpImpl + 1788
90  libleanshared.dylib                 0x000000011291deb0 Lean.Meta.transformWithCache.visit [λ, private] spec at Lean.Meta.Simp.dsimpImpl + 3776
91  libleanshared.dylib                 0x000000011291e81c Lean.Meta.transformWithCache.visit [boxed, λ, private] spec at Lean.Meta.Simp.dsimpImpl + 80
92  libleanshared.dylib                 0x000000011370a120 <apply/9> + 1904
93  libleanshared.dylib                 0x00000001129179f8 Lean.Meta.withIncRecDepth [arity↓] spec at Lean.Meta.transformWithCache.visit spec at Lean.Meta.Simp.dsimpImpl + 976
94  libleanshared.dylib                 0x000000011291a368 Lean.Meta.transformWithCache.visit [private] spec at Lean.Meta.Simp.dsimpImpl + 596
95  libleanshared.dylib                 0x00000001128f2bac lean_dsimp + 1560
96  libleanshared.dylib                 0x000000011293cf38 Lean.Meta.Simp.dsimpMainCore [λ] + 192
97  libleanshared.dylib                 0x00000001137085e4 <apply/8> + 928
98  libleanshared.dylib                 0x0000000112a58f28 Lean.Meta.Simp.SimpM.run [λ, arity↓] + 1324
99  libleanshared.dylib                 0x00000001137037bc <apply/5> + 1696
PANIC at Lean.Expr.appFn! Lean.Expr:932:15: application expected
backtrace:
0   libleanshared.dylib                 0x00000001136f7ca4 _ZN4leanL15print_backtraceEb + 60
1   libleanshared.dylib                 0x00000001136ee914 _ZN4leanL15lean_panic_implEPKcmb + 176
2   libleanshared.dylib                 0x00000001136eea30 lean_panic_fn_borrowed + 64
3   libleanshared.dylib                 0x0000000112a01a44 WellFounded.opaqueFix₃ [arity↓] spec at Lean.Meta.Simp.SimprocEntry.try + 204
4   libleanshared.dylib                 0x0000000112a02994 Lean.Meta.Simp.SimprocEntry.tryD + 116
5   libleanshared.dylib                 0x0000000112a07628 Array.forIn'Unsafe.loop [private] spec at Lean.Meta.Simp.dsimprocCore + 820
6   libleanshared.dylib                 0x0000000112a09224 Lean.Meta.Simp.dsimprocCore + 1068
7   libleanshared.dylib                 0x0000000112a0c7bc Array.forIn'Unsafe.loop [private] spec at Lean.Meta.Simp.dsimprocArrayCore + 412
8   libleanshared.dylib                 0x0000000112a0d054 Lean.Meta.Simp.dsimprocArrayCore + 184
9   libleanshared.dylib                 0x0000000112a0e490 Lean.Meta.Simp.userPostDSimprocs + 120
10  libleanshared.dylib                 0x000000011297f0f4 Lean.Meta.Simp.dpostDefault [boxed] + 68
11  libleanshared.dylib                 0x0000000113709bb8 <apply/9> + 520
12  libleanshared.dylib                 0x0000000112915238 Lean.Meta.Simp.dsimpImpl [λ, private] + 280
13  libleanshared.dylib                 0x0000000113709bb8 <apply/9> + 520
14  libleanshared.dylib                 0x0000000112919998 Lean.Meta.transformWithCache.visit.visitPost [private] spec at Lean.Meta.transformWithCache.visit spec at Lean.Meta.Simp.dsimpImpl + 312
15  libleanshared.dylib                 0x000000011291deb0 Lean.Meta.transformWithCache.visit [λ, private] spec at Lean.Meta.Simp.dsimpImpl + 3776
16  libleanshared.dylib                 0x000000011291e81c Lean.Meta.transformWithCache.visit [boxed, λ, private] spec at Lean.Meta.Simp.dsimpImpl + 80
17  libleanshared.dylib                 0x000000011370a120 <apply/9> + 1904
18  libleanshared.dylib                 0x00000001129179f8 Lean.Meta.withIncRecDepth [arity↓] spec at Lean.Meta.transformWithCache.visit spec at Lean.Meta.Simp.dsimpImpl + 976
19  libleanshared.dylib                 0x000000011291a368 Lean.Meta.transformWithCache.visit [private] spec at Lean.Meta.Simp.dsimpImpl + 596
20  libleanshared.dylib                 0x000000011291deb0 Lean.Meta.transformWithCache.visit [λ, private] spec at Lean.Meta.Simp.dsimpImpl + 3776
21  libleanshared.dylib                 0x000000011291e81c Lean.Meta.transformWithCache.visit [boxed, λ, private] spec at Lean.Meta.Simp.dsimpImpl + 80
22  libleanshared.dylib                 0x000000011370a120 <apply/9> + 1904
23  libleanshared.dylib                 0x00000001129179f8 Lean.Meta.withIncRecDepth [arity↓] spec at Lean.Meta.transformWithCache.visit spec at Lean.Meta.Simp.dsimpImpl + 976
24  libleanshared.dylib                 0x000000011291a368 Lean.Meta.transformWithCache.visit [private] spec at Lean.Meta.Simp.dsimpImpl + 596
25  libleanshared.dylib                 0x000000011291b740 WellFounded.opaqueFix₃ [λ, arity↓] spec at Lean.Meta.transformWithCache.visit spec at Lean.Meta.Simp.dsimpImpl + 52
26  libleanshared.dylib                 0x000000011291b9e8 WellFounded.opaqueFix₃ [boxed, λ, arity↓] spec at Lean.Meta.transformWithCache.visit spec at Lean.Meta.Simp.dsimpImpl + 112
27  libleanshared.dylib                 0x0000000113709208 <apply/8> + 4036
28  libleanshared.dylib                 0x000000011291bee4 WellFounded.opaqueFix₃ [arity↓] spec at Lean.Meta.transformWithCache.visit spec at Lean.Meta.Simp.dsimpImpl + 824
29  libleanshared.dylib                 0x000000011291cbd4 Lean.Expr.withAppAux spec at Lean.Meta.transformWithCache.visit spec at Lean.Meta.Simp.dsimpImpl + 1788
30  libleanshared.dylib                 0x000000011291deb0 Lean.Meta.transformWithCache.visit [λ, private] spec at Lean.Meta.Simp.dsimpImpl + 3776
31  libleanshared.dylib                 0x000000011291e81c Lean.Meta.transformWithCache.visit [boxed, λ, private] spec at Lean.Meta.Simp.dsimpImpl + 80
32  libleanshared.dylib                 0x000000011370a120 <apply/9> + 1904
33  libleanshared.dylib                 0x00000001129179f8 Lean.Meta.withIncRecDepth [arity↓] spec at Lean.Meta.transformWithCache.visit spec at Lean.Meta.Simp.dsimpImpl + 976
34  libleanshared.dylib                 0x000000011291a368 Lean.Meta.transformWithCache.visit [private] spec at Lean.Meta.Simp.dsimpImpl + 596
35  libleanshared.dylib                 0x000000011291b740 WellFounded.opaqueFix₃ [λ, arity↓] spec at Lean.Meta.transformWithCache.visit spec at Lean.Meta.Simp.dsimpImpl + 52
36  libleanshared.dylib                 0x000000011291b9e8 WellFounded.opaqueFix₃ [boxed, λ, arity↓] spec at Lean.Meta.transformWithCache.visit spec at Lean.Meta.Simp.dsimpImpl + 112
37  libleanshared.dylib                 0x0000000113709208 <apply/8> + 4036
38  libleanshared.dylib                 0x000000011291bee4 WellFounded.opaqueFix₃ [arity↓] spec at Lean.Meta.transformWithCache.visit spec at Lean.Meta.Simp.dsimpImpl + 824
39  libleanshared.dylib                 0x000000011291cbd4 Lean.Expr.withAppAux spec at Lean.Meta.transformWithCache.visit spec at Lean.Meta.Simp.dsimpImpl + 1788
40  libleanshared.dylib                 0x000000011291deb0 Lean.Meta.transformWithCache.visit [λ, private] spec at Lean.Meta.Simp.dsimpImpl + 3776
41  libleanshared.dylib                 0x000000011291e81c Lean.Meta.transformWithCache.visit [boxed, λ, private] spec at Lean.Meta.Simp.dsimpImpl + 80
42  libleanshared.dylib                 0x000000011370a120 <apply/9> + 1904
43  libleanshared.dylib                 0x00000001129179f8 Lean.Meta.withIncRecDepth [arity↓] spec at Lean.Meta.transformWithCache.visit spec at Lean.Meta.Simp.dsimpImpl + 976
44  libleanshared.dylib                 0x000000011291a368 Lean.Meta.transformWithCache.visit [private] spec at Lean.Meta.Simp.dsimpImpl + 596
45  libleanshared.dylib                 0x000000011291b740 WellFounded.opaqueFix₃ [λ, arity↓] spec at Lean.Meta.transformWithCache.visit spec at Lean.Meta.Simp.dsimpImpl + 52
46  libleanshared.dylib                 0x000000011291b9e8 WellFounded.opaqueFix₃ [boxed, λ, arity↓] spec at Lean.Meta.transformWithCache.visit spec at Lean.Meta.Simp.dsimpImpl + 112
47  libleanshared.dylib                 0x0000000113709208 <apply/8> + 4036
48  libleanshared.dylib                 0x000000011291bee4 WellFounded.opaqueFix₃ [arity↓] spec at Lean.Meta.transformWithCache.visit spec at Lean.Meta.Simp.dsimpImpl + 824
49  libleanshared.dylib                 0x000000011291cbd4 Lean.Expr.withAppAux spec at Lean.Meta.transformWithCache.visit spec at Lean.Meta.Simp.dsimpImpl + 1788
50  libleanshared.dylib                 0x000000011291deb0 Lean.Meta.transformWithCache.visit [λ, private] spec at Lean.Meta.Simp.dsimpImpl + 3776
51  libleanshared.dylib                 0x000000011291e81c Lean.Meta.transformWithCache.visit [boxed, λ, private] spec at Lean.Meta.Simp.dsimpImpl + 80
52  libleanshared.dylib                 0x000000011370a120 <apply/9> + 1904
53  libleanshared.dylib                 0x00000001129179f8 Lean.Meta.withIncRecDepth [arity↓] spec at Lean.Meta.transformWithCache.visit spec at Lean.Meta.Simp.dsimpImpl + 976
54  libleanshared.dylib                 0x000000011291a368 Lean.Meta.transformWithCache.visit [private] spec at Lean.Meta.Simp.dsimpImpl + 596
55  libleanshared.dylib                 0x000000011291b740 WellFounded.opaqueFix₃ [λ, arity↓] spec at Lean.Meta.transformWithCache.visit spec at Lean.Meta.Simp.dsimpImpl + 52
56  libleanshared.dylib                 0x000000011291b9e8 WellFounded.opaqueFix₃ [boxed, λ, arity↓] spec at Lean.Meta.transformWithCache.visit spec at Lean.Meta.Simp.dsimpImpl + 112
57  libleanshared.dylib                 0x0000000113709208 <apply/8> + 4036
58  libleanshared.dylib                 0x000000011291bee4 WellFounded.opaqueFix₃ [arity↓] spec at Lean.Meta.transformWithCache.visit spec at Lean.Meta.Simp.dsimpImpl + 824
59  libleanshared.dylib                 0x000000011291cbd4 Lean.Expr.withAppAux spec at Lean.Meta.transformWithCache.visit spec at Lean.Meta.Simp.dsimpImpl + 1788
60  libleanshared.dylib                 0x000000011291deb0 Lean.Meta.transformWithCache.visit [λ, private] spec at Lean.Meta.Simp.dsimpImpl + 3776
61  libleanshared.dylib                 0x000000011291e81c Lean.Meta.transformWithCache.visit [boxed, λ, private] spec at Lean.Meta.Simp.dsimpImpl + 80
62  libleanshared.dylib                 0x000000011370a120 <apply/9> + 1904
63  libleanshared.dylib                 0x00000001129179f8 Lean.Meta.withIncRecDepth [arity↓] spec at Lean.Meta.transformWithCache.visit spec at Lean.Meta.Simp.dsimpImpl + 976
64  libleanshared.dylib                 0x000000011291a368 Lean.Meta.transformWithCache.visit [private] spec at Lean.Meta.Simp.dsimpImpl + 596
65  libleanshared.dylib                 0x000000011291b740 WellFounded.opaqueFix₃ [λ, arity↓] spec at Lean.Meta.transformWithCache.visit spec at Lean.Meta.Simp.dsimpImpl + 52
66  libleanshared.dylib                 0x000000011291b9e8 WellFounded.opaqueFix₃ [boxed, λ, arity↓] spec at Lean.Meta.transformWithCache.visit spec at Lean.Meta.Simp.dsimpImpl + 112
67  libleanshared.dylib                 0x0000000113709208 <apply/8> + 4036
68  libleanshared.dylib                 0x000000011291bee4 WellFounded.opaqueFix₃ [arity↓] spec at Lean.Meta.transformWithCache.visit spec at Lean.Meta.Simp.dsimpImpl + 824
69  libleanshared.dylib                 0x000000011291cbd4 Lean.Expr.withAppAux spec at Lean.Meta.transformWithCache.visit spec at Lean.Meta.Simp.dsimpImpl + 1788
70  libleanshared.dylib                 0x000000011291deb0 Lean.Meta.transformWithCache.visit [λ, private] spec at Lean.Meta.Simp.dsimpImpl + 3776
71  libleanshared.dylib                 0x000000011291e81c Lean.Meta.transformWithCache.visit [boxed, λ, private] spec at Lean.Meta.Simp.dsimpImpl + 80
72  libleanshared.dylib                 0x000000011370a120 <apply/9> + 1904
73  libleanshared.dylib                 0x00000001129179f8 Lean.Meta.withIncRecDepth [arity↓] spec at Lean.Meta.transformWithCache.visit spec at Lean.Meta.Simp.dsimpImpl + 976
74  libleanshared.dylib                 0x000000011291a368 Lean.Meta.transformWithCache.visit [private] spec at Lean.Meta.Simp.dsimpImpl + 596
75  libleanshared.dylib                 0x000000011291b740 WellFounded.opaqueFix₃ [λ, arity↓] spec at Lean.Meta.transformWithCache.visit spec at Lean.Meta.Simp.dsimpImpl + 52
76  libleanshared.dylib                 0x000000011291b9e8 WellFounded.opaqueFix₃ [boxed, λ, arity↓] spec at Lean.Meta.transformWithCache.visit spec at Lean.Meta.Simp.dsimpImpl + 112
77  libleanshared.dylib                 0x0000000113709208 <apply/8> + 4036
78  libleanshared.dylib                 0x000000011291bee4 WellFounded.opaqueFix₃ [arity↓] spec at Lean.Meta.transformWithCache.visit spec at Lean.Meta.Simp.dsimpImpl + 824
79  libleanshared.dylib                 0x000000011291cbd4 Lean.Expr.withAppAux spec at Lean.Meta.transformWithCache.visit spec at Lean.Meta.Simp.dsimpImpl + 1788
80  libleanshared.dylib                 0x000000011291deb0 Lean.Meta.transformWithCache.visit [λ, private] spec at Lean.Meta.Simp.dsimpImpl + 3776
81  libleanshared.dylib                 0x000000011291e81c Lean.Meta.transformWithCache.visit [boxed, λ, private] spec at Lean.Meta.Simp.dsimpImpl + 80
82  libleanshared.dylib                 0x000000011370a120 <apply/9> + 1904
83  libleanshared.dylib                 0x00000001129179f8 Lean.Meta.withIncRecDepth [arity↓] spec at Lean.Meta.transformWithCache.visit spec at Lean.Meta.Simp.dsimpImpl + 976
84  libleanshared.dylib                 0x000000011291a368 Lean.Meta.transformWithCache.visit [private] spec at Lean.Meta.Simp.dsimpImpl + 596
85  libleanshared.dylib                 0x000000011291b740 WellFounded.opaqueFix₃ [λ, arity↓] spec at Lean.Meta.transformWithCache.visit spec at Lean.Meta.Simp.dsimpImpl + 52
86  libleanshared.dylib                 0x000000011291b9e8 WellFounded.opaqueFix₃ [boxed, λ, arity↓] spec at Lean.Meta.transformWithCache.visit spec at Lean.Meta.Simp.dsimpImpl + 112
87  libleanshared.dylib                 0x0000000113709208 <apply/8> + 4036
88  libleanshared.dylib                 0x000000011291bee4 WellFounded.opaqueFix₃ [arity↓] spec at Lean.Meta.transformWithCache.visit spec at Lean.Meta.Simp.dsimpImpl + 824
89  libleanshared.dylib                 0x000000011291cbd4 Lean.Expr.withAppAux spec at Lean.Meta.transformWithCache.visit spec at Lean.Meta.Simp.dsimpImpl + 1788
90  libleanshared.dylib                 0x000000011291deb0 Lean.Meta.transformWithCache.visit [λ, private] spec at Lean.Meta.Simp.dsimpImpl + 3776
91  libleanshared.dylib                 0x000000011291e81c Lean.Meta.transformWithCache.visit [boxed, λ, private] spec at Lean.Meta.Simp.dsimpImpl + 80
92  libleanshared.dylib                 0x000000011370a120 <apply/9> + 1904
93  libleanshared.dylib                 0x00000001129179f8 Lean.Meta.withIncRecDepth [arity↓] spec at Lean.Meta.transformWithCache.visit spec at Lean.Meta.Simp.dsimpImpl + 976
94  libleanshared.dylib                 0x000000011291a368 Lean.Meta.transformWithCache.visit [private] spec at Lean.Meta.Simp.dsimpImpl + 596
95  libleanshared.dylib                 0x00000001128f2bac lean_dsimp + 1560
96  libleanshared.dylib                 0x000000011293cf38 Lean.Meta.Simp.dsimpMainCore [λ] + 192
97  libleanshared.dylib                 0x00000001137085e4 <apply/8> + 928
98  libleanshared.dylib                 0x0000000112a58f28 Lean.Meta.Simp.SimpM.run [λ, arity↓] + 1324
99  libleanshared.dylib                 0x00000001137037bc <apply/5> + 1696
PANIC at Lean.Expr.appArg! Lean.Expr:936:15: application expected
backtrace:
0   libleanshared.dylib                 0x00000001136f7ca4 _ZN4leanL15print_backtraceEb + 60
1   libleanshared.dylib                 0x00000001136ee914 _ZN4leanL15lean_panic_implEPKcmb + 176
2   libleanshared.dylib                 0x00000001136eea30 lean_panic_fn_borrowed + 64
3   libleanshared.dylib                 0x0000000112a01a2c WellFounded.opaqueFix₃ [arity↓] spec at Lean.Meta.Simp.SimprocEntry.try + 180
4   libleanshared.dylib                 0x0000000112a02994 Lean.Meta.Simp.SimprocEntry.tryD + 116
5   libleanshared.dylib                 0x0000000112a07628 Array.forIn'Unsafe.loop [private] spec at Lean.Meta.Simp.dsimprocCore + 820
6   libleanshared.dylib                 0x0000000112a09224 Lean.Meta.Simp.dsimprocCore + 1068
7   libleanshared.dylib                 0x0000000112a0c7bc Array.forIn'Unsafe.loop [private] spec at Lean.Meta.Simp.dsimprocArrayCore + 412
8   libleanshared.dylib                 0x0000000112a0d054 Lean.Meta.Simp.dsimprocArrayCore + 184
9   libleanshared.dylib                 0x0000000112a0e490 Lean.Meta.Simp.userPostDSimprocs + 120
10  libleanshared.dylib                 0x000000011297f0f4 Lean.Meta.Simp.dpostDefault [boxed] + 68
11  libleanshared.dylib                 0x0000000113709bb8 <apply/9> + 520
12  libleanshared.dylib                 0x0000000112915238 Lean.Meta.Simp.dsimpImpl [λ, private] + 280
13  libleanshared.dylib                 0x0000000113709bb8 <apply/9> + 520
14  libleanshared.dylib                 0x0000000112919998 Lean.Meta.transformWithCache.visit.visitPost [private] spec at Lean.Meta.transformWithCache.visit spec at Lean.Meta.Simp.dsimpImpl + 312
15  libleanshared.dylib                 0x000000011291deb0 Lean.Meta.transformWithCache.visit [λ, private] spec at Lean.Meta.Simp.dsimpImpl + 3776
16  libleanshared.dylib                 0x000000011291e81c Lean.Meta.transformWithCache.visit [boxed, λ, private] spec at Lean.Meta.Simp.dsimpImpl + 80
17  libleanshared.dylib                 0x000000011370a120 <apply/9> + 1904
18  libleanshared.dylib                 0x00000001129179f8 Lean.Meta.withIncRecDepth [arity↓] spec at Lean.Meta.transformWithCache.visit spec at Lean.Meta.Simp.dsimpImpl + 976
19  libleanshared.dylib                 0x000000011291a368 Lean.Meta.transformWithCache.visit [private] spec at Lean.Meta.Simp.dsimpImpl + 596
20  libleanshared.dylib                 0x000000011291deb0 Lean.Meta.transformWithCache.visit [λ, private] spec at Lean.Meta.Simp.dsimpImpl + 3776
21  libleanshared.dylib                 0x000000011291e81c Lean.Meta.transformWithCache.visit [boxed, λ, private] spec at Lean.Meta.Simp.dsimpImpl + 80
22  libleanshared.dylib                 0x000000011370a120 <apply/9> + 1904
23  libleanshared.dylib                 0x00000001129179f8 Lean.Meta.withIncRecDepth [arity↓] spec at Lean.Meta.transformWithCache.visit spec at Lean.Meta.Simp.dsimpImpl + 976
24  libleanshared.dylib                 0x000000011291a368 Lean.Meta.transformWithCache.visit [private] spec at Lean.Meta.Simp.dsimpImpl + 596
25  libleanshared.dylib                 0x000000011291b740 WellFounded.opaqueFix₃ [λ, arity↓] spec at Lean.Meta.transformWithCache.visit spec at Lean.Meta.Simp.dsimpImpl + 52
26  libleanshared.dylib                 0x000000011291b9e8 WellFounded.opaqueFix₃ [boxed, λ, arity↓] spec at Lean.Meta.transformWithCache.visit spec at Lean.Meta.Simp.dsimpImpl + 112
27  libleanshared.dylib                 0x0000000113709208 <apply/8> + 4036
28  libleanshared.dylib                 0x000000011291bee4 WellFounded.opaqueFix₃ [arity↓] spec at Lean.Meta.transformWithCache.visit spec at Lean.Meta.Simp.dsimpImpl + 824
29  libleanshared.dylib                 0x000000011291cbd4 Lean.Expr.withAppAux spec at Lean.Meta.transformWithCache.visit spec at Lean.Meta.Simp.dsimpImpl + 1788
30  libleanshared.dylib                 0x000000011291deb0 Lean.Meta.transformWithCache.visit [λ, private] spec at Lean.Meta.Simp.dsimpImpl + 3776
31  libleanshared.dylib                 0x000000011291e81c Lean.Meta.transformWithCache.visit [boxed, λ, private] spec at Lean.Meta.Simp.dsimpImpl + 80
32  libleanshared.dylib                 0x000000011370a120 <apply/9> + 1904
33  libleanshared.dylib                 0x00000001129179f8 Lean.Meta.withIncRecDepth [arity↓] spec at Lean.Meta.transformWithCache.visit spec at Lean.Meta.Simp.dsimpImpl + 976
34  libleanshared.dylib                 0x000000011291a368 Lean.Meta.transformWithCache.visit [private] spec at Lean.Meta.Simp.dsimpImpl + 596
35  libleanshared.dylib                 0x000000011291b740 WellFounded.opaqueFix₃ [λ, arity↓] spec at Lean.Meta.transformWithCache.visit spec at Lean.Meta.Simp.dsimpImpl + 52
36  libleanshared.dylib                 0x000000011291b9e8 WellFounded.opaqueFix₃ [boxed, λ, arity↓] spec at Lean.Meta.transformWithCache.visit spec at Lean.Meta.Simp.dsimpImpl + 112
37  libleanshared.dylib                 0x0000000113709208 <apply/8> + 4036
38  libleanshared.dylib                 0x000000011291bee4 WellFounded.opaqueFix₃ [arity↓] spec at Lean.Meta.transformWithCache.visit spec at Lean.Meta.Simp.dsimpImpl + 824
39  libleanshared.dylib                 0x000000011291cbd4 Lean.Expr.withAppAux spec at Lean.Meta.transformWithCache.visit spec at Lean.Meta.Simp.dsimpImpl + 1788
40  libleanshared.dylib                 0x000000011291deb0 Lean.Meta.transformWithCache.visit [λ, private] spec at Lean.Meta.Simp.dsimpImpl + 3776
41  libleanshared.dylib                 0x000000011291e81c Lean.Meta.transformWithCache.visit [boxed, λ, private] spec at Lean.Meta.Simp.dsimpImpl + 80
42  libleanshared.dylib                 0x000000011370a120 <apply/9> + 1904
43  libleanshared.dylib                 0x00000001129179f8 Lean.Meta.withIncRecDepth [arity↓] spec at Lean.Meta.transformWithCache.visit spec at Lean.Meta.Simp.dsimpImpl + 976
44  libleanshared.dylib                 0x000000011291a368 Lean.Meta.transformWithCache.visit [private] spec at Lean.Meta.Simp.dsimpImpl + 596
45  libleanshared.dylib                 0x000000011291b740 WellFounded.opaqueFix₃ [λ, arity↓] spec at Lean.Meta.transformWithCache.visit spec at Lean.Meta.Simp.dsimpImpl + 52
46  libleanshared.dylib                 0x000000011291b9e8 WellFounded.opaqueFix₃ [boxed, λ, arity↓] spec at Lean.Meta.transformWithCache.visit spec at Lean.Meta.Simp.dsimpImpl + 112
47  libleanshared.dylib                 0x0000000113709208 <apply/8> + 4036
48  libleanshared.dylib                 0x000000011291bee4 WellFounded.opaqueFix₃ [arity↓] spec at Lean.Meta.transformWithCache.visit spec at Lean.Meta.Simp.dsimpImpl + 824
49  libleanshared.dylib                 0x000000011291cbd4 Lean.Expr.withAppAux spec at Lean.Meta.transformWithCache.visit spec at Lean.Meta.Simp.dsimpImpl + 1788
50  libleanshared.dylib                 0x000000011291deb0 Lean.Meta.transformWithCache.visit [λ, private] spec at Lean.Meta.Simp.dsimpImpl + 3776
51  libleanshared.dylib                 0x000000011291e81c Lean.Meta.transformWithCache.visit [boxed, λ, private] spec at Lean.Meta.Simp.dsimpImpl + 80
52  libleanshared.dylib                 0x000000011370a120 <apply/9> + 1904
53  libleanshared.dylib                 0x00000001129179f8 Lean.Meta.withIncRecDepth [arity↓] spec at Lean.Meta.transformWithCache.visit spec at Lean.Meta.Simp.dsimpImpl + 976
54  libleanshared.dylib                 0x000000011291a368 Lean.Meta.transformWithCache.visit [private] spec at Lean.Meta.Simp.dsimpImpl + 596
55  libleanshared.dylib                 0x000000011291b740 WellFounded.opaqueFix₃ [λ, arity↓] spec at Lean.Meta.transformWithCache.visit spec at Lean.Meta.Simp.dsimpImpl + 52
56  libleanshared.dylib                 0x000000011291b9e8 WellFounded.opaqueFix₃ [boxed, λ, arity↓] spec at Lean.Meta.transformWithCache.visit spec at Lean.Meta.Simp.dsimpImpl + 112
57  libleanshared.dylib                 0x0000000113709208 <apply/8> + 4036
58  libleanshared.dylib                 0x000000011291bee4 WellFounded.opaqueFix₃ [arity↓] spec at Lean.Meta.transformWithCache.visit spec at Lean.Meta.Simp.dsimpImpl + 824
59  libleanshared.dylib                 0x000000011291cbd4 Lean.Expr.withAppAux spec at Lean.Meta.transformWithCache.visit spec at Lean.Meta.Simp.dsimpImpl + 1788
60  libleanshared.dylib                 0x000000011291deb0 Lean.Meta.transformWithCache.visit [λ, private] spec at Lean.Meta.Simp.dsimpImpl + 3776
61  libleanshared.dylib                 0x000000011291e81c Lean.Meta.transformWithCache.visit [boxed, λ, private] spec at Lean.Meta.Simp.dsimpImpl + 80
62  libleanshared.dylib                 0x000000011370a120 <apply/9> + 1904
63  libleanshared.dylib                 0x00000001129179f8 Lean.Meta.withIncRecDepth [arity↓] spec at Lean.Meta.transformWithCache.visit spec at Lean.Meta.Simp.dsimpImpl + 976
64  libleanshared.dylib                 0x000000011291a368 Lean.Meta.transformWithCache.visit [private] spec at Lean.Meta.Simp.dsimpImpl + 596
65  libleanshared.dylib                 0x000000011291b740 WellFounded.opaqueFix₃ [λ, arity↓] spec at Lean.Meta.transformWithCache.visit spec at Lean.Meta.Simp.dsimpImpl + 52
66  libleanshared.dylib                 0x000000011291b9e8 WellFounded.opaqueFix₃ [boxed, λ, arity↓] spec at Lean.Meta.transformWithCache.visit spec at Lean.Meta.Simp.dsimpImpl + 112
67  libleanshared.dylib                 0x0000000113709208 <apply/8> + 4036
68  libleanshared.dylib                 0x000000011291bee4 WellFounded.opaqueFix₃ [arity↓] spec at Lean.Meta.transformWithCache.visit spec at Lean.Meta.Simp.dsimpImpl + 824
69  libleanshared.dylib                 0x000000011291cbd4 Lean.Expr.withAppAux spec at Lean.Meta.transformWithCache.visit spec at Lean.Meta.Simp.dsimpImpl + 1788
70  libleanshared.dylib                 0x000000011291deb0 Lean.Meta.transformWithCache.visit [λ, private] spec at Lean.Meta.Simp.dsimpImpl + 3776
71  libleanshared.dylib                 0x000000011291e81c Lean.Meta.transformWithCache.visit [boxed, λ, private] spec at Lean.Meta.Simp.dsimpImpl + 80
72  libleanshared.dylib                 0x000000011370a120 <apply/9> + 1904
73  libleanshared.dylib                 0x00000001129179f8 Lean.Meta.withIncRecDepth [arity↓] spec at Lean.Meta.transformWithCache.visit spec at Lean.Meta.Simp.dsimpImpl + 976
74  libleanshared.dylib                 0x000000011291a368 Lean.Meta.transformWithCache.visit [private] spec at Lean.Meta.Simp.dsimpImpl + 596
75  libleanshared.dylib                 0x00000001128f2bac lean_dsimp + 1560
76  libleanshared.dylib                 0x000000011293cf38 Lean.Meta.Simp.dsimpMainCore [λ] + 192
77  libleanshared.dylib                 0x00000001137085e4 <apply/8> + 928
78  libleanshared.dylib                 0x0000000112a58f28 Lean.Meta.Simp.SimpM.run [λ, arity↓] + 1324
79  libleanshared.dylib                 0x00000001137037bc <apply/5> + 1696
80  libleanshared.dylib                 0x0000000112a57414 Lean.Meta.withTrackingZetaDeltaSet [arity↓] spec at Lean.Meta.Simp.SimpM.run + 760
81  libleanshared.dylib                 0x0000000112a59dc8 Lean.Meta.Simp.SimpM.run [arity↓] + 660
82  libleanshared.dylib                 0x000000011293d834 Lean.Meta.Simp.dsimpMainCore + 144
83  libleanshared.dylib                 0x000000011293dc94 Lean.Meta.Simp.dsimpMain + 288
84  libleanshared.dylib                 0x000000011293e0c8 Lean.Meta.Simp.dsimpMain [boxed] + 40
85  libleanshared.dylib                 0x00000001136fbb38 <apply/1> + 4684
86  libleanshared.dylib                 0x0000000113543684 Lean.profileitIOUnsafe [λ, arity↓] + 20
87  libleanshared.dylib                 0x00000001136fb588 <apply/1> + 3228
88  libleanshared.dylib                 0x00000001136fb588 <apply/1> + 3228
89  libleanshared.dylib                 0x00000001136d0c14 lean_profileit + 128
90  libleanshared.dylib                 0x000000011354388c Lean.profileitIOUnsafe [arity↓] + 156
91  libleanshared.dylib                 0x000000011294ddcc Lean.Meta.dsimpGoal [λ] + 2020
92  libleanshared.dylib                 0x000000011294f574 Lean.Meta.dsimpGoal [boxed, λ] + 44
93  libleanshared.dylib                 0x0000000113703cfc <apply/5> + 3040
94  libleanshared.dylib                 0x0000000112941f60 Lean.MVarId.withContext [arity↓] spec at Lean.Meta.simpTarget + 44
95  libleanshared.dylib                 0x0000000110551cb0 Lean.Elab.Tactic.dsimpLocation.go [λ, private] + 96
96  libleanshared.dylib                 0x0000000110552494 Lean.Elab.Tactic.dsimpLocation.go [boxed, λ, private] + 68
97  libleanshared.dylib                 0x000000011370a4dc <apply/9> + 2860
98  libleanshared.dylib                 0x0000000110547c60 Lean.Meta.withInstancesTypeCheckNote [boxed, λ, arity↓] spec at Lean.Elab.Tactic.simpLocation.go + 156
99  libleanshared.dylib                 0x00000001137037bc <apply/5> + 1696
PANIC at Lean.Expr.appFn! Lean.Expr:932:15: application expected
backtrace:
0   libleanshared.dylib                 0x00000001136f7ca4 _ZN4leanL15print_backtraceEb + 60
1   libleanshared.dylib                 0x00000001136ee914 _ZN4leanL15lean_panic_implEPKcmb + 176
2   libleanshared.dylib                 0x00000001136eea30 lean_panic_fn_borrowed + 64
3   libleanshared.dylib                 0x0000000112a01a44 WellFounded.opaqueFix₃ [arity↓] spec at Lean.Meta.Simp.SimprocEntry.try + 204
4   libleanshared.dylib                 0x0000000112a02994 Lean.Meta.Simp.SimprocEntry.tryD + 116
5   libleanshared.dylib                 0x0000000112a07628 Array.forIn'Unsafe.loop [private] spec at Lean.Meta.Simp.dsimprocCore + 820
6   libleanshared.dylib                 0x0000000112a09224 Lean.Meta.Simp.dsimprocCore + 1068
7   libleanshared.dylib                 0x0000000112a0c7bc Array.forIn'Unsafe.loop [private] spec at Lean.Meta.Simp.dsimprocArrayCore + 412
8   libleanshared.dylib                 0x0000000112a0d054 Lean.Meta.Simp.dsimprocArrayCore + 184
9   libleanshared.dylib                 0x0000000112a0e490 Lean.Meta.Simp.userPostDSimprocs + 120
10  libleanshared.dylib                 0x000000011297f0f4 Lean.Meta.Simp.dpostDefault [boxed] + 68
11  libleanshared.dylib                 0x0000000113709bb8 <apply/9> + 520
12  libleanshared.dylib                 0x0000000112915238 Lean.Meta.Simp.dsimpImpl [λ, private] + 280
13  libleanshared.dylib                 0x0000000113709bb8 <apply/9> + 520
14  libleanshared.dylib                 0x0000000112919998 Lean.Meta.transformWithCache.visit.visitPost [private] spec at Lean.Meta.transformWithCache.visit spec at Lean.Meta.Simp.dsimpImpl + 312
15  libleanshared.dylib                 0x000000011291deb0 Lean.Meta.transformWithCache.visit [λ, private] spec at Lean.Meta.Simp.dsimpImpl + 3776
16  libleanshared.dylib                 0x000000011291e81c Lean.Meta.transformWithCache.visit [boxed, λ, private] spec at Lean.Meta.Simp.dsimpImpl + 80
17  libleanshared.dylib                 0x000000011370a120 <apply/9> + 1904
18  libleanshared.dylib                 0x00000001129179f8 Lean.Meta.withIncRecDepth [arity↓] spec at Lean.Meta.transformWithCache.visit spec at Lean.Meta.Simp.dsimpImpl + 976
19  libleanshared.dylib                 0x000000011291a368 Lean.Meta.transformWithCache.visit [private] spec at Lean.Meta.Simp.dsimpImpl + 596
20  libleanshared.dylib                 0x000000011291deb0 Lean.Meta.transformWithCache.visit [λ, private] spec at Lean.Meta.Simp.dsimpImpl + 3776
21  libleanshared.dylib                 0x000000011291e81c Lean.Meta.transformWithCache.visit [boxed, λ, private] spec at Lean.Meta.Simp.dsimpImpl + 80
22  libleanshared.dylib                 0x000000011370a120 <apply/9> + 1904
23  libleanshared.dylib                 0x00000001129179f8 Lean.Meta.withIncRecDepth [arity↓] spec at Lean.Meta.transformWithCache.visit spec at Lean.Meta.Simp.dsimpImpl + 976
24  libleanshared.dylib                 0x000000011291a368 Lean.Meta.transformWithCache.visit [private] spec at Lean.Meta.Simp.dsimpImpl + 596
25  libleanshared.dylib                 0x000000011291b740 WellFounded.opaqueFix₃ [λ, arity↓] spec at Lean.Meta.transformWithCache.visit spec at Lean.Meta.Simp.dsimpImpl + 52
26  libleanshared.dylib                 0x000000011291b9e8 WellFounded.opaqueFix₃ [boxed, λ, arity↓] spec at Lean.Meta.transformWithCache.visit spec at Lean.Meta.Simp.dsimpImpl + 112
27  libleanshared.dylib                 0x0000000113709208 <apply/8> + 4036
28  libleanshared.dylib                 0x000000011291bee4 WellFounded.opaqueFix₃ [arity↓] spec at Lean.Meta.transformWithCache.visit spec at Lean.Meta.Simp.dsimpImpl + 824
29  libleanshared.dylib                 0x000000011291cbd4 Lean.Expr.withAppAux spec at Lean.Meta.transformWithCache.visit spec at Lean.Meta.Simp.dsimpImpl + 1788
30  libleanshared.dylib                 0x000000011291deb0 Lean.Meta.transformWithCache.visit [λ, private] spec at Lean.Meta.Simp.dsimpImpl + 3776
31  libleanshared.dylib                 0x000000011291e81c Lean.Meta.transformWithCache.visit [boxed, λ, private] spec at Lean.Meta.Simp.dsimpImpl + 80
32  libleanshared.dylib                 0x000000011370a120 <apply/9> + 1904
33  libleanshared.dylib                 0x00000001129179f8 Lean.Meta.withIncRecDepth [arity↓] spec at Lean.Meta.transformWithCache.visit spec at Lean.Meta.Simp.dsimpImpl + 976
34  libleanshared.dylib                 0x000000011291a368 Lean.Meta.transformWithCache.visit [private] spec at Lean.Meta.Simp.dsimpImpl + 596
35  libleanshared.dylib                 0x000000011291b740 WellFounded.opaqueFix₃ [λ, arity↓] spec at Lean.Meta.transformWithCache.visit spec at Lean.Meta.Simp.dsimpImpl + 52
36  libleanshared.dylib                 0x000000011291b9e8 WellFounded.opaqueFix₃ [boxed, λ, arity↓] spec at Lean.Meta.transformWithCache.visit spec at Lean.Meta.Simp.dsimpImpl + 112
37  libleanshared.dylib                 0x0000000113709208 <apply/8> + 4036
38  libleanshared.dylib                 0x000000011291bee4 WellFounded.opaqueFix₃ [arity↓] spec at Lean.Meta.transformWithCache.visit spec at Lean.Meta.Simp.dsimpImpl + 824
39  libleanshared.dylib                 0x000000011291cbd4 Lean.Expr.withAppAux spec at Lean.Meta.transformWithCache.visit spec at Lean.Meta.Simp.dsimpImpl + 1788
40  libleanshared.dylib                 0x000000011291deb0 Lean.Meta.transformWithCache.visit [λ, private] spec at Lean.Meta.Simp.dsimpImpl + 3776
41  libleanshared.dylib                 0x000000011291e81c Lean.Meta.transformWithCache.visit [boxed, λ, private] spec at Lean.Meta.Simp.dsimpImpl + 80
42  libleanshared.dylib                 0x000000011370a120 <apply/9> + 1904
43  libleanshared.dylib                 0x00000001129179f8 Lean.Meta.withIncRecDepth [arity↓] spec at Lean.Meta.transformWithCache.visit spec at Lean.Meta.Simp.dsimpImpl + 976
44  libleanshared.dylib                 0x000000011291a368 Lean.Meta.transformWithCache.visit [private] spec at Lean.Meta.Simp.dsimpImpl + 596
45  libleanshared.dylib                 0x000000011291b740 WellFounded.opaqueFix₃ [λ, arity↓] spec at Lean.Meta.transformWithCache.visit spec at Lean.Meta.Simp.dsimpImpl + 52
46  libleanshared.dylib                 0x000000011291b9e8 WellFounded.opaqueFix₃ [boxed, λ, arity↓] spec at Lean.Meta.transformWithCache.visit spec at Lean.Meta.Simp.dsimpImpl + 112
47  libleanshared.dylib                 0x0000000113709208 <apply/8> + 4036
48  libleanshared.dylib                 0x000000011291bee4 WellFounded.opaqueFix₃ [arity↓] spec at Lean.Meta.transformWithCache.visit spec at Lean.Meta.Simp.dsimpImpl + 824
49  libleanshared.dylib                 0x000000011291cbd4 Lean.Expr.withAppAux spec at Lean.Meta.transformWithCache.visit spec at Lean.Meta.Simp.dsimpImpl + 1788
50  libleanshared.dylib                 0x000000011291deb0 Lean.Meta.transformWithCache.visit [λ, private] spec at Lean.Meta.Simp.dsimpImpl + 3776
51  libleanshared.dylib                 0x000000011291e81c Lean.Meta.transformWithCache.visit [boxed, λ, private] spec at Lean.Meta.Simp.dsimpImpl + 80
52  libleanshared.dylib                 0x000000011370a120 <apply/9> + 1904
53  libleanshared.dylib                 0x00000001129179f8 Lean.Meta.withIncRecDepth [arity↓] spec at Lean.Meta.transformWithCache.visit spec at Lean.Meta.Simp.dsimpImpl + 976
54  libleanshared.dylib                 0x000000011291a368 Lean.Meta.transformWithCache.visit [private] spec at Lean.Meta.Simp.dsimpImpl + 596
55  libleanshared.dylib                 0x000000011291b740 WellFounded.opaqueFix₃ [λ, arity↓] spec at Lean.Meta.transformWithCache.visit spec at Lean.Meta.Simp.dsimpImpl + 52
56  libleanshared.dylib                 0x000000011291b9e8 WellFounded.opaqueFix₃ [boxed, λ, arity↓] spec at Lean.Meta.transformWithCache.visit spec at Lean.Meta.Simp.dsimpImpl + 112
57  libleanshared.dylib                 0x0000000113709208 <apply/8> + 4036
58  libleanshared.dylib                 0x000000011291bee4 WellFounded.opaqueFix₃ [arity↓] spec at Lean.Meta.transformWithCache.visit spec at Lean.Meta.Simp.dsimpImpl + 824
59  libleanshared.dylib                 0x000000011291cbd4 Lean.Expr.withAppAux spec at Lean.Meta.transformWithCache.visit spec at Lean.Meta.Simp.dsimpImpl + 1788
60  libleanshared.dylib                 0x000000011291deb0 Lean.Meta.transformWithCache.visit [λ, private] spec at Lean.Meta.Simp.dsimpImpl + 3776
61  libleanshared.dylib                 0x000000011291e81c Lean.Meta.transformWithCache.visit [boxed, λ, private] spec at Lean.Meta.Simp.dsimpImpl + 80
62  libleanshared.dylib                 0x000000011370a120 <apply/9> + 1904
63  libleanshared.dylib                 0x00000001129179f8 Lean.Meta.withIncRecDepth [arity↓] spec at Lean.Meta.transformWithCache.visit spec at Lean.Meta.Simp.dsimpImpl + 976
64  libleanshared.dylib                 0x000000011291a368 Lean.Meta.transformWithCache.visit [private] spec at Lean.Meta.Simp.dsimpImpl + 596
65  libleanshared.dylib                 0x000000011291b740 WellFounded.opaqueFix₃ [λ, arity↓] spec at Lean.Meta.transformWithCache.visit spec at Lean.Meta.Simp.dsimpImpl + 52
66  libleanshared.dylib                 0x000000011291b9e8 WellFounded.opaqueFix₃ [boxed, λ, arity↓] spec at Lean.Meta.transformWithCache.visit spec at Lean.Meta.Simp.dsimpImpl + 112
67  libleanshared.dylib                 0x0000000113709208 <apply/8> + 4036
68  libleanshared.dylib                 0x000000011291bee4 WellFounded.opaqueFix₃ [arity↓] spec at Lean.Meta.transformWithCache.visit spec at Lean.Meta.Simp.dsimpImpl + 824
69  libleanshared.dylib                 0x000000011291cbd4 Lean.Expr.withAppAux spec at Lean.Meta.transformWithCache.visit spec at Lean.Meta.Simp.dsimpImpl + 1788
70  libleanshared.dylib                 0x000000011291deb0 Lean.Meta.transformWithCache.visit [λ, private] spec at Lean.Meta.Simp.dsimpImpl + 3776
71  libleanshared.dylib                 0x000000011291e81c Lean.Meta.transformWithCache.visit [boxed, λ, private] spec at Lean.Meta.Simp.dsimpImpl + 80
72  libleanshared.dylib                 0x000000011370a120 <apply/9> + 1904
73  libleanshared.dylib                 0x00000001129179f8 Lean.Meta.withIncRecDepth [arity↓] spec at Lean.Meta.transformWithCache.visit spec at Lean.Meta.Simp.dsimpImpl + 976
74  libleanshared.dylib                 0x000000011291a368 Lean.Meta.transformWithCache.visit [private] spec at Lean.Meta.Simp.dsimpImpl + 596
75  libleanshared.dylib                 0x00000001128f2bac lean_dsimp + 1560
76  libleanshared.dylib                 0x000000011293cf38 Lean.Meta.Simp.dsimpMainCore [λ] + 192
77  libleanshared.dylib                 0x00000001137085e4 <apply/8> + 928
78  libleanshared.dylib                 0x0000000112a58f28 Lean.Meta.Simp.SimpM.run [λ, arity↓] + 1324
79  libleanshared.dylib                 0x00000001137037bc <apply/5> + 1696
80  libleanshared.dylib                 0x0000000112a57414 Lean.Meta.withTrackingZetaDeltaSet [arity↓] spec at Lean.Meta.Simp.SimpM.run + 760
81  libleanshared.dylib                 0x0000000112a59dc8 Lean.Meta.Simp.SimpM.run [arity↓] + 660
82  libleanshared.dylib                 0x000000011293d834 Lean.Meta.Simp.dsimpMainCore + 144
83  libleanshared.dylib                 0x000000011293dc94 Lean.Meta.Simp.dsimpMain + 288
84  libleanshared.dylib                 0x000000011293e0c8 Lean.Meta.Simp.dsimpMain [boxed] + 40
85  libleanshared.dylib                 0x00000001136fbb38 <apply/1> + 4684
86  libleanshared.dylib                 0x0000000113543684 Lean.profileitIOUnsafe [λ, arity↓] + 20
87  libleanshared.dylib                 0x00000001136fb588 <apply/1> + 3228
88  libleanshared.dylib                 0x00000001136fb588 <apply/1> + 3228
89  libleanshared.dylib                 0x00000001136d0c14 lean_profileit + 128
90  libleanshared.dylib                 0x000000011354388c Lean.profileitIOUnsafe [arity↓] + 156
91  libleanshared.dylib                 0x000000011294ddcc Lean.Meta.dsimpGoal [λ] + 2020
92  libleanshared.dylib                 0x000000011294f574 Lean.Meta.dsimpGoal [boxed, λ] + 44
93  libleanshared.dylib                 0x0000000113703cfc <apply/5> + 3040
94  libleanshared.dylib                 0x0000000112941f60 Lean.MVarId.withContext [arity↓] spec at Lean.Meta.simpTarget + 44
95  libleanshared.dylib                 0x0000000110551cb0 Lean.Elab.Tactic.dsimpLocation.go [λ, private] + 96
96  libleanshared.dylib                 0x0000000110552494 Lean.Elab.Tactic.dsimpLocation.go [boxed, λ, private] + 68
97  libleanshared.dylib                 0x000000011370a4dc <apply/9> + 2860
98  libleanshared.dylib                 0x0000000110547c60 Lean.Meta.withInstancesTypeCheckNote [boxed, λ, arity↓] spec at Lean.Elab.Tactic.simpLocation.go + 156
99  libleanshared.dylib                 0x00000001137037bc <apply/5> + 1696
PANIC at Lean.Expr.appArg! Lean.Expr:936:15: application expected
backtrace:
0   libleanshared.dylib                 0x00000001136f7ca4 _ZN4leanL15print_backtraceEb + 60
1   libleanshared.dylib                 0x00000001136ee914 _ZN4leanL15lean_panic_implEPKcmb + 176
2   libleanshared.dylib                 0x00000001136eea30 lean_panic_fn_borrowed + 64
3   libleanshared.dylib                 0x0000000112a01a2c WellFounded.opaqueFix₃ [arity↓] spec at Lean.Meta.Simp.SimprocEntry.try + 180
4   libleanshared.dylib                 0x0000000112a02994 Lean.Meta.Simp.SimprocEntry.tryD + 116
5   libleanshared.dylib                 0x0000000112a07628 Array.forIn'Unsafe.loop [private] spec at Lean.Meta.Simp.dsimprocCore + 820
6   libleanshared.dylib                 0x0000000112a09224 Lean.Meta.Simp.dsimprocCore + 1068
7   libleanshared.dylib                 0x0000000112a0c7bc Array.forIn'Unsafe.loop [private] spec at Lean.Meta.Simp.dsimprocArrayCore + 412
8   libleanshared.dylib                 0x0000000112a0d054 Lean.Meta.Simp.dsimprocArrayCore + 184
9   libleanshared.dylib                 0x0000000112a0e490 Lean.Meta.Simp.userPostDSimprocs + 120
10  libleanshared.dylib                 0x000000011297f0f4 Lean.Meta.Simp.dpostDefault [boxed] + 68
11  libleanshared.dylib                 0x0000000113709bb8 <apply/9> + 520
12  libleanshared.dylib                 0x0000000112915238 Lean.Meta.Simp.dsimpImpl [λ, private] + 280
13  libleanshared.dylib                 0x0000000113709bb8 <apply/9> + 520
14  libleanshared.dylib                 0x0000000112919998 Lean.Meta.transformWithCache.visit.visitPost [private] spec at Lean.Meta.transformWithCache.visit spec at Lean.Meta.Simp.dsimpImpl + 312
15  libleanshared.dylib                 0x000000011291deb0 Lean.Meta.transformWithCache.visit [λ, private] spec at Lean.Meta.Simp.dsimpImpl + 3776
16  libleanshared.dylib                 0x000000011291e81c Lean.Meta.transformWithCache.visit [boxed, λ, private] spec at Lean.Meta.Simp.dsimpImpl + 80
17  libleanshared.dylib                 0x000000011370a120 <apply/9> + 1904
18  libleanshared.dylib                 0x00000001129179f8 Lean.Meta.withIncRecDepth [arity↓] spec at Lean.Meta.transformWithCache.visit spec at Lean.Meta.Simp.dsimpImpl + 976
19  libleanshared.dylib                 0x000000011291a368 Lean.Meta.transformWithCache.visit [private] spec at Lean.Meta.Simp.dsimpImpl + 596
20  libleanshared.dylib                 0x000000011291deb0 Lean.Meta.transformWithCache.visit [λ, private] spec at Lean.Meta.Simp.dsimpImpl + 3776
21  libleanshared.dylib                 0x000000011291e81c Lean.Meta.transformWithCache.visit [boxed, λ, private] spec at Lean.Meta.Simp.dsimpImpl + 80
22  libleanshared.dylib                 0x000000011370a120 <apply/9> + 1904
23  libleanshared.dylib                 0x00000001129179f8 Lean.Meta.withIncRecDepth [arity↓] spec at Lean.Meta.transformWithCache.visit spec at Lean.Meta.Simp.dsimpImpl + 976
24  libleanshared.dylib                 0x000000011291a368 Lean.Meta.transformWithCache.visit [private] spec at Lean.Meta.Simp.dsimpImpl + 596
25  libleanshared.dylib                 0x000000011291b740 WellFounded.opaqueFix₃ [λ, arity↓] spec at Lean.Meta.transformWithCache.visit spec at Lean.Meta.Simp.dsimpImpl + 52
26  libleanshared.dylib                 0x000000011291b9e8 WellFounded.opaqueFix₃ [boxed, λ, arity↓] spec at Lean.Meta.transformWithCache.visit spec at Lean.Meta.Simp.dsimpImpl + 112
27  libleanshared.dylib                 0x0000000113709208 <apply/8> + 4036
28  libleanshared.dylib                 0x000000011291bee4 WellFounded.opaqueFix₃ [arity↓] spec at Lean.Meta.transformWithCache.visit spec at Lean.Meta.Simp.dsimpImpl + 824
29  libleanshared.dylib                 0x000000011291cbd4 Lean.Expr.withAppAux spec at Lean.Meta.transformWithCache.visit spec at Lean.Meta.Simp.dsimpImpl + 1788
30  libleanshared.dylib                 0x000000011291deb0 Lean.Meta.transformWithCache.visit [λ, private] spec at Lean.Meta.Simp.dsimpImpl + 3776
31  libleanshared.dylib                 0x000000011291e81c Lean.Meta.transformWithCache.visit [boxed, λ, private] spec at Lean.Meta.Simp.dsimpImpl + 80
32  libleanshared.dylib                 0x000000011370a120 <apply/9> + 1904
33  libleanshared.dylib                 0x00000001129179f8 Lean.Meta.withIncRecDepth [arity↓] spec at Lean.Meta.transformWithCache.visit spec at Lean.Meta.Simp.dsimpImpl + 976
34  libleanshared.dylib                 0x000000011291a368 Lean.Meta.transformWithCache.visit [private] spec at Lean.Meta.Simp.dsimpImpl + 596
35  libleanshared.dylib                 0x000000011291b740 WellFounded.opaqueFix₃ [λ, arity↓] spec at Lean.Meta.transformWithCache.visit spec at Lean.Meta.Simp.dsimpImpl + 52
36  libleanshared.dylib                 0x000000011291b9e8 WellFounded.opaqueFix₃ [boxed, λ, arity↓] spec at Lean.Meta.transformWithCache.visit spec at Lean.Meta.Simp.dsimpImpl + 112
37  libleanshared.dylib                 0x0000000113709208 <apply/8> + 4036
38  libleanshared.dylib                 0x000000011291bee4 WellFounded.opaqueFix₃ [arity↓] spec at Lean.Meta.transformWithCache.visit spec at Lean.Meta.Simp.dsimpImpl + 824
39  libleanshared.dylib                 0x000000011291cbd4 Lean.Expr.withAppAux spec at Lean.Meta.transformWithCache.visit spec at Lean.Meta.Simp.dsimpImpl + 1788
40  libleanshared.dylib                 0x000000011291deb0 Lean.Meta.transformWithCache.visit [λ, private] spec at Lean.Meta.Simp.dsimpImpl + 3776
41  libleanshared.dylib                 0x000000011291e81c Lean.Meta.transformWithCache.visit [boxed, λ, private] spec at Lean.Meta.Simp.dsimpImpl + 80
42  libleanshared.dylib                 0x000000011370a120 <apply/9> + 1904
43  libleanshared.dylib                 0x00000001129179f8 Lean.Meta.withIncRecDepth [arity↓] spec at Lean.Meta.transformWithCache.visit spec at Lean.Meta.Simp.dsimpImpl + 976
44  libleanshared.dylib                 0x000000011291a368 Lean.Meta.transformWithCache.visit [private] spec at Lean.Meta.Simp.dsimpImpl + 596
45  libleanshared.dylib                 0x000000011291b740 WellFounded.opaqueFix₃ [λ, arity↓] spec at Lean.Meta.transformWithCache.visit spec at Lean.Meta.Simp.dsimpImpl + 52
46  libleanshared.dylib                 0x000000011291b9e8 WellFounded.opaqueFix₃ [boxed, λ, arity↓] spec at Lean.Meta.transformWithCache.visit spec at Lean.Meta.Simp.dsimpImpl + 112
47  libleanshared.dylib                 0x0000000113709208 <apply/8> + 4036
48  libleanshared.dylib                 0x000000011291bee4 WellFounded.opaqueFix₃ [arity↓] spec at Lean.Meta.transformWithCache.visit spec at Lean.Meta.Simp.dsimpImpl + 824
49  libleanshared.dylib                 0x000000011291cbd4 Lean.Expr.withAppAux spec at Lean.Meta.transformWithCache.visit spec at Lean.Meta.Simp.dsimpImpl + 1788
50  libleanshared.dylib                 0x000000011291deb0 Lean.Meta.transformWithCache.visit [λ, private] spec at Lean.Meta.Simp.dsimpImpl + 3776
51  libleanshared.dylib                 0x000000011291e81c Lean.Meta.transformWithCache.visit [boxed, λ, private] spec at Lean.Meta.Simp.dsimpImpl + 80
52  libleanshared.dylib                 0x000000011370a120 <apply/9> + 1904
53  libleanshared.dylib                 0x00000001129179f8 Lean.Meta.withIncRecDepth [arity↓] spec at Lean.Meta.transformWithCache.visit spec at Lean.Meta.Simp.dsimpImpl + 976
54  libleanshared.dylib                 0x000000011291a368 Lean.Meta.transformWithCache.visit [private] spec at Lean.Meta.Simp.dsimpImpl + 596
55  libleanshared.dylib                 0x000000011291b740 WellFounded.opaqueFix₃ [λ, arity↓] spec at Lean.Meta.transformWithCache.visit spec at Lean.Meta.Simp.dsimpImpl + 52
56  libleanshared.dylib                 0x000000011291b9e8 WellFounded.opaqueFix₃ [boxed, λ, arity↓] spec at Lean.Meta.transformWithCache.visit spec at Lean.Meta.Simp.dsimpImpl + 112
57  libleanshared.dylib                 0x0000000113709208 <apply/8> + 4036
58  libleanshared.dylib                 0x000000011291bee4 WellFounded.opaqueFix₃ [arity↓] spec at Lean.Meta.transformWithCache.visit spec at Lean.Meta.Simp.dsimpImpl + 824
59  libleanshared.dylib                 0x000000011291cbd4 Lean.Expr.withAppAux spec at Lean.Meta.transformWithCache.visit spec at Lean.Meta.Simp.dsimpImpl + 1788
60  libleanshared.dylib                 0x000000011291deb0 Lean.Meta.transformWithCache.visit [λ, private] spec at Lean.Meta.Simp.dsimpImpl + 3776
61  libleanshared.dylib                 0x000000011291e81c Lean.Meta.transformWithCache.visit [boxed, λ, private] spec at Lean.Meta.Simp.dsimpImpl + 80
62  libleanshared.dylib                 0x000000011370a120 <apply/9> + 1904
63  libleanshared.dylib                 0x00000001129179f8 Lean.Meta.withIncRecDepth [arity↓] spec at Lean.Meta.transformWithCache.visit spec at Lean.Meta.Simp.dsimpImpl + 976
64  libleanshared.dylib                 0x000000011291a368 Lean.Meta.transformWithCache.visit [private] spec at Lean.Meta.Simp.dsimpImpl + 596
65  libleanshared.dylib                 0x000000011291b740 WellFounded.opaqueFix₃ [λ, arity↓] spec at Lean.Meta.transformWithCache.visit spec at Lean.Meta.Simp.dsimpImpl + 52
66  libleanshared.dylib                 0x000000011291b9e8 WellFounded.opaqueFix₃ [boxed, λ, arity↓] spec at Lean.Meta.transformWithCache.visit spec at Lean.Meta.Simp.dsimpImpl + 112
67  libleanshared.dylib                 0x0000000113709208 <apply/8> + 4036
68  libleanshared.dylib                 0x000000011291bee4 WellFounded.opaqueFix₃ [arity↓] spec at Lean.Meta.transformWithCache.visit spec at Lean.Meta.Simp.dsimpImpl + 824
69  libleanshared.dylib                 0x000000011291cbd4 Lean.Expr.withAppAux spec at Lean.Meta.transformWithCache.visit spec at Lean.Meta.Simp.dsimpImpl + 1788
70  libleanshared.dylib                 0x000000011291deb0 Lean.Meta.transformWithCache.visit [λ, private] spec at Lean.Meta.Simp.dsimpImpl + 3776
71  libleanshared.dylib                 0x000000011291e81c Lean.Meta.transformWithCache.visit [boxed, λ, private] spec at Lean.Meta.Simp.dsimpImpl + 80
72  libleanshared.dylib                 0x000000011370a120 <apply/9> + 1904
73  libleanshared.dylib                 0x00000001129179f8 Lean.Meta.withIncRecDepth [arity↓] spec at Lean.Meta.transformWithCache.visit spec at Lean.Meta.Simp.dsimpImpl + 976
74  libleanshared.dylib                 0x000000011291a368 Lean.Meta.transformWithCache.visit [private] spec at Lean.Meta.Simp.dsimpImpl + 596
75  libleanshared.dylib                 0x00000001128f2bac lean_dsimp + 1560
76  libleanshared.dylib                 0x000000011293cf38 Lean.Meta.Simp.dsimpMainCore [λ] + 192
77  libleanshared.dylib                 0x00000001137085e4 <apply/8> + 928
78  libleanshared.dylib                 0x0000000112a58f28 Lean.Meta.Simp.SimpM.run [λ, arity↓] + 1324
79  libleanshared.dylib                 0x00000001137037bc <apply/5> + 1696
80  libleanshared.dylib                 0x0000000112a57414 Lean.Meta.withTrackingZetaDeltaSet [arity↓] spec at Lean.Meta.Simp.SimpM.run + 760
81  libleanshared.dylib                 0x0000000112a59dc8 Lean.Meta.Simp.SimpM.run [arity↓] + 660
82  libleanshared.dylib                 0x000000011293d834 Lean.Meta.Simp.dsimpMainCore + 144
83  libleanshared.dylib                 0x000000011293dc94 Lean.Meta.Simp.dsimpMain + 288
84  libleanshared.dylib                 0x000000011293e0c8 Lean.Meta.Simp.dsimpMain [boxed] + 40
85  libleanshared.dylib                 0x00000001136fbb38 <apply/1> + 4684
86  libleanshared.dylib                 0x0000000113543684 Lean.profileitIOUnsafe [λ, arity↓] + 20
87  libleanshared.dylib                 0x00000001136fb588 <apply/1> + 3228
88  libleanshared.dylib                 0x00000001136fb588 <apply/1> + 3228
89  libleanshared.dylib                 0x00000001136d0c14 lean_profileit + 128
90  libleanshared.dylib                 0x000000011354388c Lean.profileitIOUnsafe [arity↓] + 156
91  libleanshared.dylib                 0x000000011294ddcc Lean.Meta.dsimpGoal [λ] + 2020
92  libleanshared.dylib                 0x000000011294f574 Lean.Meta.dsimpGoal [boxed, λ] + 44
93  libleanshared.dylib                 0x0000000113703cfc <apply/5> + 3040
94  libleanshared.dylib                 0x0000000112941f60 Lean.MVarId.withContext [arity↓] spec at Lean.Meta.simpTarget + 44
95  libleanshared.dylib                 0x0000000110551cb0 Lean.Elab.Tactic.dsimpLocation.go [λ, private] + 96
96  libleanshared.dylib                 0x0000000110552494 Lean.Elab.Tactic.dsimpLocation.go [boxed, λ, private] + 68
97  libleanshared.dylib                 0x000000011370a4dc <apply/9> + 2860
98  libleanshared.dylib                 0x0000000110547c60 Lean.Meta.withInstancesTypeCheckNote [boxed, λ, arity↓] spec at Lean.Elab.Tactic.simpLocation.go + 156
99  libleanshared.dylib                 0x00000001137037bc <apply/5> + 1696
PANIC at Lean.Expr.appFn! Lean.Expr:932:15: application expected
backtrace:
0   libleanshared.dylib                 0x00000001136f7ca4 _ZN4leanL15print_backtraceEb + 60
1   libleanshared.dylib                 0x00000001136ee914 _ZN4leanL15lean_panic_implEPKcmb + 176
2   libleanshared.dylib                 0x00000001136eea30 lean_panic_fn_borrowed + 64
3   libleanshared.dylib                 0x0000000112a01a44 WellFounded.opaqueFix₃ [arity↓] spec at Lean.Meta.Simp.SimprocEntry.try + 204
4   libleanshared.dylib                 0x0000000112a02994 Lean.Meta.Simp.SimprocEntry.tryD + 116
5   libleanshared.dylib                 0x0000000112a07628 Array.forIn'Unsafe.loop [private] spec at Lean.Meta.Simp.dsimprocCore + 820
6   libleanshared.dylib                 0x0000000112a09224 Lean.Meta.Simp.dsimprocCore + 1068
7   libleanshared.dylib                 0x0000000112a0c7bc Array.forIn'Unsafe.loop [private] spec at Lean.Meta.Simp.dsimprocArrayCore + 412
8   libleanshared.dylib                 0x0000000112a0d054 Lean.Meta.Simp.dsimprocArrayCore + 184
9   libleanshared.dylib                 0x0000000112a0e490 Lean.Meta.Simp.userPostDSimprocs + 120
10  libleanshared.dylib                 0x000000011297f0f4 Lean.Meta.Simp.dpostDefault [boxed] + 68
11  libleanshared.dylib                 0x0000000113709bb8 <apply/9> + 520
12  libleanshared.dylib                 0x0000000112915238 Lean.Meta.Simp.dsimpImpl [λ, private] + 280
13  libleanshared.dylib                 0x0000000113709bb8 <apply/9> + 520
14  libleanshared.dylib                 0x0000000112919998 Lean.Meta.transformWithCache.visit.visitPost [private] spec at Lean.Meta.transformWithCache.visit spec at Lean.Meta.Simp.dsimpImpl + 312
15  libleanshared.dylib                 0x000000011291deb0 Lean.Meta.transformWithCache.visit [λ, private] spec at Lean.Meta.Simp.dsimpImpl + 3776
16  libleanshared.dylib                 0x000000011291e81c Lean.Meta.transformWithCache.visit [boxed, λ, private] spec at Lean.Meta.Simp.dsimpImpl + 80
17  libleanshared.dylib                 0x000000011370a120 <apply/9> + 1904
18  libleanshared.dylib                 0x00000001129179f8 Lean.Meta.withIncRecDepth [arity↓] spec at Lean.Meta.transformWithCache.visit spec at Lean.Meta.Simp.dsimpImpl + 976
19  libleanshared.dylib                 0x000000011291a368 Lean.Meta.transformWithCache.visit [private] spec at Lean.Meta.Simp.dsimpImpl + 596
20  libleanshared.dylib                 0x000000011291deb0 Lean.Meta.transformWithCache.visit [λ, private] spec at Lean.Meta.Simp.dsimpImpl + 3776
21  libleanshared.dylib                 0x000000011291e81c Lean.Meta.transformWithCache.visit [boxed, λ, private] spec at Lean.Meta.Simp.dsimpImpl + 80
22  libleanshared.dylib                 0x000000011370a120 <apply/9> + 1904
23  libleanshared.dylib                 0x00000001129179f8 Lean.Meta.withIncRecDepth [arity↓] spec at Lean.Meta.transformWithCache.visit spec at Lean.Meta.Simp.dsimpImpl + 976
24  libleanshared.dylib                 0x000000011291a368 Lean.Meta.transformWithCache.visit [private] spec at Lean.Meta.Simp.dsimpImpl + 596
25  libleanshared.dylib                 0x000000011291b740 WellFounded.opaqueFix₃ [λ, arity↓] spec at Lean.Meta.transformWithCache.visit spec at Lean.Meta.Simp.dsimpImpl + 52
26  libleanshared.dylib                 0x000000011291b9e8 WellFounded.opaqueFix₃ [boxed, λ, arity↓] spec at Lean.Meta.transformWithCache.visit spec at Lean.Meta.Simp.dsimpImpl + 112
27  libleanshared.dylib                 0x0000000113709208 <apply/8> + 4036
28  libleanshared.dylib                 0x000000011291bee4 WellFounded.opaqueFix₃ [arity↓] spec at Lean.Meta.transformWithCache.visit spec at Lean.Meta.Simp.dsimpImpl + 824
29  libleanshared.dylib                 0x000000011291cbd4 Lean.Expr.withAppAux spec at Lean.Meta.transformWithCache.visit spec at Lean.Meta.Simp.dsimpImpl + 1788
30  libleanshared.dylib                 0x000000011291deb0 Lean.Meta.transformWithCache.visit [λ, private] spec at Lean.Meta.Simp.dsimpImpl + 3776
31  libleanshared.dylib                 0x000000011291e81c Lean.Meta.transformWithCache.visit [boxed, λ, private] spec at Lean.Meta.Simp.dsimpImpl + 80
32  libleanshared.dylib                 0x000000011370a120 <apply/9> + 1904
33  libleanshared.dylib                 0x00000001129179f8 Lean.Meta.withIncRecDepth [arity↓] spec at Lean.Meta.transformWithCache.visit spec at Lean.Meta.Simp.dsimpImpl + 976
34  libleanshared.dylib                 0x000000011291a368 Lean.Meta.transformWithCache.visit [private] spec at Lean.Meta.Simp.dsimpImpl + 596
35  libleanshared.dylib                 0x000000011291b740 WellFounded.opaqueFix₃ [λ, arity↓] spec at Lean.Meta.transformWithCache.visit spec at Lean.Meta.Simp.dsimpImpl + 52
36  libleanshared.dylib                 0x000000011291b9e8 WellFounded.opaqueFix₃ [boxed, λ, arity↓] spec at Lean.Meta.transformWithCache.visit spec at Lean.Meta.Simp.dsimpImpl + 112
37  libleanshared.dylib                 0x0000000113709208 <apply/8> + 4036
38  libleanshared.dylib                 0x000000011291bee4 WellFounded.opaqueFix₃ [arity↓] spec at Lean.Meta.transformWithCache.visit spec at Lean.Meta.Simp.dsimpImpl + 824
39  libleanshared.dylib                 0x000000011291cbd4 Lean.Expr.withAppAux spec at Lean.Meta.transformWithCache.visit spec at Lean.Meta.Simp.dsimpImpl + 1788
40  libleanshared.dylib                 0x000000011291deb0 Lean.Meta.transformWithCache.visit [λ, private] spec at Lean.Meta.Simp.dsimpImpl + 3776
41  libleanshared.dylib                 0x000000011291e81c Lean.Meta.transformWithCache.visit [boxed, λ, private] spec at Lean.Meta.Simp.dsimpImpl + 80
42  libleanshared.dylib                 0x000000011370a120 <apply/9> + 1904
43  libleanshared.dylib                 0x00000001129179f8 Lean.Meta.withIncRecDepth [arity↓] spec at Lean.Meta.transformWithCache.visit spec at Lean.Meta.Simp.dsimpImpl + 976
44  libleanshared.dylib                 0x000000011291a368 Lean.Meta.transformWithCache.visit [private] spec at Lean.Meta.Simp.dsimpImpl + 596
45  libleanshared.dylib                 0x000000011291b740 WellFounded.opaqueFix₃ [λ, arity↓] spec at Lean.Meta.transformWithCache.visit spec at Lean.Meta.Simp.dsimpImpl + 52
46  libleanshared.dylib                 0x000000011291b9e8 WellFounded.opaqueFix₃ [boxed, λ, arity↓] spec at Lean.Meta.transformWithCache.visit spec at Lean.Meta.Simp.dsimpImpl + 112
47  libleanshared.dylib                 0x0000000113709208 <apply/8> + 4036
48  libleanshared.dylib                 0x000000011291bee4 WellFounded.opaqueFix₃ [arity↓] spec at Lean.Meta.transformWithCache.visit spec at Lean.Meta.Simp.dsimpImpl + 824
49  libleanshared.dylib                 0x000000011291cbd4 Lean.Expr.withAppAux spec at Lean.Meta.transformWithCache.visit spec at Lean.Meta.Simp.dsimpImpl + 1788
50  libleanshared.dylib                 0x000000011291deb0 Lean.Meta.transformWithCache.visit [λ, private] spec at Lean.Meta.Simp.dsimpImpl + 3776
51  libleanshared.dylib                 0x000000011291e81c Lean.Meta.transformWithCache.visit [boxed, λ, private] spec at Lean.Meta.Simp.dsimpImpl + 80
52  libleanshared.dylib                 0x000000011370a120 <apply/9> + 1904
53  libleanshared.dylib                 0x00000001129179f8 Lean.Meta.withIncRecDepth [arity↓] spec at Lean.Meta.transformWithCache.visit spec at Lean.Meta.Simp.dsimpImpl + 976
54  libleanshared.dylib                 0x000000011291a368 Lean.Meta.transformWithCache.visit [private] spec at Lean.Meta.Simp.dsimpImpl + 596
55  libleanshared.dylib                 0x000000011291b740 WellFounded.opaqueFix₃ [λ, arity↓] spec at Lean.Meta.transformWithCache.visit spec at Lean.Meta.Simp.dsimpImpl + 52
56  libleanshared.dylib                 0x000000011291b9e8 WellFounded.opaqueFix₃ [boxed, λ, arity↓] spec at Lean.Meta.transformWithCache.visit spec at Lean.Meta.Simp.dsimpImpl + 112
57  libleanshared.dylib                 0x0000000113709208 <apply/8> + 4036
58  libleanshared.dylib                 0x000000011291bee4 WellFounded.opaqueFix₃ [arity↓] spec at Lean.Meta.transformWithCache.visit spec at Lean.Meta.Simp.dsimpImpl + 824
59  libleanshared.dylib                 0x000000011291cbd4 Lean.Expr.withAppAux spec at Lean.Meta.transformWithCache.visit spec at Lean.Meta.Simp.dsimpImpl + 1788
60  libleanshared.dylib                 0x000000011291deb0 Lean.Meta.transformWithCache.visit [λ, private] spec at Lean.Meta.Simp.dsimpImpl + 3776
61  libleanshared.dylib                 0x000000011291e81c Lean.Meta.transformWithCache.visit [boxed, λ, private] spec at Lean.Meta.Simp.dsimpImpl + 80
62  libleanshared.dylib                 0x000000011370a120 <apply/9> + 1904
63  libleanshared.dylib                 0x00000001129179f8 Lean.Meta.withIncRecDepth [arity↓] spec at Lean.Meta.transformWithCache.visit spec at Lean.Meta.Simp.dsimpImpl + 976
64  libleanshared.dylib                 0x000000011291a368 Lean.Meta.transformWithCache.visit [private] spec at Lean.Meta.Simp.dsimpImpl + 596
65  libleanshared.dylib                 0x000000011291b740 WellFounded.opaqueFix₃ [λ, arity↓] spec at Lean.Meta.transformWithCache.visit spec at Lean.Meta.Simp.dsimpImpl + 52
66  libleanshared.dylib                 0x000000011291b9e8 WellFounded.opaqueFix₃ [boxed, λ, arity↓] spec at Lean.Meta.transformWithCache.visit spec at Lean.Meta.Simp.dsimpImpl + 112
67  libleanshared.dylib                 0x0000000113709208 <apply/8> + 4036
68  libleanshared.dylib                 0x000000011291bee4 WellFounded.opaqueFix₃ [arity↓] spec at Lean.Meta.transformWithCache.visit spec at Lean.Meta.Simp.dsimpImpl + 824
69  libleanshared.dylib                 0x000000011291cbd4 Lean.Expr.withAppAux spec at Lean.Meta.transformWithCache.visit spec at Lean.Meta.Simp.dsimpImpl + 1788
70  libleanshared.dylib                 0x000000011291deb0 Lean.Meta.transformWithCache.visit [λ, private] spec at Lean.Meta.Simp.dsimpImpl + 3776
71  libleanshared.dylib                 0x000000011291e81c Lean.Meta.transformWithCache.visit [boxed, λ, private] spec at Lean.Meta.Simp.dsimpImpl + 80
72  libleanshared.dylib                 0x000000011370a120 <apply/9> + 1904
73  libleanshared.dylib                 0x00000001129179f8 Lean.Meta.withIncRecDepth [arity↓] spec at Lean.Meta.transformWithCache.visit spec at Lean.Meta.Simp.dsimpImpl + 976
74  libleanshared.dylib                 0x000000011291a368 Lean.Meta.transformWithCache.visit [private] spec at Lean.Meta.Simp.dsimpImpl + 596
75  libleanshared.dylib                 0x00000001128f2bac lean_dsimp + 1560
76  libleanshared.dylib                 0x000000011293cf38 Lean.Meta.Simp.dsimpMainCore [λ] + 192
77  libleanshared.dylib                 0x00000001137085e4 <apply/8> + 928
78  libleanshared.dylib                 0x0000000112a58f28 Lean.Meta.Simp.SimpM.run [λ, arity↓] + 1324
79  libleanshared.dylib                 0x00000001137037bc <apply/5> + 1696
80  libleanshared.dylib                 0x0000000112a57414 Lean.Meta.withTrackingZetaDeltaSet [arity↓] spec at Lean.Meta.Simp.SimpM.run + 760
81  libleanshared.dylib                 0x0000000112a59dc8 Lean.Meta.Simp.SimpM.run [arity↓] + 660
82  libleanshared.dylib                 0x000000011293d834 Lean.Meta.Simp.dsimpMainCore + 144
83  libleanshared.dylib                 0x000000011293dc94 Lean.Meta.Simp.dsimpMain + 288
84  libleanshared.dylib                 0x000000011293e0c8 Lean.Meta.Simp.dsimpMain [boxed] + 40
85  libleanshared.dylib                 0x00000001136fbb38 <apply/1> + 4684
86  libleanshared.dylib                 0x0000000113543684 Lean.profileitIOUnsafe [λ, arity↓] + 20
87  libleanshared.dylib                 0x00000001136fb588 <apply/1> + 3228
88  libleanshared.dylib                 0x00000001136fb588 <apply/1> + 3228
89  libleanshared.dylib                 0x00000001136d0c14 lean_profileit + 128
90  libleanshared.dylib                 0x000000011354388c Lean.profileitIOUnsafe [arity↓] + 156
91  libleanshared.dylib                 0x000000011294ddcc Lean.Meta.dsimpGoal [λ] + 2020
92  libleanshared.dylib                 0x000000011294f574 Lean.Meta.dsimpGoal [boxed, λ] + 44
93  libleanshared.dylib                 0x0000000113703cfc <apply/5> + 3040
94  libleanshared.dylib                 0x0000000112941f60 Lean.MVarId.withContext [arity↓] spec at Lean.Meta.simpTarget + 44
95  libleanshared.dylib                 0x0000000110551cb0 Lean.Elab.Tactic.dsimpLocation.go [λ, private] + 96
96  libleanshared.dylib                 0x0000000110552494 Lean.Elab.Tactic.dsimpLocation.go [boxed, λ, private] + 68
97  libleanshared.dylib                 0x000000011370a4dc <apply/9> + 2860
98  libleanshared.dylib                 0x0000000110547c60 Lean.Meta.withInstancesTypeCheckNote [boxed, λ, arity↓] spec at Lean.Elab.Tactic.simpLocation.go + 156
99  libleanshared.dylib                 0x00000001137037bc <apply/5> + 1696
PANIC at Lean.Expr.appArg! Lean.Expr:936:15: application expected
backtrace:
0   libleanshared.dylib                 0x00000001136f7ca4 _ZN4leanL15print_backtraceEb + 60
1   libleanshared.dylib                 0x00000001136ee914 _ZN4leanL15lean_panic_implEPKcmb + 176
2   libleanshared.dylib                 0x00000001136eea30 lean_panic_fn_borrowed + 64
3   libleanshared.dylib                 0x0000000112a01a2c WellFounded.opaqueFix₃ [arity↓] spec at Lean.Meta.Simp.SimprocEntry.try + 180
4   libleanshared.dylib                 0x0000000112a02994 Lean.Meta.Simp.SimprocEntry.tryD + 116
5   libleanshared.dylib                 0x0000000112a07628 Array.forIn'Unsafe.loop [private] spec at Lean.Meta.Simp.dsimprocCore + 820
6   libleanshared.dylib                 0x0000000112a09224 Lean.Meta.Simp.dsimprocCore + 1068
7   libleanshared.dylib                 0x0000000112a0c7bc Array.forIn'Unsafe.loop [private] spec at Lean.Meta.Simp.dsimprocArrayCore + 412
8   libleanshared.dylib                 0x0000000112a0d054 Lean.Meta.Simp.dsimprocArrayCore + 184
9   libleanshared.dylib                 0x0000000112a0e490 Lean.Meta.Simp.userPostDSimprocs + 120
10  libleanshared.dylib                 0x000000011297f0f4 Lean.Meta.Simp.dpostDefault [boxed] + 68
11  libleanshared.dylib                 0x0000000113709bb8 <apply/9> + 520
12  libleanshared.dylib                 0x0000000112915238 Lean.Meta.Simp.dsimpImpl [λ, private] + 280
13  libleanshared.dylib                 0x0000000113709bb8 <apply/9> + 520
14  libleanshared.dylib                 0x0000000112919998 Lean.Meta.transformWithCache.visit.visitPost [private] spec at Lean.Meta.transformWithCache.visit spec at Lean.Meta.Simp.dsimpImpl + 312
15  libleanshared.dylib                 0x000000011291deb0 Lean.Meta.transformWithCache.visit [λ, private] spec at Lean.Meta.Simp.dsimpImpl + 3776
16  libleanshared.dylib                 0x000000011291e81c Lean.Meta.transformWithCache.visit [boxed, λ, private] spec at Lean.Meta.Simp.dsimpImpl + 80
17  libleanshared.dylib                 0x000000011370a120 <apply/9> + 1904
18  libleanshared.dylib                 0x00000001129179f8 Lean.Meta.withIncRecDepth [arity↓] spec at Lean.Meta.transformWithCache.visit spec at Lean.Meta.Simp.dsimpImpl + 976
19  libleanshared.dylib                 0x000000011291a368 Lean.Meta.transformWithCache.visit [private] spec at Lean.Meta.Simp.dsimpImpl + 596
20  libleanshared.dylib                 0x000000011291deb0 Lean.Meta.transformWithCache.visit [λ, private] spec at Lean.Meta.Simp.dsimpImpl + 3776
21  libleanshared.dylib                 0x000000011291e81c Lean.Meta.transformWithCache.visit [boxed, λ, private] spec at Lean.Meta.Simp.dsimpImpl + 80
22  libleanshared.dylib                 0x000000011370a120 <apply/9> + 1904
23  libleanshared.dylib                 0x00000001129179f8 Lean.Meta.withIncRecDepth [arity↓] spec at Lean.Meta.transformWithCache.visit spec at Lean.Meta.Simp.dsimpImpl + 976
24  libleanshared.dylib                 0x000000011291a368 Lean.Meta.transformWithCache.visit [private] spec at Lean.Meta.Simp.dsimpImpl + 596
25  libleanshared.dylib                 0x000000011291b740 WellFounded.opaqueFix₃ [λ, arity↓] spec at Lean.Meta.transformWithCache.visit spec at Lean.Meta.Simp.dsimpImpl + 52
26  libleanshared.dylib                 0x000000011291b9e8 WellFounded.opaqueFix₃ [boxed, λ, arity↓] spec at Lean.Meta.transformWithCache.visit spec at Lean.Meta.Simp.dsimpImpl + 112
27  libleanshared.dylib                 0x0000000113709208 <apply/8> + 4036
28  libleanshared.dylib                 0x000000011291bee4 WellFounded.opaqueFix₃ [arity↓] spec at Lean.Meta.transformWithCache.visit spec at Lean.Meta.Simp.dsimpImpl + 824
29  libleanshared.dylib                 0x000000011291cbd4 Lean.Expr.withAppAux spec at Lean.Meta.transformWithCache.visit spec at Lean.Meta.Simp.dsimpImpl + 1788
30  libleanshared.dylib                 0x000000011291deb0 Lean.Meta.transformWithCache.visit [λ, private] spec at Lean.Meta.Simp.dsimpImpl + 3776
31  libleanshared.dylib                 0x000000011291e81c Lean.Meta.transformWithCache.visit [boxed, λ, private] spec at Lean.Meta.Simp.dsimpImpl + 80
32  libleanshared.dylib                 0x000000011370a120 <apply/9> + 1904
33  libleanshared.dylib                 0x00000001129179f8 Lean.Meta.withIncRecDepth [arity↓] spec at Lean.Meta.transformWithCache.visit spec at Lean.Meta.Simp.dsimpImpl + 976
34  libleanshared.dylib                 0x000000011291a368 Lean.Meta.transformWithCache.visit [private] spec at Lean.Meta.Simp.dsimpImpl + 596
35  libleanshared.dylib                 0x000000011291b740 WellFounded.opaqueFix₃ [λ, arity↓] spec at Lean.Meta.transformWithCache.visit spec at Lean.Meta.Simp.dsimpImpl + 52
36  libleanshared.dylib                 0x000000011291b9e8 WellFounded.opaqueFix₃ [boxed, λ, arity↓] spec at Lean.Meta.transformWithCache.visit spec at Lean.Meta.Simp.dsimpImpl + 112
37  libleanshared.dylib                 0x0000000113709208 <apply/8> + 4036
38  libleanshared.dylib                 0x000000011291bee4 WellFounded.opaqueFix₃ [arity↓] spec at Lean.Meta.transformWithCache.visit spec at Lean.Meta.Simp.dsimpImpl + 824
39  libleanshared.dylib                 0x000000011291cbd4 Lean.Expr.withAppAux spec at Lean.Meta.transformWithCache.visit spec at Lean.Meta.Simp.dsimpImpl + 1788
40  libleanshared.dylib                 0x000000011291deb0 Lean.Meta.transformWithCache.visit [λ, private] spec at Lean.Meta.Simp.dsimpImpl + 3776
41  libleanshared.dylib                 0x000000011291e81c Lean.Meta.transformWithCache.visit [boxed, λ, private] spec at Lean.Meta.Simp.dsimpImpl + 80
42  libleanshared.dylib                 0x000000011370a120 <apply/9> + 1904
43  libleanshared.dylib                 0x00000001129179f8 Lean.Meta.withIncRecDepth [arity↓] spec at Lean.Meta.transformWithCache.visit spec at Lean.Meta.Simp.dsimpImpl + 976
44  libleanshared.dylib                 0x000000011291a368 Lean.Meta.transformWithCache.visit [private] spec at Lean.Meta.Simp.dsimpImpl + 596
45  libleanshared.dylib                 0x000000011291b740 WellFounded.opaqueFix₃ [λ, arity↓] spec at Lean.Meta.transformWithCache.visit spec at Lean.Meta.Simp.dsimpImpl + 52
46  libleanshared.dylib                 0x000000011291b9e8 WellFounded.opaqueFix₃ [boxed, λ, arity↓] spec at Lean.Meta.transformWithCache.visit spec at Lean.Meta.Simp.dsimpImpl + 112
47  libleanshared.dylib                 0x0000000113709208 <apply/8> + 4036
48  libleanshared.dylib                 0x000000011291bee4 WellFounded.opaqueFix₃ [arity↓] spec at Lean.Meta.transformWithCache.visit spec at Lean.Meta.Simp.dsimpImpl + 824
49  libleanshared.dylib                 0x000000011291cbd4 Lean.Expr.withAppAux spec at Lean.Meta.transformWithCache.visit spec at Lean.Meta.Simp.dsimpImpl + 1788
50  libleanshared.dylib                 0x000000011291deb0 Lean.Meta.transformWithCache.visit [λ, private] spec at Lean.Meta.Simp.dsimpImpl + 3776
51  libleanshared.dylib                 0x000000011291e81c Lean.Meta.transformWithCache.visit [boxed, λ, private] spec at Lean.Meta.Simp.dsimpImpl + 80
52  libleanshared.dylib                 0x000000011370a120 <apply/9> + 1904
53  libleanshared.dylib                 0x00000001129179f8 Lean.Meta.withIncRecDepth [arity↓] spec at Lean.Meta.transformWithCache.visit spec at Lean.Meta.Simp.dsimpImpl + 976
54  libleanshared.dylib                 0x000000011291a368 Lean.Meta.transformWithCache.visit [private] spec at Lean.Meta.Simp.dsimpImpl + 596
55  libleanshared.dylib                 0x000000011291b740 WellFounded.opaqueFix₃ [λ, arity↓] spec at Lean.Meta.transformWithCache.visit spec at Lean.Meta.Simp.dsimpImpl + 52
56  libleanshared.dylib                 0x000000011291b9e8 WellFounded.opaqueFix₃ [boxed, λ, arity↓] spec at Lean.Meta.transformWithCache.visit spec at Lean.Meta.Simp.dsimpImpl + 112
57  libleanshared.dylib                 0x0000000113709208 <apply/8> + 4036
58  libleanshared.dylib                 0x000000011291bee4 WellFounded.opaqueFix₃ [arity↓] spec at Lean.Meta.transformWithCache.visit spec at Lean.Meta.Simp.dsimpImpl + 824
59  libleanshared.dylib                 0x000000011291cbd4 Lean.Expr.withAppAux spec at Lean.Meta.transformWithCache.visit spec at Lean.Meta.Simp.dsimpImpl + 1788
60  libleanshared.dylib                 0x000000011291deb0 Lean.Meta.transformWithCache.visit [λ, private] spec at Lean.Meta.Simp.dsimpImpl + 3776
61  libleanshared.dylib                 0x000000011291e81c Lean.Meta.transformWithCache.visit [boxed, λ, private] spec at Lean.Meta.Simp.dsimpImpl + 80
62  libleanshared.dylib                 0x000000011370a120 <apply/9> + 1904
63  libleanshared.dylib                 0x00000001129179f8 Lean.Meta.withIncRecDepth [arity↓] spec at Lean.Meta.transformWithCache.visit spec at Lean.Meta.Simp.dsimpImpl + 976
64  libleanshared.dylib                 0x000000011291a368 Lean.Meta.transformWithCache.visit [private] spec at Lean.Meta.Simp.dsimpImpl + 596
65  libleanshared.dylib                 0x000000011291b740 WellFounded.opaqueFix₃ [λ, arity↓] spec at Lean.Meta.transformWithCache.visit spec at Lean.Meta.Simp.dsimpImpl + 52
66  libleanshared.dylib                 0x000000011291b9e8 WellFounded.opaqueFix₃ [boxed, λ, arity↓] spec at Lean.Meta.transformWithCache.visit spec at Lean.Meta.Simp.dsimpImpl + 112
67  libleanshared.dylib                 0x0000000113709208 <apply/8> + 4036
68  libleanshared.dylib                 0x000000011291bee4 WellFounded.opaqueFix₃ [arity↓] spec at Lean.Meta.transformWithCache.visit spec at Lean.Meta.Simp.dsimpImpl + 824
69  libleanshared.dylib                 0x000000011291cbd4 Lean.Expr.withAppAux spec at Lean.Meta.transformWithCache.visit spec at Lean.Meta.Simp.dsimpImpl + 1788
70  libleanshared.dylib                 0x000000011291deb0 Lean.Meta.transformWithCache.visit [λ, private] spec at Lean.Meta.Simp.dsimpImpl + 3776
71  libleanshared.dylib                 0x000000011291e81c Lean.Meta.transformWithCache.visit [boxed, λ, private] spec at Lean.Meta.Simp.dsimpImpl + 80
72  libleanshared.dylib                 0x000000011370a120 <apply/9> + 1904
73  libleanshared.dylib                 0x00000001129179f8 Lean.Meta.withIncRecDepth [arity↓] spec at Lean.Meta.transformWithCache.visit spec at Lean.Meta.Simp.dsimpImpl + 976
74  libleanshared.dylib                 0x000000011291a368 Lean.Meta.transformWithCache.visit [private] spec at Lean.Meta.Simp.dsimpImpl + 596
75  libleanshared.dylib                 0x00000001128f2bac lean_dsimp + 1560
76  libleanshared.dylib                 0x000000011293cf38 Lean.Meta.Simp.dsimpMainCore [λ] + 192
77  libleanshared.dylib                 0x00000001137085e4 <apply/8> + 928
78  libleanshared.dylib                 0x0000000112a58f28 Lean.Meta.Simp.SimpM.run [λ, arity↓] + 1324
79  libleanshared.dylib                 0x00000001137037bc <apply/5> + 1696
80  libleanshared.dylib                 0x0000000112a57414 Lean.Meta.withTrackingZetaDeltaSet [arity↓] spec at Lean.Meta.Simp.SimpM.run + 760
81  libleanshared.dylib                 0x0000000112a59dc8 Lean.Meta.Simp.SimpM.run [arity↓] + 660
82  libleanshared.dylib                 0x000000011293d834 Lean.Meta.Simp.dsimpMainCore + 144
83  libleanshared.dylib                 0x000000011293dc94 Lean.Meta.Simp.dsimpMain + 288
84  libleanshared.dylib                 0x000000011293e0c8 Lean.Meta.Simp.dsimpMain [boxed] + 40
85  libleanshared.dylib                 0x00000001136fbb38 <apply/1> + 4684
86  libleanshared.dylib                 0x0000000113543684 Lean.profileitIOUnsafe [λ, arity↓] + 20
87  libleanshared.dylib                 0x00000001136fb588 <apply/1> + 3228
88  libleanshared.dylib                 0x00000001136fb588 <apply/1> + 3228
89  libleanshared.dylib                 0x00000001136d0c14 lean_profileit + 128
90  libleanshared.dylib                 0x000000011354388c Lean.profileitIOUnsafe [arity↓] + 156
91  libleanshared.dylib                 0x000000011294ddcc Lean.Meta.dsimpGoal [λ] + 2020
92  libleanshared.dylib                 0x000000011294f574 Lean.Meta.dsimpGoal [boxed, λ] + 44
93  libleanshared.dylib                 0x0000000113703cfc <apply/5> + 3040
94  libleanshared.dylib                 0x0000000112941f60 Lean.MVarId.withContext [arity↓] spec at Lean.Meta.simpTarget + 44
95  libleanshared.dylib                 0x0000000110551cb0 Lean.Elab.Tactic.dsimpLocation.go [λ, private] + 96
96  libleanshared.dylib                 0x0000000110552494 Lean.Elab.Tactic.dsimpLocation.go [boxed, λ, private] + 68
97  libleanshared.dylib                 0x000000011370a4dc <apply/9> + 2860
98  libleanshared.dylib                 0x0000000110547c60 Lean.Meta.withInstancesTypeCheckNote [boxed, λ, arity↓] spec at Lean.Elab.Tactic.simpLocation.go + 156
99  libleanshared.dylib                 0x00000001137037bc <apply/5> + 1696
PANIC at Lean.Expr.appFn! Lean.Expr:932:15: application expected
backtrace:
0   libleanshared.dylib                 0x00000001136f7ca4 _ZN4leanL15print_backtraceEb + 60
1   libleanshared.dylib                 0x00000001136ee914 _ZN4leanL15lean_panic_implEPKcmb + 176
2   libleanshared.dylib                 0x00000001136eea30 lean_panic_fn_borrowed + 64
3   libleanshared.dylib                 0x0000000112a01a44 WellFounded.opaqueFix₃ [arity↓] spec at Lean.Meta.Simp.SimprocEntry.try + 204
4   libleanshared.dylib                 0x0000000112a02994 Lean.Meta.Simp.SimprocEntry.tryD + 116
5   libleanshared.dylib                 0x0000000112a07628 Array.forIn'Unsafe.loop [private] spec at Lean.Meta.Simp.dsimprocCore + 820
6   libleanshared.dylib                 0x0000000112a09224 Lean.Meta.Simp.dsimprocCore + 1068
7   libleanshared.dylib                 0x0000000112a0c7bc Array.forIn'Unsafe.loop [private] spec at Lean.Meta.Simp.dsimprocArrayCore + 412
8   libleanshared.dylib                 0x0000000112a0d054 Lean.Meta.Simp.dsimprocArrayCore + 184
9   libleanshared.dylib                 0x0000000112a0e490 Lean.Meta.Simp.userPostDSimprocs + 120
10  libleanshared.dylib                 0x000000011297f0f4 Lean.Meta.Simp.dpostDefault [boxed] + 68
11  libleanshared.dylib                 0x0000000113709bb8 <apply/9> + 520
12  libleanshared.dylib                 0x0000000112915238 Lean.Meta.Simp.dsimpImpl [λ, private] + 280
13  libleanshared.dylib                 0x0000000113709bb8 <apply/9> + 520
14  libleanshared.dylib                 0x0000000112919998 Lean.Meta.transformWithCache.visit.visitPost [private] spec at Lean.Meta.transformWithCache.visit spec at Lean.Meta.Simp.dsimpImpl + 312
15  libleanshared.dylib                 0x000000011291deb0 Lean.Meta.transformWithCache.visit [λ, private] spec at Lean.Meta.Simp.dsimpImpl + 3776
16  libleanshared.dylib                 0x000000011291e81c Lean.Meta.transformWithCache.visit [boxed, λ, private] spec at Lean.Meta.Simp.dsimpImpl + 80
17  libleanshared.dylib                 0x000000011370a120 <apply/9> + 1904
18  libleanshared.dylib                 0x00000001129179f8 Lean.Meta.withIncRecDepth [arity↓] spec at Lean.Meta.transformWithCache.visit spec at Lean.Meta.Simp.dsimpImpl + 976
19  libleanshared.dylib                 0x000000011291a368 Lean.Meta.transformWithCache.visit [private] spec at Lean.Meta.Simp.dsimpImpl + 596
20  libleanshared.dylib                 0x000000011291deb0 Lean.Meta.transformWithCache.visit [λ, private] spec at Lean.Meta.Simp.dsimpImpl + 3776
21  libleanshared.dylib                 0x000000011291e81c Lean.Meta.transformWithCache.visit [boxed, λ, private] spec at Lean.Meta.Simp.dsimpImpl + 80
22  libleanshared.dylib                 0x000000011370a120 <apply/9> + 1904
23  libleanshared.dylib                 0x00000001129179f8 Lean.Meta.withIncRecDepth [arity↓] spec at Lean.Meta.transformWithCache.visit spec at Lean.Meta.Simp.dsimpImpl + 976
24  libleanshared.dylib                 0x000000011291a368 Lean.Meta.transformWithCache.visit [private] spec at Lean.Meta.Simp.dsimpImpl + 596
25  libleanshared.dylib                 0x000000011291b740 WellFounded.opaqueFix₃ [λ, arity↓] spec at Lean.Meta.transformWithCache.visit spec at Lean.Meta.Simp.dsimpImpl + 52
26  libleanshared.dylib                 0x000000011291b9e8 WellFounded.opaqueFix₃ [boxed, λ, arity↓] spec at Lean.Meta.transformWithCache.visit spec at Lean.Meta.Simp.dsimpImpl + 112
27  libleanshared.dylib                 0x0000000113709208 <apply/8> + 4036
28  libleanshared.dylib                 0x000000011291bee4 WellFounded.opaqueFix₃ [arity↓] spec at Lean.Meta.transformWithCache.visit spec at Lean.Meta.Simp.dsimpImpl + 824
29  libleanshared.dylib                 0x000000011291cbd4 Lean.Expr.withAppAux spec at Lean.Meta.transformWithCache.visit spec at Lean.Meta.Simp.dsimpImpl + 1788
30  libleanshared.dylib                 0x000000011291deb0 Lean.Meta.transformWithCache.visit [λ, private] spec at Lean.Meta.Simp.dsimpImpl + 3776
31  libleanshared.dylib                 0x000000011291e81c Lean.Meta.transformWithCache.visit [boxed, λ, private] spec at Lean.Meta.Simp.dsimpImpl + 80
32  libleanshared.dylib                 0x000000011370a120 <apply/9> + 1904
33  libleanshared.dylib                 0x00000001129179f8 Lean.Meta.withIncRecDepth [arity↓] spec at Lean.Meta.transformWithCache.visit spec at Lean.Meta.Simp.dsimpImpl + 976
34  libleanshared.dylib                 0x000000011291a368 Lean.Meta.transformWithCache.visit [private] spec at Lean.Meta.Simp.dsimpImpl + 596
35  libleanshared.dylib                 0x000000011291b740 WellFounded.opaqueFix₃ [λ, arity↓] spec at Lean.Meta.transformWithCache.visit spec at Lean.Meta.Simp.dsimpImpl + 52
36  libleanshared.dylib                 0x000000011291b9e8 WellFounded.opaqueFix₃ [boxed, λ, arity↓] spec at Lean.Meta.transformWithCache.visit spec at Lean.Meta.Simp.dsimpImpl + 112
37  libleanshared.dylib                 0x0000000113709208 <apply/8> + 4036
38  libleanshared.dylib                 0x000000011291bee4 WellFounded.opaqueFix₃ [arity↓] spec at Lean.Meta.transformWithCache.visit spec at Lean.Meta.Simp.dsimpImpl + 824
39  libleanshared.dylib                 0x000000011291cbd4 Lean.Expr.withAppAux spec at Lean.Meta.transformWithCache.visit spec at Lean.Meta.Simp.dsimpImpl + 1788
40  libleanshared.dylib                 0x000000011291deb0 Lean.Meta.transformWithCache.visit [λ, private] spec at Lean.Meta.Simp.dsimpImpl + 3776
41  libleanshared.dylib                 0x000000011291e81c Lean.Meta.transformWithCache.visit [boxed, λ, private] spec at Lean.Meta.Simp.dsimpImpl + 80
42  libleanshared.dylib                 0x000000011370a120 <apply/9> + 1904
43  libleanshared.dylib                 0x00000001129179f8 Lean.Meta.withIncRecDepth [arity↓] spec at Lean.Meta.transformWithCache.visit spec at Lean.Meta.Simp.dsimpImpl + 976
44  libleanshared.dylib                 0x000000011291a368 Lean.Meta.transformWithCache.visit [private] spec at Lean.Meta.Simp.dsimpImpl + 596
45  libleanshared.dylib                 0x000000011291b740 WellFounded.opaqueFix₃ [λ, arity↓] spec at Lean.Meta.transformWithCache.visit spec at Lean.Meta.Simp.dsimpImpl + 52
46  libleanshared.dylib                 0x000000011291b9e8 WellFounded.opaqueFix₃ [boxed, λ, arity↓] spec at Lean.Meta.transformWithCache.visit spec at Lean.Meta.Simp.dsimpImpl + 112
47  libleanshared.dylib                 0x0000000113709208 <apply/8> + 4036
48  libleanshared.dylib                 0x000000011291bee4 WellFounded.opaqueFix₃ [arity↓] spec at Lean.Meta.transformWithCache.visit spec at Lean.Meta.Simp.dsimpImpl + 824
49  libleanshared.dylib                 0x000000011291cbd4 Lean.Expr.withAppAux spec at Lean.Meta.transformWithCache.visit spec at Lean.Meta.Simp.dsimpImpl + 1788
50  libleanshared.dylib                 0x000000011291deb0 Lean.Meta.transformWithCache.visit [λ, private] spec at Lean.Meta.Simp.dsimpImpl + 3776
51  libleanshared.dylib                 0x000000011291e81c Lean.Meta.transformWithCache.visit [boxed, λ, private] spec at Lean.Meta.Simp.dsimpImpl + 80
52  libleanshared.dylib                 0x000000011370a120 <apply/9> + 1904
53  libleanshared.dylib                 0x00000001129179f8 Lean.Meta.withIncRecDepth [arity↓] spec at Lean.Meta.transformWithCache.visit spec at Lean.Meta.Simp.dsimpImpl + 976
54  libleanshared.dylib                 0x000000011291a368 Lean.Meta.transformWithCache.visit [private] spec at Lean.Meta.Simp.dsimpImpl + 596
55  libleanshared.dylib                 0x000000011291b740 WellFounded.opaqueFix₃ [λ, arity↓] spec at Lean.Meta.transformWithCache.visit spec at Lean.Meta.Simp.dsimpImpl + 52
56  libleanshared.dylib                 0x000000011291b9e8 WellFounded.opaqueFix₃ [boxed, λ, arity↓] spec at Lean.Meta.transformWithCache.visit spec at Lean.Meta.Simp.dsimpImpl + 112
57  libleanshared.dylib                 0x0000000113709208 <apply/8> + 4036
58  libleanshared.dylib                 0x000000011291bee4 WellFounded.opaqueFix₃ [arity↓] spec at Lean.Meta.transformWithCache.visit spec at Lean.Meta.Simp.dsimpImpl + 824
59  libleanshared.dylib                 0x000000011291cbd4 Lean.Expr.withAppAux spec at Lean.Meta.transformWithCache.visit spec at Lean.Meta.Simp.dsimpImpl + 1788
60  libleanshared.dylib                 0x000000011291deb0 Lean.Meta.transformWithCache.visit [λ, private] spec at Lean.Meta.Simp.dsimpImpl + 3776
61  libleanshared.dylib                 0x000000011291e81c Lean.Meta.transformWithCache.visit [boxed, λ, private] spec at Lean.Meta.Simp.dsimpImpl + 80
62  libleanshared.dylib                 0x000000011370a120 <apply/9> + 1904
63  libleanshared.dylib                 0x00000001129179f8 Lean.Meta.withIncRecDepth [arity↓] spec at Lean.Meta.transformWithCache.visit spec at Lean.Meta.Simp.dsimpImpl + 976
64  libleanshared.dylib                 0x000000011291a368 Lean.Meta.transformWithCache.visit [private] spec at Lean.Meta.Simp.dsimpImpl + 596
65  libleanshared.dylib                 0x000000011291b740 WellFounded.opaqueFix₃ [λ, arity↓] spec at Lean.Meta.transformWithCache.visit spec at Lean.Meta.Simp.dsimpImpl + 52
66  libleanshared.dylib                 0x000000011291b9e8 WellFounded.opaqueFix₃ [boxed, λ, arity↓] spec at Lean.Meta.transformWithCache.visit spec at Lean.Meta.Simp.dsimpImpl + 112
67  libleanshared.dylib                 0x0000000113709208 <apply/8> + 4036
68  libleanshared.dylib                 0x000000011291bee4 WellFounded.opaqueFix₃ [arity↓] spec at Lean.Meta.transformWithCache.visit spec at Lean.Meta.Simp.dsimpImpl + 824
69  libleanshared.dylib                 0x000000011291cbd4 Lean.Expr.withAppAux spec at Lean.Meta.transformWithCache.visit spec at Lean.Meta.Simp.dsimpImpl + 1788
70  libleanshared.dylib                 0x000000011291deb0 Lean.Meta.transformWithCache.visit [λ, private] spec at Lean.Meta.Simp.dsimpImpl + 3776
71  libleanshared.dylib                 0x000000011291e81c Lean.Meta.transformWithCache.visit [boxed, λ, private] spec at Lean.Meta.Simp.dsimpImpl + 80
72  libleanshared.dylib                 0x000000011370a120 <apply/9> + 1904
73  libleanshared.dylib                 0x00000001129179f8 Lean.Meta.withIncRecDepth [arity↓] spec at Lean.Meta.transformWithCache.visit spec at Lean.Meta.Simp.dsimpImpl + 976
74  libleanshared.dylib                 0x000000011291a368 Lean.Meta.transformWithCache.visit [private] spec at Lean.Meta.Simp.dsimpImpl + 596
75  libleanshared.dylib                 0x00000001128f2bac lean_dsimp + 1560
76  libleanshared.dylib                 0x000000011293cf38 Lean.Meta.Simp.dsimpMainCore [λ] + 192
77  libleanshared.dylib                 0x00000001137085e4 <apply/8> + 928
78  libleanshared.dylib                 0x0000000112a58f28 Lean.Meta.Simp.SimpM.run [λ, arity↓] + 1324
79  libleanshared.dylib                 0x00000001137037bc <apply/5> + 1696
80  libleanshared.dylib                 0x0000000112a57414 Lean.Meta.withTrackingZetaDeltaSet [arity↓] spec at Lean.Meta.Simp.SimpM.run + 760
81  libleanshared.dylib                 0x0000000112a59dc8 Lean.Meta.Simp.SimpM.run [arity↓] + 660
82  libleanshared.dylib                 0x000000011293d834 Lean.Meta.Simp.dsimpMainCore + 144
83  libleanshared.dylib                 0x000000011293dc94 Lean.Meta.Simp.dsimpMain + 288
84  libleanshared.dylib                 0x000000011293e0c8 Lean.Meta.Simp.dsimpMain [boxed] + 40
85  libleanshared.dylib                 0x00000001136fbb38 <apply/1> + 4684
86  libleanshared.dylib                 0x0000000113543684 Lean.profileitIOUnsafe [λ, arity↓] + 20
87  libleanshared.dylib                 0x00000001136fb588 <apply/1> + 3228
88  libleanshared.dylib                 0x00000001136fb588 <apply/1> + 3228
89  libleanshared.dylib                 0x00000001136d0c14 lean_profileit + 128
90  libleanshared.dylib                 0x000000011354388c Lean.profileitIOUnsafe [arity↓] + 156
91  libleanshared.dylib                 0x000000011294ddcc Lean.Meta.dsimpGoal [λ] + 2020
92  libleanshared.dylib                 0x000000011294f574 Lean.Meta.dsimpGoal [boxed, λ] + 44
93  libleanshared.dylib                 0x0000000113703cfc <apply/5> + 3040
94  libleanshared.dylib                 0x0000000112941f60 Lean.MVarId.withContext [arity↓] spec at Lean.Meta.simpTarget + 44
95  libleanshared.dylib                 0x0000000110551cb0 Lean.Elab.Tactic.dsimpLocation.go [λ, private] + 96
96  libleanshared.dylib                 0x0000000110552494 Lean.Elab.Tactic.dsimpLocation.go [boxed, λ, private] + 68
97  libleanshared.dylib                 0x000000011370a4dc <apply/9> + 2860
98  libleanshared.dylib                 0x0000000110547c60 Lean.Meta.withInstancesTypeCheckNote [boxed, λ, arity↓] spec at Lean.Elab.Tactic.simpLocation.go + 156
99  libleanshared.dylib                 0x00000001137037bc <apply/5> + 1696
'NLA.SP15.coefficient_determinant_identity' depends on axioms: [propext, sorryAx, Classical.choice, Quot.sound]
NLA/SP15/CoefficientIdentity.lean:68:21: error: #assert_trust: 'NLA.SP15.coefficient_determinant_identity' depends on sorry or unrecognized axioms
  foundational: propext, Classical.choice, Quot.sound
  sorryAx: sorryAx
