2026-09-16T05:22:51.0306740Z Current runner version: '2.337.0'
2026-09-16T05:22:51.0331996Z ##[group]Runner Image Provisioner
2026-09-16T05:22:51.0332834Z Hosted Compute Agent
2026-09-16T05:22:51.0333525Z Version: 20260828.587
2026-09-16T05:22:51.0334164Z Commit: abac92662cab4cc7352de4f9f9d2e2419aad9c29
2026-09-16T05:22:51.0334939Z Build Date: 2026-08-28T16:44:25Z
2026-09-16T05:22:51.0335686Z Worker ID: {692ee9e9-d3c9-4e31-9f10-9f9d5337411e}
2026-09-16T05:22:51.0336438Z Azure Region: eastus
2026-09-16T05:22:51.0337430Z ##[endgroup]
2026-09-16T05:22:51.0338927Z ##[group]Operating System
2026-09-16T05:22:51.0339691Z Ubuntu
2026-09-16T05:22:51.0340257Z 24.04.5
2026-09-16T05:22:51.0340960Z LTS
2026-09-16T05:22:51.0341550Z ##[endgroup]
2026-09-16T05:22:51.0342097Z ##[group]Runner Image
2026-09-16T05:22:51.0342722Z Image: ubuntu-24.04
2026-09-16T05:22:51.0343329Z Version: 20260907.300.1
2026-09-16T05:22:51.0344621Z Included Software: https://github.com/actions/runner-images/blob/ubuntu24/20260907.300/images/ubuntu/Ubuntu2404-Readme.md
2026-09-16T05:22:51.0346196Z Image Release: https://github.com/actions/runner-images/releases/tag/ubuntu24%2F20260907.300
2026-09-16T05:22:51.0347192Z ##[endgroup]
2026-09-16T05:22:51.0348354Z ##[group]GITHUB_TOKEN Permissions
2026-09-16T05:22:51.0350533Z Contents: read
2026-09-16T05:22:51.0351433Z Metadata: read
2026-09-16T05:22:51.0352055Z ##[endgroup]
2026-09-16T05:22:51.0354160Z Secret source: Actions
2026-09-16T05:22:51.0355078Z Cache mode: write
2026-09-16T05:22:51.0356099Z Prepare workflow directory
2026-09-16T05:22:51.0688619Z Prepare all required actions
2026-09-16T05:22:51.0736273Z Getting action download info
2026-09-16T05:22:51.3087357Z Download action repository 'actions/checkout@11d5960a326750d5838078e36cf38b85af677262' (SHA:11d5960a326750d5838078e36cf38b85af677262)
2026-09-16T05:22:51.4101965Z Download action repository 'actions/setup-go@924ae3a1cded613372ab5595356fb5720e22ba16' (SHA:924ae3a1cded613372ab5595356fb5720e22ba16)
2026-09-16T05:22:51.5759938Z Download action repository 'leanprover/lean-action@96e06131c0e9943c780388fd166f55d1e2fa0433' (SHA:96e06131c0e9943c780388fd166f55d1e2fa0433)
2026-09-16T05:22:51.6870276Z Download action repository 'actions/upload-artifact@ea165f8d65b6e75b540449e92b4886f43607fa02' (SHA:ea165f8d65b6e75b540449e92b4886f43607fa02)
2026-09-16T05:22:51.9148173Z Getting action download info
2026-09-16T05:22:52.0324774Z Download action repository 'actions/cache@v5' (SHA:caa296126883cff596d87d8935842f9db880ef25)
2026-09-16T05:22:52.2480998Z Complete job name: verify (IV-03, intervals-and-absolute-value-equations/IV-03/lean)
2026-09-16T05:22:52.3324499Z Node 20 is being deprecated. This workflow is running with Node 24 by default. If you need to temporarily use Node 20, you can set the ACTIONS_ALLOW_USE_UNSECURE_NODE_VERSION=true environment variable. For more information see: https://github.blog/changelog/2025-09-19-deprecation-of-node-20-on-github-actions-runners/
2026-09-16T05:22:52.3333846Z ##[group]Run actions/checkout@11d5960a326750d5838078e36cf38b85af677262
2026-09-16T05:22:52.3334785Z with:
2026-09-16T05:22:52.3335220Z   persist-credentials: false
2026-09-16T05:22:52.3335789Z   repository: sgstepaniants/OpenProblemsInNLA
2026-09-16T05:22:52.3339752Z   token: ***
2026-09-16T05:22:52.3340188Z   ssh-strict: true
2026-09-16T05:22:52.3340922Z   ssh-user: git
2026-09-16T05:22:52.3341369Z   clean: true
2026-09-16T05:22:52.3341817Z   sparse-checkout-cone-mode: true
2026-09-16T05:22:52.3342347Z   fetch-depth: 1
2026-09-16T05:22:52.3342773Z   fetch-tags: false
2026-09-16T05:22:52.3343215Z   show-progress: true
2026-09-16T05:22:52.3343703Z   lfs: false
2026-09-16T05:22:52.3344114Z   submodules: false
2026-09-16T05:22:52.3344557Z   set-safe-directory: true
2026-09-16T05:22:52.3345060Z   allow-unsafe-pr-checkout: false
2026-09-16T05:22:52.3345865Z ##[endgroup]
2026-09-16T05:22:52.4354756Z Syncing repository: sgstepaniants/OpenProblemsInNLA
2026-09-16T05:22:52.4357344Z ##[group]Getting Git version info
2026-09-16T05:22:52.4358662Z Working directory is '/home/runner/work/OpenProblemsInNLA/OpenProblemsInNLA'
2026-09-16T05:22:52.4361115Z [command]/usr/bin/git version
2026-09-16T05:22:52.4426114Z git version 2.55.0
2026-09-16T05:22:52.4451029Z ##[endgroup]
2026-09-16T05:22:52.4468756Z Temporarily overriding HOME='/home/runner/work/_temp/46342bde-d8aa-43da-a0a1-47f220bd16b2' before making global git config changes
2026-09-16T05:22:52.4471650Z Adding repository directory to the temporary git global config as a safe directory
2026-09-16T05:22:52.4476036Z [command]/usr/bin/git config --global --add safe.directory /home/runner/work/OpenProblemsInNLA/OpenProblemsInNLA
2026-09-16T05:22:52.4528213Z Deleting the contents of '/home/runner/work/OpenProblemsInNLA/OpenProblemsInNLA'
2026-09-16T05:22:52.4536554Z ##[group]Initializing the repository
2026-09-16T05:22:52.4538173Z [command]/usr/bin/git init /home/runner/work/OpenProblemsInNLA/OpenProblemsInNLA
2026-09-16T05:22:52.4648921Z hint: Using 'master' as the name for the initial branch. This default branch name
2026-09-16T05:22:52.4651163Z hint: will change to "main" in Git 3.0. To configure the initial branch name
2026-09-16T05:22:52.4653438Z hint: to use in all of your new repositories, which will suppress this warning,
2026-09-16T05:22:52.4654912Z hint: call:
2026-09-16T05:22:52.4655853Z hint:
2026-09-16T05:22:52.4657110Z hint: 	git config --global init.defaultBranch <name>
2026-09-16T05:22:52.4658485Z hint:
2026-09-16T05:22:52.4659827Z hint: Names commonly chosen instead of 'master' are 'main', 'trunk' and
2026-09-16T05:22:52.4662399Z hint: 'development'. The just-created branch can be renamed via this command:
2026-09-16T05:22:52.4664245Z hint:
2026-09-16T05:22:52.4665392Z hint: 	git branch -m <name>
2026-09-16T05:22:52.4666238Z hint:
2026-09-16T05:22:52.4667255Z hint: Disable this message with "git config set advice.defaultBranchName false"
2026-09-16T05:22:52.4669345Z Initialized empty Git repository in /home/runner/work/OpenProblemsInNLA/OpenProblemsInNLA/.git/
2026-09-16T05:22:52.4674353Z [command]/usr/bin/git remote add origin https://github.com/sgstepaniants/OpenProblemsInNLA
2026-09-16T05:22:52.4723640Z ##[endgroup]
2026-09-16T05:22:52.4725647Z ##[group]Disabling automatic garbage collection
2026-09-16T05:22:52.4735209Z [command]/usr/bin/git config --local gc.auto 0
2026-09-16T05:22:52.4768104Z ##[endgroup]
2026-09-16T05:22:52.4769315Z ##[group]Setting up auth
2026-09-16T05:22:52.4775059Z [command]/usr/bin/git config --local --name-only --get-regexp core\.sshCommand
2026-09-16T05:22:52.4809486Z [command]/usr/bin/git submodule foreach --recursive sh -c "git config --local --name-only --get-regexp 'core\.sshCommand' && git config --local --unset-all 'core.sshCommand' || :"
2026-09-16T05:22:52.5195552Z [command]/usr/bin/git config --local --name-only --get-regexp http\.https\:\/\/github\.com\/\.extraheader
2026-09-16T05:22:52.5238828Z [command]/usr/bin/git submodule foreach --recursive sh -c "git config --local --name-only --get-regexp 'http\.https\:\/\/github\.com\/\.extraheader' && git config --local --unset-all 'http.https://github.com/.extraheader' || :"
2026-09-16T05:22:52.5466860Z [command]/usr/bin/git config --local --name-only --get-regexp ^includeIf\.gitdir:
2026-09-16T05:22:52.5503225Z [command]/usr/bin/git submodule foreach --recursive git config --local --show-origin --name-only --get-regexp remote.origin.url
2026-09-16T05:22:52.5729252Z [command]/usr/bin/git config --local http.https://github.com/.extraheader AUTHORIZATION: basic ***
2026-09-16T05:22:52.5769441Z ##[endgroup]
2026-09-16T05:22:52.5770455Z ##[group]Fetching the repository
2026-09-16T05:22:52.5779769Z [command]/usr/bin/git -c protocol.version=2 fetch --no-tags --prune --no-recurse-submodules --depth=1 origin +cef3e2f486285d0f6885231cda3ac2ff04c975cb:refs/remotes/origin/codex/lean-iv03-verification
2026-09-16T05:22:57.8163113Z From https://github.com/sgstepaniants/OpenProblemsInNLA
2026-09-16T05:22:57.8164723Z  * [new ref]           cef3e2f486285d0f6885231cda3ac2ff04c975cb -> origin/codex/lean-iv03-verification
2026-09-16T05:22:57.8168098Z ##[endgroup]
2026-09-16T05:22:57.8169204Z ##[group]Determining the checkout info
2026-09-16T05:22:57.8171699Z ##[endgroup]
2026-09-16T05:22:57.8179885Z [command]/usr/bin/git sparse-checkout disable
2026-09-16T05:22:57.8245795Z [command]/usr/bin/git config --local --unset-all extensions.worktreeConfig
2026-09-16T05:22:57.8277986Z ##[group]Checking out the ref
2026-09-16T05:22:57.8317924Z [command]/usr/bin/git checkout --progress --force -B codex/lean-iv03-verification refs/remotes/origin/codex/lean-iv03-verification
2026-09-16T05:22:58.8867691Z Updating files:  44% (11859/26935)
2026-09-16T05:22:58.9052423Z Updating files:  45% (12121/26935)
2026-09-16T05:22:58.9235409Z Updating files:  46% (12391/26935)
2026-09-16T05:22:58.9430466Z Updating files:  47% (12660/26935)
2026-09-16T05:22:58.9641024Z Updating files:  48% (12929/26935)
2026-09-16T05:22:58.9792896Z Updating files:  49% (13199/26935)
2026-09-16T05:22:59.0010333Z Updating files:  50% (13468/26935)
2026-09-16T05:22:59.0255141Z Updating files:  51% (13737/26935)
2026-09-16T05:22:59.0415730Z Updating files:  52% (14007/26935)
2026-09-16T05:22:59.0583383Z Updating files:  53% (14276/26935)
2026-09-16T05:22:59.0728592Z Updating files:  54% (14545/26935)
2026-09-16T05:22:59.0888396Z Updating files:  55% (14815/26935)
2026-09-16T05:22:59.1032859Z Updating files:  56% (15084/26935)
2026-09-16T05:22:59.1165447Z Updating files:  57% (15353/26935)
2026-09-16T05:22:59.1340277Z Updating files:  58% (15623/26935)
2026-09-16T05:22:59.1533437Z Updating files:  59% (15892/26935)
2026-09-16T05:22:59.1687984Z Updating files:  60% (16161/26935)
2026-09-16T05:22:59.1829827Z Updating files:  61% (16431/26935)
2026-09-16T05:22:59.2005912Z Updating files:  62% (16700/26935)
2026-09-16T05:22:59.2157577Z Updating files:  63% (16970/26935)
2026-09-16T05:22:59.2338394Z Updating files:  64% (17239/26935)
2026-09-16T05:22:59.2474167Z Updating files:  65% (17508/26935)
2026-09-16T05:22:59.2605680Z Updating files:  66% (17778/26935)
2026-09-16T05:22:59.2791919Z Updating files:  67% (18047/26935)
2026-09-16T05:22:59.2958195Z Updating files:  68% (18316/26935)
2026-09-16T05:22:59.3147546Z Updating files:  69% (18586/26935)
2026-09-16T05:22:59.3286601Z Updating files:  70% (18855/26935)
2026-09-16T05:22:59.3428060Z Updating files:  71% (19124/26935)
2026-09-16T05:22:59.3640212Z Updating files:  72% (19394/26935)
2026-09-16T05:22:59.3778313Z Updating files:  73% (19663/26935)
2026-09-16T05:22:59.3932812Z Updating files:  74% (19932/26935)
2026-09-16T05:22:59.4089373Z Updating files:  75% (20202/26935)
2026-09-16T05:22:59.4450792Z Updating files:  76% (20471/26935)
2026-09-16T05:22:59.4619706Z Updating files:  77% (20740/26935)
2026-09-16T05:22:59.4837909Z Updating files:  78% (21010/26935)
2026-09-16T05:22:59.5117491Z Updating files:  79% (21279/26935)
2026-09-16T05:22:59.5453869Z Updating files:  80% (21548/26935)
2026-09-16T05:22:59.6883905Z Updating files:  81% (21818/26935)
2026-09-16T05:22:59.7234543Z Updating files:  82% (22087/26935)
2026-09-16T05:22:59.7630248Z Updating files:  83% (22357/26935)
2026-09-16T05:22:59.8652347Z Updating files:  84% (22626/26935)
2026-09-16T05:22:59.8747251Z Updating files:  84% (22862/26935)
2026-09-16T05:22:59.9276996Z Updating files:  85% (22895/26935)
2026-09-16T05:22:59.9528169Z Updating files:  86% (23165/26935)
2026-09-16T05:23:00.0047256Z Updating files:  87% (23434/26935)
2026-09-16T05:23:00.0602455Z Updating files:  88% (23703/26935)
2026-09-16T05:23:00.1127239Z Updating files:  89% (23973/26935)
2026-09-16T05:23:00.1916291Z Updating files:  90% (24242/26935)
2026-09-16T05:23:00.2129184Z Updating files:  91% (24511/26935)
2026-09-16T05:23:00.2410795Z Updating files:  92% (24781/26935)
2026-09-16T05:23:00.2635627Z Updating files:  93% (25050/26935)
2026-09-16T05:23:00.2951349Z Updating files:  94% (25319/26935)
2026-09-16T05:23:00.3142262Z Updating files:  95% (25589/26935)
2026-09-16T05:23:00.3319271Z Updating files:  96% (25858/26935)
2026-09-16T05:23:00.3473803Z Updating files:  97% (26127/26935)
2026-09-16T05:23:00.3651258Z Updating files:  98% (26397/26935)
2026-09-16T05:23:00.3805528Z Updating files:  99% (26666/26935)
2026-09-16T05:23:00.3806711Z Updating files: 100% (26935/26935)
2026-09-16T05:23:00.3807192Z Updating files: 100% (26935/26935), done.
2026-09-16T05:23:00.4123672Z Switched to a new branch 'codex/lean-iv03-verification'
2026-09-16T05:23:00.4127492Z branch 'codex/lean-iv03-verification' set up to track 'origin/codex/lean-iv03-verification'.
2026-09-16T05:23:00.4226490Z ##[endgroup]
2026-09-16T05:23:00.4277949Z [command]/usr/bin/git log -1 --format=%H
2026-09-16T05:23:00.4306490Z cef3e2f486285d0f6885231cda3ac2ff04c975cb
2026-09-16T05:23:00.4316710Z ##[group]Removing auth
2026-09-16T05:23:00.4320547Z [command]/usr/bin/git config --local --name-only --get-regexp core\.sshCommand
2026-09-16T05:23:00.4356519Z [command]/usr/bin/git submodule foreach --recursive sh -c "git config --local --name-only --get-regexp 'core\.sshCommand' && git config --local --unset-all 'core.sshCommand' || :"
2026-09-16T05:23:00.4618069Z [command]/usr/bin/git config --local --name-only --get-regexp http\.https\:\/\/github\.com\/\.extraheader
2026-09-16T05:23:00.4644090Z http.https://github.com/.extraheader
2026-09-16T05:23:00.4652127Z [command]/usr/bin/git config --local --unset-all http.https://github.com/.extraheader
2026-09-16T05:23:00.4688229Z [command]/usr/bin/git submodule foreach --recursive sh -c "git config --local --name-only --get-regexp 'http\.https\:\/\/github\.com\/\.extraheader' && git config --local --unset-all 'http.https://github.com/.extraheader' || :"
2026-09-16T05:23:00.4939640Z [command]/usr/bin/git config --local --name-only --get-regexp ^includeIf\.gitdir:
2026-09-16T05:23:00.4975103Z [command]/usr/bin/git submodule foreach --recursive git config --local --show-origin --name-only --get-regexp remote.origin.url
2026-09-16T05:23:00.5225337Z ##[endgroup]
2026-09-16T05:23:00.5431347Z ##[group]Run python3 -m pip install -r tools/lean/requirements.txt
2026-09-16T05:23:00.5431927Z [36;1mpython3 -m pip install -r tools/lean/requirements.txt[0m
2026-09-16T05:23:00.5432388Z [36;1mpython3 tools/lean/validate_manifest.py "$LEAN_PROJECT"[0m
2026-09-16T05:23:00.5472164Z shell: /usr/bin/bash -e {0}
2026-09-16T05:23:00.5472424Z env:
2026-09-16T05:23:00.5472731Z   LEAN_PROJECT: intervals-and-absolute-value-equations/IV-03/lean
2026-09-16T05:23:00.5473122Z ##[endgroup]
2026-09-16T05:23:01.7649155Z Defaulting to user installation because normal site-packages is not writeable
2026-09-16T05:23:02.7437931Z Collecting PyYAML==6.0.3 (from -r tools/lean/requirements.txt (line 1))
2026-09-16T05:23:02.7766182Z   Downloading pyyaml-6.0.3-cp312-cp312-manylinux2014_x86_64.manylinux_2_17_x86_64.manylinux_2_28_x86_64.whl.metadata (2.4 kB)
2026-09-16T05:23:02.8133948Z Collecting jsonschema==4.26.0 (from -r tools/lean/requirements.txt (line 2))
2026-09-16T05:23:02.8168912Z   Downloading jsonschema-4.26.0-py3-none-any.whl.metadata (7.6 kB)
2026-09-16T05:23:02.8336877Z Requirement already satisfied: attrs>=22.2.0 in /usr/lib/python3/dist-packages (from jsonschema==4.26.0->-r tools/lean/requirements.txt (line 2)) (23.2.0)
2026-09-16T05:23:02.8515525Z Collecting jsonschema-specifications>=2023.03.6 (from jsonschema==4.26.0->-r tools/lean/requirements.txt (line 2))
2026-09-16T05:23:02.8549394Z   Downloading jsonschema_specifications-2025.9.1-py3-none-any.whl.metadata (2.9 kB)
2026-09-16T05:23:02.8918966Z Collecting referencing>=0.28.4 (from jsonschema==4.26.0->-r tools/lean/requirements.txt (line 2))
2026-09-16T05:23:02.9008118Z   Downloading referencing-0.37.0-py3-none-any.whl.metadata (2.8 kB)
2026-09-16T05:23:03.2249563Z Collecting rpds-py>=0.25.0 (from jsonschema==4.26.0->-r tools/lean/requirements.txt (line 2))
2026-09-16T05:23:03.2287222Z   Downloading rpds_py-2026.6.3-cp312-cp312-manylinux_2_17_x86_64.manylinux2014_x86_64.whl.metadata (4.1 kB)
2026-09-16T05:23:03.2701175Z Requirement already satisfied: typing-extensions>=4.4.0 in /usr/lib/python3/dist-packages (from referencing>=0.28.4->jsonschema==4.26.0->-r tools/lean/requirements.txt (line 2)) (4.10.0)
2026-09-16T05:23:03.2768290Z Downloading pyyaml-6.0.3-cp312-cp312-manylinux2014_x86_64.manylinux_2_17_x86_64.manylinux_2_28_x86_64.whl (807 kB)
2026-09-16T05:23:03.2976073Z    ━━━━━━━━━━━━━━━━━━━━━━━━━━━━━━━━━━━━━━━━ 807.9/807.9 kB 44.1 MB/s eta 0:00:00
2026-09-16T05:23:03.3016263Z Downloading jsonschema-4.26.0-py3-none-any.whl (90 kB)
2026-09-16T05:23:03.3057706Z    ━━━━━━━━━━━━━━━━━━━━━━━━━━━━━━━━━━━━━━━━ 90.6/90.6 kB 34.3 MB/s eta 0:00:00
2026-09-16T05:23:03.3091001Z Downloading jsonschema_specifications-2025.9.1-py3-none-any.whl (18 kB)
2026-09-16T05:23:03.3145380Z Downloading referencing-0.37.0-py3-none-any.whl (26 kB)
2026-09-16T05:23:03.3200053Z Downloading rpds_py-2026.6.3-cp312-cp312-manylinux_2_17_x86_64.manylinux2014_x86_64.whl (366 kB)
2026-09-16T05:23:03.3272919Z    ━━━━━━━━━━━━━━━━━━━━━━━━━━━━━━━━━━━━━━━━ 366.2/366.2 kB 66.7 MB/s eta 0:00:00
2026-09-16T05:23:03.6213328Z Installing collected packages: rpds-py, PyYAML, referencing, jsonschema-specifications, jsonschema
2026-09-16T05:23:03.7874286Z Successfully installed PyYAML-6.0.3 jsonschema-4.26.0 jsonschema-specifications-2025.9.1 referencing-0.37.0 rpds-py-2026.6.3
2026-09-16T05:23:03.9982100Z Manifest schema and comparator coverage: PASS (4 declarations)
2026-09-16T05:23:04.0197981Z ##[group]Run actions/setup-go@924ae3a1cded613372ab5595356fb5720e22ba16
2026-09-16T05:23:04.0198392Z with:
2026-09-16T05:23:04.0198597Z   go-version: 1.27.1
2026-09-16T05:23:04.0198815Z   cache: false
2026-09-16T05:23:04.0199032Z   check-latest: false
2026-09-16T05:23:04.0202110Z   token: ***
2026-09-16T05:23:04.0202322Z ##[endgroup]
2026-09-16T05:23:04.1514027Z Setup go version spec 1.27.1
2026-09-16T05:23:04.1530738Z Attempting to download 1.27.1...
2026-09-16T05:23:04.6440466Z matching 1.27.1...
2026-09-16T05:23:04.6467557Z Acquiring 1.27.1 from https://github.com/actions/go-versions/releases/download/1.27.1-33583469715/go-1.27.1-linux-x64.tar.gz
2026-09-16T05:23:05.0689510Z Extracting Go...
2026-09-16T05:23:05.0804414Z [command]/usr/bin/tar xz --warning=no-unknown-keyword --overwrite -C /home/runner/work/_temp/caf4f071-b8e2-4af7-af43-4a195ac1efa5 -f /home/runner/work/_temp/9a25724a-1543-48aa-81ae-7f3a852d0729
2026-09-16T05:23:06.8289027Z Successfully extracted go to /home/runner/work/_temp/caf4f071-b8e2-4af7-af43-4a195ac1efa5
2026-09-16T05:23:06.8290070Z Adding to the cache ...
2026-09-16T05:23:13.5794345Z Successfully cached go to /opt/hostedtoolcache/go/1.27.1/x64
2026-09-16T05:23:13.5797158Z Added go to the path
2026-09-16T05:23:13.5799811Z Successfully set up Go version 1.27.1
2026-09-16T05:23:13.6019738Z go version go1.27.1 linux/amd64
2026-09-16T05:23:13.6019957Z 
2026-09-16T05:23:13.6020315Z ##[group]go env
2026-09-16T05:23:13.7635899Z AR='ar'
2026-09-16T05:23:13.7636322Z CC='gcc'
2026-09-16T05:23:13.7636580Z CGO_CFLAGS='-O2 -g'
2026-09-16T05:23:13.7636858Z CGO_CPPFLAGS=''
2026-09-16T05:23:13.7637126Z CGO_CXXFLAGS='-O2 -g'
2026-09-16T05:23:13.7637399Z CGO_ENABLED='1'
2026-09-16T05:23:13.7637642Z CGO_FFLAGS='-O2 -g'
2026-09-16T05:23:13.7637896Z CGO_LDFLAGS='-O2 -g'
2026-09-16T05:23:13.7638145Z CXX='g++'
2026-09-16T05:23:13.7638374Z GCCGO='gccgo'
2026-09-16T05:23:13.7638646Z GO111MODULE=''
2026-09-16T05:23:13.7638881Z GOAMD64='v1'
2026-09-16T05:23:13.7639152Z GOARCH='amd64'
2026-09-16T05:23:13.7639444Z GOAUTH='netrc'
2026-09-16T05:23:13.7639704Z GOBIN='/home/runner/go/bin'
2026-09-16T05:23:13.7640022Z GOCACHE='/home/runner/.cache/go-build'
2026-09-16T05:23:13.7640350Z GOCACHEPROG=''
2026-09-16T05:23:13.7640947Z GODEBUG=''
2026-09-16T05:23:13.7641228Z GOENV='/home/runner/.config/go/env'
2026-09-16T05:23:13.7641565Z GOEXE=''
2026-09-16T05:23:13.7641792Z GOEXPERIMENT=''
2026-09-16T05:23:13.7642042Z GOFIPS140='off'
2026-09-16T05:23:13.7642276Z GOFLAGS=''
2026-09-16T05:23:13.7643071Z GOGCCFLAGS='-fPIC -m64 -pthread -Wl,--no-gc-sections -fmessage-length=0 -ffile-prefix-map=/tmp/go-build2137679097=/tmp/go-build -gno-record-gcc-switches'
2026-09-16T05:23:13.7643800Z GOHOSTARCH='amd64'
2026-09-16T05:23:13.7644026Z GOHOSTOS='linux'
2026-09-16T05:23:13.7644241Z GOINSECURE=''
2026-09-16T05:23:13.7644455Z GOMOD='/dev/null'
2026-09-16T05:23:13.7644703Z GOMODCACHE='/home/runner/go/pkg/mod'
2026-09-16T05:23:13.7645258Z GONOPROXY=''
2026-09-16T05:23:13.7645460Z GONOSUMDB=''
2026-09-16T05:23:13.7645685Z GOOS='linux'
2026-09-16T05:23:13.7645892Z GOPACKAGESDRIVER=''
2026-09-16T05:23:13.7646128Z GOPATH='/home/runner/go'
2026-09-16T05:23:13.7646366Z GOPRIVATE=''
2026-09-16T05:23:13.7646635Z GOPROXY='https://proxy.golang.org,direct'
2026-09-16T05:23:13.7646985Z GOROOT='/opt/hostedtoolcache/go/1.27.1/x64'
2026-09-16T05:23:13.7647302Z GOSUMDB='sum.golang.org'
2026-09-16T05:23:13.7647550Z GOTELEMETRY='local'
2026-09-16T05:23:13.7647829Z GOTELEMETRYDIR='/home/runner/.config/go/telemetry'
2026-09-16T05:23:13.7648177Z GOTMPDIR=''
2026-09-16T05:23:13.7648384Z GOTOOLCHAIN='local'
2026-09-16T05:23:13.7648718Z GOTOOLDIR='/opt/hostedtoolcache/go/1.27.1/x64/pkg/tool/linux_amd64'
2026-09-16T05:23:13.7649090Z GOVCS=''
2026-09-16T05:23:13.7649288Z GOVERSION='go1.27.1'
2026-09-16T05:23:13.7649503Z GOWORK=''
2026-09-16T05:23:13.7649710Z PKG_CONFIG='pkg-config'
2026-09-16T05:23:13.7649869Z 
2026-09-16T05:23:13.7650276Z ##[endgroup]
2026-09-16T05:23:13.8123706Z ##[group]Run leanprover/lean-action@96e06131c0e9943c780388fd166f55d1e2fa0433
2026-09-16T05:23:13.8124126Z with:
2026-09-16T05:23:13.8124475Z   lake-package-directory: intervals-and-absolute-value-equations/IV-03/lean
2026-09-16T05:23:13.8124890Z   auto-config: false
2026-09-16T05:23:13.8125108Z   build: false
2026-09-16T05:23:13.8125309Z   test: false
2026-09-16T05:23:13.8125507Z   lint: false
2026-09-16T05:23:13.8125710Z   use-mathlib-cache: false
2026-09-16T05:23:13.8125960Z   use-github-cache: false
2026-09-16T05:23:13.8126193Z   mk_all-check: false
2026-09-16T05:23:13.8126434Z   check-reservoir-eligibility: false
2026-09-16T05:23:13.8126720Z   leanchecker: false
2026-09-16T05:23:13.8126935Z   lean4checker: false
2026-09-16T05:23:13.8127144Z   nanoda: false
2026-09-16T05:23:13.8127354Z   nanoda-allow-sorry: true
2026-09-16T05:23:13.8127583Z   axiom-audit: false
2026-09-16T05:23:13.8127873Z   axiom-audit-allow: propext,Classical.choice,Quot.sound
2026-09-16T05:23:13.8128292Z   reinstall-transient-toolchain: false
2026-09-16T05:23:13.8128559Z env:
2026-09-16T05:23:13.8128749Z   GOTOOLCHAIN: local
2026-09-16T05:23:13.8128953Z ##[endgroup]
2026-09-16T05:23:13.8194720Z ##[start-action display=install elan;id=__leanprover_lean-action.__run]
2026-09-16T05:23:13.8218133Z ##[group]Run : Install Elan
2026-09-16T05:23:13.8218400Z [36;1m: Install Elan[0m
2026-09-16T05:23:13.8218680Z [36;1m${GITHUB_ACTION_PATH}/scripts/install_elan.sh[0m
2026-09-16T05:23:13.8259295Z shell: /usr/bin/bash --noprofile --norc -e -o pipefail {0}
2026-09-16T05:23:13.8259644Z env:
2026-09-16T05:23:13.8259839Z   GOTOOLCHAIN: local
2026-09-16T05:23:13.8260061Z ##[endgroup]
2026-09-16T05:23:13.8347148Z ##[group]Elan Installation Output
2026-09-16T05:23:13.8951061Z info: downloading installer
2026-09-16T05:23:14.8902985Z info: downloading https://releases.lean-lang.org/lean4/v4.33.1/lean-4.33.1-linux.tar.zst
2026-09-16T05:23:18.0901392Z info: installing /home/runner/.elan/toolchains/leanprover--lean4---v4.33.1
2026-09-16T05:23:24.9430066Z Lean (version 4.33.1, x86_64-unknown-linux-gnu, commit 819816b2e0a3bf405af45ae5c7af2491d8f5bee6, Release)
2026-09-16T05:23:24.9952888Z Lake version 5.0.0-src+819816b (Lean version 4.33.1)
2026-09-16T05:23:24.9991123Z ##[endgroup]
2026-09-16T05:23:24.9991373Z 
2026-09-16T05:23:25.0011119Z ##[end-action id=__leanprover_lean-action.__run;outcome=success;conclusion=success;duration_ms=11181]
2026-09-16T05:23:25.0016617Z ##[start-action display=configure `lean-action`;id=__leanprover_lean-action.config]
2026-09-16T05:23:25.0033112Z ##[group]Run : Configure Lean Action
2026-09-16T05:23:25.0033435Z [36;1m: Configure Lean Action[0m
2026-09-16T05:23:25.0033725Z [36;1m${GITHUB_ACTION_PATH}/scripts/config.sh[0m
2026-09-16T05:23:25.0071819Z shell: /usr/bin/bash --noprofile --norc -e -o pipefail {0}
2026-09-16T05:23:25.0072181Z env:
2026-09-16T05:23:25.0072381Z   GOTOOLCHAIN: local
2026-09-16T05:23:25.0072603Z   AUTO_CONFIG: false
2026-09-16T05:23:25.0073107Z   BUILD: false
2026-09-16T05:23:25.0073319Z   TEST: false
2026-09-16T05:23:25.0073508Z   LINT: false
2026-09-16T05:23:25.0073694Z ##[endgroup]
2026-09-16T05:23:25.0372905Z ##[group]Configure lean-action
2026-09-16T05:23:25.0431368Z ##[end-action id=__leanprover_lean-action.config;outcome=success;conclusion=success;duration_ms=41]
2026-09-16T05:23:25.0436238Z ##[start-action display=reinstall transient toolchain;id=__leanprover_lean-action.__run_2]
2026-09-16T05:23:25.0442229Z ##[end-action id=__leanprover_lean-action.__run_2;outcome=skipped;conclusion=skipped;duration_ms=0]
2026-09-16T05:23:25.0445087Z ##[start-action display=ensure all files are imported;id=__leanprover_lean-action.mk_all]
2026-09-16T05:23:25.0448806Z ##[end-action id=__leanprover_lean-action.mk_all;outcome=skipped;conclusion=skipped;duration_ms=0]
2026-09-16T05:23:25.0451096Z ##[start-action display=Run actions/cache/restore@v5;id=__leanprover_lean-action.__actions_cache]
2026-09-16T05:23:25.0455001Z ##[end-action id=__leanprover_lean-action.__actions_cache;outcome=skipped;conclusion=skipped;duration_ms=0]
2026-09-16T05:23:25.0457010Z ##[start-action display=detect mathlib;id=__leanprover_lean-action.detect-mathlib]
2026-09-16T05:23:25.0460512Z ##[end-action id=__leanprover_lean-action.detect-mathlib;outcome=skipped;conclusion=skipped;duration_ms=0]
2026-09-16T05:23:25.0462826Z ##[start-action display=get mathlib cache;id=__leanprover_lean-action.__run_3]
2026-09-16T05:23:25.0478647Z ##[end-action id=__leanprover_lean-action.__run_3;outcome=skipped;conclusion=skipped;duration_ms=0]
2026-09-16T05:23:25.0505759Z ##[start-action display=build sgstepaniants/OpenProblemsInNLA;id=__leanprover_lean-action.build]
2026-09-16T05:23:25.0510438Z ##[end-action id=__leanprover_lean-action.build;outcome=skipped;conclusion=skipped;duration_ms=0]
2026-09-16T05:23:25.0512819Z ##[start-action display=Run actions/cache/save@v5;id=__leanprover_lean-action.__actions_cache_2]
2026-09-16T05:23:25.0516419Z ##[end-action id=__leanprover_lean-action.__actions_cache_2;outcome=skipped;conclusion=skipped;duration_ms=0]
2026-09-16T05:23:25.0520196Z ##[start-action display=test sgstepaniants/OpenProblemsInNLA;id=__leanprover_lean-action.test]
2026-09-16T05:23:25.0524994Z ##[end-action id=__leanprover_lean-action.test;outcome=skipped;conclusion=skipped;duration_ms=0]
2026-09-16T05:23:25.0528015Z ##[start-action display=lint sgstepaniants/OpenProblemsInNLA;id=__leanprover_lean-action.lint]
2026-09-16T05:23:25.0532769Z ##[end-action id=__leanprover_lean-action.lint;outcome=skipped;conclusion=skipped;duration_ms=0]
2026-09-16T05:23:25.0534712Z ##[start-action display=check reservoir eligibility;id=__leanprover_lean-action.__run_4]
2026-09-16T05:23:25.0538170Z ##[end-action id=__leanprover_lean-action.__run_4;outcome=skipped;conclusion=skipped;duration_ms=0]
2026-09-16T05:23:25.0541391Z ##[start-action display=check environment with leanchecker;id=__leanprover_lean-action.__run_5]
2026-09-16T05:23:25.0546225Z ##[end-action id=__leanprover_lean-action.__run_5;outcome=skipped;conclusion=skipped;duration_ms=0]
2026-09-16T05:23:25.0548678Z ##[start-action display=check environment with nanoda;id=__leanprover_lean-action.nanoda]
2026-09-16T05:23:25.0552400Z ##[end-action id=__leanprover_lean-action.nanoda;outcome=skipped;conclusion=skipped;duration_ms=0]
2026-09-16T05:23:25.0555010Z ##[start-action display=audit axioms with axiom-audit;id=__leanprover_lean-action.axiom-audit]
2026-09-16T05:23:25.0558539Z ##[end-action id=__leanprover_lean-action.axiom-audit;outcome=skipped;conclusion=skipped;duration_ms=0]
2026-09-16T05:23:25.0609843Z ##[group]Run sudo apt-get update
2026-09-16T05:23:25.0610161Z [36;1msudo apt-get update[0m
2026-09-16T05:23:25.0610483Z [36;1msudo apt-get install -y bubblewrap dbus-user-session[0m
2026-09-16T05:23:25.0611296Z [36;1msudo sysctl -w kernel.apparmor_restrict_unprivileged_userns=0[0m
2026-09-16T05:23:25.0611705Z [36;1msudo loginctl enable-linger "$(id -un)"[0m
2026-09-16T05:23:25.0612048Z [36;1msudo systemctl start "user@$(id -u).service"[0m
2026-09-16T05:23:25.0612625Z [36;1mecho "XDG_RUNTIME_DIR=/run/user/$(id -u)" >> "$GITHUB_ENV"[0m
2026-09-16T05:23:25.0613135Z [36;1mecho "DBUS_SESSION_BUS_ADDRESS=unix:path=/run/user/$(id -u)/bus" >> "$GITHUB_ENV"[0m
2026-09-16T05:23:25.0649222Z shell: /usr/bin/bash -e {0}
2026-09-16T05:23:25.0649477Z env:
2026-09-16T05:23:25.0649692Z   GOTOOLCHAIN: local
2026-09-16T05:23:25.0649921Z ##[endgroup]
2026-09-16T05:23:25.5164502Z Get:1 file:/etc/apt/apt-mirrors.txt Mirrorlist [144 B]
2026-09-16T05:23:25.5379333Z Get:6 https://packages.microsoft.com/ubuntu/24.04/prod noble InRelease [3600 B]
2026-09-16T05:23:25.5485970Z Hit:2 http://azure.archive.ubuntu.com/ubuntu noble InRelease
2026-09-16T05:23:25.5497431Z Get:3 http://azure.archive.ubuntu.com/ubuntu noble-updates InRelease [126 kB]
2026-09-16T05:23:25.5560263Z Get:4 http://azure.archive.ubuntu.com/ubuntu noble-backports InRelease [126 kB]
2026-09-16T05:23:25.5591021Z Get:5 http://azure.archive.ubuntu.com/ubuntu noble-security InRelease [126 kB]
2026-09-16T05:23:25.5633453Z Get:7 https://dl.google.com/linux/chrome-stable/deb stable InRelease [2548 B]
2026-09-16T05:23:25.6222146Z Get:8 https://packages.microsoft.com/ubuntu/24.04/prod noble/main arm64 Packages [424 kB]
2026-09-16T05:23:25.6430302Z Get:9 https://packages.microsoft.com/ubuntu/24.04/prod noble/main amd64 Packages [473 kB]
2026-09-16T05:23:25.7491597Z Get:10 http://azure.archive.ubuntu.com/ubuntu noble-updates/main amd64 Packages [1263 kB]
2026-09-16T05:23:25.7569063Z Get:11 http://azure.archive.ubuntu.com/ubuntu noble-updates/main Translation-en [292 kB]
2026-09-16T05:23:25.7596754Z Get:12 http://azure.archive.ubuntu.com/ubuntu noble-updates/main amd64 Components [180 kB]
2026-09-16T05:23:25.7619674Z Get:13 http://azure.archive.ubuntu.com/ubuntu noble-updates/universe amd64 Packages [1687 kB]
2026-09-16T05:23:25.7715736Z Get:14 http://azure.archive.ubuntu.com/ubuntu noble-updates/universe Translation-en [338 kB]
2026-09-16T05:23:25.7748601Z Get:15 http://azure.archive.ubuntu.com/ubuntu noble-updates/universe amd64 Components [388 kB]
2026-09-16T05:23:25.7779410Z Get:16 http://azure.archive.ubuntu.com/ubuntu noble-updates/restricted amd64 Packages [1550 kB]
2026-09-16T05:23:25.7869451Z Get:17 http://azure.archive.ubuntu.com/ubuntu noble-updates/restricted Translation-en [355 kB]
2026-09-16T05:23:25.7901487Z Get:18 http://azure.archive.ubuntu.com/ubuntu noble-updates/multiverse amd64 Packages [45.7 kB]
2026-09-16T05:23:25.7917598Z Get:19 http://azure.archive.ubuntu.com/ubuntu noble-updates/multiverse Translation-en [12.8 kB]
2026-09-16T05:23:25.8344538Z Get:20 http://azure.archive.ubuntu.com/ubuntu noble-updates/multiverse amd64 Components [940 B]
2026-09-16T05:23:25.8361918Z Get:21 http://azure.archive.ubuntu.com/ubuntu noble-backports/main amd64 Components [5776 B]
2026-09-16T05:23:25.8374929Z Get:22 http://azure.archive.ubuntu.com/ubuntu noble-backports/universe amd64 Components [12.6 kB]
2026-09-16T05:23:25.8571872Z Get:23 http://azure.archive.ubuntu.com/ubuntu noble-security/main amd64 Packages [1009 kB]
2026-09-16T05:23:25.8609843Z Get:24 http://azure.archive.ubuntu.com/ubuntu noble-security/main Translation-en [213 kB]
2026-09-16T05:23:25.8632672Z Get:25 http://azure.archive.ubuntu.com/ubuntu noble-security/main amd64 Components [46.4 kB]
2026-09-16T05:23:25.8652096Z Get:26 http://azure.archive.ubuntu.com/ubuntu noble-security/universe amd64 Packages [1207 kB]
2026-09-16T05:23:25.8732339Z Get:27 http://azure.archive.ubuntu.com/ubuntu noble-security/universe Translation-en [242 kB]
2026-09-16T05:23:25.8751739Z Get:28 http://azure.archive.ubuntu.com/ubuntu noble-security/universe amd64 Components [76.3 kB]
2026-09-16T05:23:25.8773333Z Get:29 http://azure.archive.ubuntu.com/ubuntu noble-security/restricted amd64 Packages [1449 kB]
2026-09-16T05:23:25.8858230Z Get:30 http://azure.archive.ubuntu.com/ubuntu noble-security/restricted Translation-en [336 kB]
2026-09-16T05:23:25.9211985Z Get:31 https://dl.google.com/linux/chrome-stable/deb stable/main amd64 Packages [1410 B]
2026-09-16T05:23:31.1140329Z Fetched 12.0 MB in 1s (9004 kB/s)
2026-09-16T05:23:31.9058061Z Reading package lists...
2026-09-16T05:23:31.9364239Z Reading package lists...
2026-09-16T05:23:32.1061772Z Building dependency tree...
2026-09-16T05:23:32.1069405Z Reading state information...
2026-09-16T05:23:32.2556221Z dbus-user-session is already the newest version (1.14.10-4ubuntu4.1).
2026-09-16T05:23:32.2557256Z dbus-user-session set to manually installed.
2026-09-16T05:23:32.2558125Z The following NEW packages will be installed:
2026-09-16T05:23:32.2562782Z   bubblewrap
2026-09-16T05:23:32.2733376Z 0 upgraded, 1 newly installed, 0 to remove and 64 not upgraded.
2026-09-16T05:23:32.2734029Z Need to get 50.2 kB of archives.
2026-09-16T05:23:32.2734706Z After this operation, 133 kB of additional disk space will be used.
2026-09-16T05:23:32.2735318Z Get:1 file:/etc/apt/apt-mirrors.txt Mirrorlist [144 B]
2026-09-16T05:23:32.2979564Z Get:2 http://azure.archive.ubuntu.com/ubuntu noble-updates/main amd64 bubblewrap amd64 0.9.0-1ubuntu0.1 [50.2 kB]
2026-09-16T05:23:32.5423780Z Fetched 50.2 kB in 0s (1342 kB/s)
2026-09-16T05:23:32.5680380Z Selecting previously unselected package bubblewrap.
2026-09-16T05:23:32.6002736Z (Reading database ... 
2026-09-16T05:23:32.6003220Z (Reading database ... 5%
2026-09-16T05:23:32.6003525Z (Reading database ... 10%
2026-09-16T05:23:32.6003829Z (Reading database ... 15%
2026-09-16T05:23:32.6004116Z (Reading database ... 20%
2026-09-16T05:23:32.6004506Z (Reading database ... 25%
2026-09-16T05:23:32.6004786Z (Reading database ... 30%
2026-09-16T05:23:32.6005088Z (Reading database ... 35%
2026-09-16T05:23:32.6005365Z (Reading database ... 40%
2026-09-16T05:23:32.6005641Z (Reading database ... 45%
2026-09-16T05:23:32.6005915Z (Reading database ... 50%
2026-09-16T05:23:32.6060328Z (Reading database ... 55%
2026-09-16T05:23:32.7599560Z (Reading database ... 60%
2026-09-16T05:23:32.9389256Z (Reading database ... 65%
2026-09-16T05:23:33.1068803Z (Reading database ... 70%
2026-09-16T05:23:33.2846293Z (Reading database ... 75%
2026-09-16T05:23:33.4738208Z (Reading database ... 80%
2026-09-16T05:23:33.6979853Z (Reading database ... 85%
2026-09-16T05:23:33.8933101Z (Reading database ... 90%
2026-09-16T05:23:34.1095739Z (Reading database ... 95%
2026-09-16T05:23:34.1096391Z (Reading database ... 100%
2026-09-16T05:23:34.1097235Z (Reading database ... 201818 files and directories currently installed.)
2026-09-16T05:23:34.1138708Z Preparing to unpack .../bubblewrap_0.9.0-1ubuntu0.1_amd64.deb ...
2026-09-16T05:23:34.1166959Z Unpacking bubblewrap (0.9.0-1ubuntu0.1) ...
2026-09-16T05:23:34.1597800Z Setting up bubblewrap (0.9.0-1ubuntu0.1) ...
2026-09-16T05:23:34.1644482Z Processing triggers for man-db (2.12.0-4build2) ...
2026-09-16T05:23:34.1667930Z Not building database; man-db/auto-update is not 'true'.
2026-09-16T05:23:34.8038417Z 
2026-09-16T05:23:34.8039054Z Running kernel seems to be up-to-date.
2026-09-16T05:23:34.8039565Z 
2026-09-16T05:23:34.8039835Z No services need to be restarted.
2026-09-16T05:23:34.8040223Z 
2026-09-16T05:23:34.8040459Z No containers need to be restarted.
2026-09-16T05:23:34.8041157Z 
2026-09-16T05:23:34.8041474Z No user sessions are running outdated binaries.
2026-09-16T05:23:34.8041956Z 
2026-09-16T05:23:34.8042458Z No VM guests are running outdated hypervisor (qemu) binaries on this host.
2026-09-16T05:23:35.7256209Z kernel.apparmor_restrict_unprivileged_userns = 0
2026-09-16T05:23:35.7572370Z ##[group]Run ulimit -n 65536
2026-09-16T05:23:35.7572674Z [36;1mulimit -n 65536[0m
2026-09-16T05:23:35.7572994Z [36;1mtools/lean/bootstrap.sh "$RUNNER_TEMP/nla-lean-tools"[0m
2026-09-16T05:23:35.7573469Z [36;1mtools/lean/verify.sh "$LEAN_PROJECT" "$RUNNER_TEMP/nla-lean-tools"[0m
2026-09-16T05:23:35.7609724Z shell: /usr/bin/bash -e {0}
2026-09-16T05:23:35.7609979Z env:
2026-09-16T05:23:35.7610184Z   GOTOOLCHAIN: local
2026-09-16T05:23:35.7610426Z   XDG_RUNTIME_DIR: /run/user/1001
2026-09-16T05:23:35.7611019Z   DBUS_SESSION_BUS_ADDRESS: unix:path=/run/user/1001/bus
2026-09-16T05:23:35.7611446Z   LEAN_PROJECT: intervals-and-absolute-value-equations/IV-03/lean
2026-09-16T05:23:35.7612021Z ##[endgroup]
2026-09-16T05:23:36.2914512Z Running elan toolchain install leanprover/lean4:v4.33.1
2026-09-16T05:23:36.2915413Z Log: /home/runner/work/_temp/nla-lean-tools/logs/bootstrap/elan.log
2026-09-16T05:23:36.2935444Z info: toolchain 'leanprover/lean4:v4.33.1' is already installed
2026-09-16T05:23:36.3834030Z Running go build -mod=readonly -buildvcs=false -o /home/runner/work/_temp/nla-lean-tools/.tools/bin/landrun ./cmd/landrun
2026-09-16T05:23:36.3834818Z Log: /home/runner/work/_temp/nla-lean-tools/logs/bootstrap/landrun-build.log
2026-09-16T05:23:36.3882357Z go: downloading github.com/urfave/cli/v3 v3.6.2
2026-09-16T05:23:36.4038338Z go: downloading github.com/landlock-lsm/go-landlock v0.9.0
2026-09-16T05:23:36.5172162Z go: downloading golang.org/x/sys v0.40.0
2026-09-16T05:23:36.5173623Z go: downloading kernel.org/pub/linux/libs/security/libcap/psx v1.2.77
2026-09-16T05:23:45.6033651Z Running lake build lean4export comparator
2026-09-16T05:23:45.6034533Z Log: /home/runner/work/_temp/nla-lean-tools/logs/bootstrap/comparator-build.log
2026-09-16T05:23:46.1406815Z ✔ [3/20] Built Comparator.Util (432ms)
2026-09-16T05:23:46.3426616Z ✔ [4/20] Built Comparator.Util:c.o (195ms)
2026-09-16T05:23:47.7444212Z ✔ [5/20] Built Export.Parse (2.0s)
2026-09-16T05:23:48.4453637Z ✔ [6/20] Built Comparator.Axioms (712ms)
2026-09-16T05:23:48.5472153Z ✔ [7/20] Built Export (2.9s)
2026-09-16T05:23:48.9463896Z ✔ [8/20] Built Comparator.Axioms:c.o (539ms)
2026-09-16T05:23:49.3502104Z ✔ [9/20] Built Comparator.Compare (905ms)
2026-09-16T05:23:49.9520922Z ✔ [10/20] Built Comparator.Compare:c.o (643ms)
2026-09-16T05:23:50.4521795Z ✔ [11/20] Built Main (1.5s)
2026-09-16T05:23:50.4551430Z ✔ [12/20] Built Comparator (451ms)
2026-09-16T05:23:50.5511860Z ✔ [13/20] Built Comparator:c.o (95ms)
2026-09-16T05:23:50.8536009Z ✔ [14/20] Built Main:c.o (353ms)
2026-09-16T05:23:52.2575694Z ✔ [15/20] Built Main (1.8s)
2026-09-16T05:23:53.2591394Z ✔ [16/20] Built Export:c.o (4.7s)
2026-09-16T05:23:53.3586755Z ✔ [17/20] Built Main:c.o (1.1s)
2026-09-16T05:23:53.8672094Z ✔ [18/20] Built Export.Parse:c.o (6.2s)
2026-09-16T05:23:54.4629395Z ✔ [19/20] Built lean4export:exe (1.2s)
2026-09-16T05:23:54.7633309Z ✔ [20/20] Built comparator:exe (867ms)
2026-09-16T05:23:54.7639513Z Build completed successfully (20 jobs).
2026-09-16T05:23:55.0537042Z Tools built; isolation and checker controls run during verify. Receipt: /home/runner/work/_temp/nla-lean-tools/bootstrap.json
2026-09-16T05:23:55.4666115Z Running /usr/bin/timeout --kill-after=5s 45s systemd-run -p RuntimeMaxSec=40 --user --quiet --wait --pipe --collect -p 'RestrictAddressFamilies=~AF_UNIX' --working-directory /home/runner/work/_temp/nla-lean-tools /usr/bin/env -i PATH=/home/runner/.elan/toolchains/leanprover--lean4---v4.33.1/bin:/home/runner/.elan/bin:/home/runner/go/bin:/opt/hostedtoolcache/go/1.27.1/x64/bin:/snap/bin:/home/runner/.local/bin:/opt/pipx_bin:/home/runner/.cargo/bin:/home/runner/.config/composer/vendor/bin:/usr/local/.ghcup/bin:/home/runner/.dotnet/tools:/usr/local/sbin:/usr/local/bin:/usr/sbin:/usr/bin:/sbin:/bin:/usr/games:/usr/local/games:/snap/bin HOME=/home/runner LANG=C.UTF-8 XDG_RUNTIME_DIR=/run/user/1001 DBUS_SESSION_BUS_ADDRESS=unix:path=/run/user/1001/bus GIT_TERMINAL_PROMPT=0 GIT_CONFIG_NOSYSTEM=1 GIT_CONFIG_GLOBAL=/dev/null COMPARATOR_BIN=/home/runner/work/_temp/nla-lean-tools/.tools/comparator/.lake/build/bin/comparator COMPARATOR_LEAN4EXPORT=/home/runner/work/_temp/nla-lean-tools/.tools/lean4export/.lake/build/bin/lean4export COMPARATOR_LANDRUN=/home/runner/work/_temp/nla-lean-tools/scripts/strict_landrun.py XDG_CACHE_HOME=/home/runner/work/_temp/nla-lean-tools/.tools/cache TMPDIR=/home/runner/work/_temp/nla-lean-tools/.verification-tmp /usr/bin/true
2026-09-16T05:23:55.4671286Z Log: /home/runner/work/_temp/nla-lean-tools/logs/verify-20260916T052355Z-4146/user-service.log
2026-09-16T05:23:55.8462957Z Running python3 /home/runner/work/_temp/nla-lean-tools/reproduction/checks/sandbox_probe_ci.py
2026-09-16T05:23:55.8464681Z Log: /home/runner/work/_temp/nla-lean-tools/logs/verify-20260916T052355Z-4146/sandbox.log
2026-09-16T05:23:55.8797470Z START sandbox mode: build
2026-09-16T05:23:55.9782638Z START sandbox mode: export
2026-09-16T05:23:56.0638146Z START sandbox negative case: unknown option
2026-09-16T05:23:56.1030441Z START sandbox negative case: unexpected --rw
2026-09-16T05:23:56.1423710Z START sandbox negative case: unexpected --rwx
2026-09-16T05:23:56.1854567Z START sandbox negative case: relative --rwx
2026-09-16T05:23:56.2317065Z MODE build: exit=0
2026-09-16T05:23:56.2317607Z Running as unit: run-u2.service; invocation ID: 37453f7d0b78469693282922dad4a43f
2026-09-16T05:23:56.2318173Z PASS outside .lake write-open: denied errno=30
2026-09-16T05:23:56.2318603Z PASS outside .lake truncate: denied errno=30
2026-09-16T05:23:56.2319076Z PASS outside .lake read-only truncate-open: denied errno=30
2026-09-16T05:23:56.2319582Z PASS symlink from .lake to outside write: denied errno=30
2026-09-16T05:23:56.2320024Z PASS outside .lake creation: denied errno=30
2026-09-16T05:23:56.2320425Z PASS build .lake write: allowed
2026-09-16T05:23:56.2320997Z PASS user namespace: private
2026-09-16T05:23:56.2321319Z PASS pid namespace: private
2026-09-16T05:23:56.2321620Z PASS mnt namespace: private
2026-09-16T05:23:56.2322295Z PASS net namespace: private
2026-09-16T05:23:56.2322796Z PASS ipc namespace: private
2026-09-16T05:23:56.2323326Z PASS uts namespace: private
2026-09-16T05:23:56.2323898Z PASS host parent: absent from private /proc
2026-09-16T05:23:56.2324997Z PASS host parent signal lookup: denied errno=3
2026-09-16T05:23:56.2325857Z PASS host loopback listener: unreachable errno=13
2026-09-16T05:23:56.2326464Z PASS AF_UNIX socket creation: denied errno=97
2026-09-16T05:23:56.2326987Z PASS effective capabilities: none
2026-09-16T05:23:56.2327478Z PASS no_new_privs: set
2026-09-16T05:23:56.2327879Z Sandbox UID: 1001
2026-09-16T05:23:56.2328361Z PASS nested namespace write attempt: rejected exit=1
2026-09-16T05:23:56.2329014Z bwrap: setting up uid map: Permission denied
2026-09-16T05:23:56.2329589Z Finished with result: success
2026-09-16T05:23:56.2330148Z Main processes terminated with: code=exited/status=0
2026-09-16T05:23:56.2330989Z Service runtime: 73ms
2026-09-16T05:23:56.2331403Z CPU time consumed: 74ms
2026-09-16T05:23:56.2331828Z Memory peak: 256.0K
2026-09-16T05:23:56.2332236Z Memory swap peak: 0B
2026-09-16T05:23:56.2332485Z 
2026-09-16T05:23:56.2332654Z MODE export: exit=0
2026-09-16T05:23:56.2333284Z Running as unit: run-u3.service; invocation ID: b06f0499960b4ec49057bcc3cfcfcefb
2026-09-16T05:23:56.2334093Z PASS outside .lake write-open: denied errno=30
2026-09-16T05:23:56.2334653Z PASS outside .lake truncate: denied errno=30
2026-09-16T05:23:56.2335241Z PASS outside .lake read-only truncate-open: denied errno=30
2026-09-16T05:23:56.2335973Z PASS symlink from .lake to outside write: denied errno=30
2026-09-16T05:23:56.2336598Z PASS outside .lake creation: denied errno=30
2026-09-16T05:23:56.2337208Z PASS export .lake write-open: denied errno=30
2026-09-16T05:23:56.2337838Z PASS export .lake truncate: denied errno=30
2026-09-16T05:23:56.2338427Z PASS user namespace: private
2026-09-16T05:23:56.2338912Z PASS pid namespace: private
2026-09-16T05:23:56.2339369Z PASS mnt namespace: private
2026-09-16T05:23:56.2339848Z PASS net namespace: private
2026-09-16T05:23:56.2341003Z PASS ipc namespace: private
2026-09-16T05:23:56.2341504Z PASS uts namespace: private
2026-09-16T05:23:56.2341984Z PASS host parent: absent from private /proc
2026-09-16T05:23:56.2342583Z PASS host parent signal lookup: denied errno=3
2026-09-16T05:23:56.2343233Z PASS host loopback listener: unreachable errno=13
2026-09-16T05:23:56.2343858Z PASS AF_UNIX socket creation: denied errno=97
2026-09-16T05:23:56.2344423Z PASS effective capabilities: none
2026-09-16T05:23:56.2344867Z PASS no_new_privs: set
2026-09-16T05:23:56.2345215Z Sandbox UID: 1001
2026-09-16T05:23:56.2345685Z PASS nested namespace write attempt: rejected exit=1
2026-09-16T05:23:56.2346326Z bwrap: setting up uid map: Permission denied
2026-09-16T05:23:56.2347221Z Finished with result: success
2026-09-16T05:23:56.2347778Z Main processes terminated with: code=exited/status=0
2026-09-16T05:23:56.2348368Z Service runtime: 72ms
2026-09-16T05:23:56.2348776Z CPU time consumed: 73ms
2026-09-16T05:23:56.2349151Z Memory peak: 256.0K
2026-09-16T05:23:56.2349490Z Memory swap peak: 0B
2026-09-16T05:23:56.2349719Z 
2026-09-16T05:23:56.2349904Z NEGATIVE unknown option: exit=2
2026-09-16T05:23:56.2350821Z Running as unit: run-u4.service; invocation ID: 60bc6a61e72e44e4ae27cbc2fe5d76d1
2026-09-16T05:23:56.2351937Z strict Comparator sandbox: unsupported Comparator Landrun option: --unrestricted-filesystem
2026-09-16T05:23:56.2352798Z Finished with result: exit-code
2026-09-16T05:23:56.2353372Z Main processes terminated with: code=exited/status=2
2026-09-16T05:23:56.2354037Z Service runtime: 27ms
2026-09-16T05:23:56.2354457Z CPU time consumed: 27ms
2026-09-16T05:23:56.2354861Z Memory peak: 256.0K
2026-09-16T05:23:56.2355226Z Memory swap peak: 0B
2026-09-16T05:23:56.2355464Z 
2026-09-16T05:23:56.2355660Z NEGATIVE unexpected --rw: exit=2
2026-09-16T05:23:56.2356376Z Running as unit: run-u5.service; invocation ID: 4f98ab3de5474c0ba1c0fae4694ce3de
2026-09-16T05:23:56.2357316Z strict Comparator sandbox: only private /dev may be passed with --rw
2026-09-16T05:23:56.2358005Z Finished with result: exit-code
2026-09-16T05:23:56.2358547Z Main processes terminated with: code=exited/status=2
2026-09-16T05:23:56.2359090Z Service runtime: 26ms
2026-09-16T05:23:56.2359482Z CPU time consumed: 26ms
2026-09-16T05:23:56.2359879Z Memory peak: 256.0K
2026-09-16T05:23:56.2360245Z Memory swap peak: 0B
2026-09-16T05:23:56.2360479Z 
2026-09-16T05:23:56.2360895Z NEGATIVE unexpected --rwx: exit=2
2026-09-16T05:23:56.2361648Z Running as unit: run-u6.service; invocation ID: e40576ef685c451eb038657331bfc877
2026-09-16T05:23:56.2362661Z strict Comparator sandbox: only this project's existing .lake may be writable
2026-09-16T05:23:56.2363425Z Finished with result: exit-code
2026-09-16T05:23:56.2363992Z Main processes terminated with: code=exited/status=2
2026-09-16T05:23:56.2364563Z Service runtime: 26ms
2026-09-16T05:23:56.2364947Z CPU time consumed: 26ms
2026-09-16T05:23:56.2365341Z Memory peak: 256.0K
2026-09-16T05:23:56.2365736Z Memory swap peak: 0B
2026-09-16T05:23:56.2365992Z 
2026-09-16T05:23:56.2366167Z NEGATIVE relative --rwx: exit=2
2026-09-16T05:23:56.2366902Z Running as unit: run-u7.service; invocation ID: 603b3d64a9ba451891c7fd0254b8adb4
2026-09-16T05:23:56.2367897Z strict Comparator sandbox: only this project's existing .lake may be writable
2026-09-16T05:23:56.2368665Z Finished with result: exit-code
2026-09-16T05:23:56.2369237Z Main processes terminated with: code=exited/status=2
2026-09-16T05:23:56.2369795Z Service runtime: 26ms
2026-09-16T05:23:56.2370180Z CPU time consumed: 26ms
2026-09-16T05:23:56.2370748Z Memory peak: 256.0K
2026-09-16T05:23:56.2371150Z Memory swap peak: 0B
2026-09-16T05:23:56.2371379Z 
2026-09-16T05:23:56.2371823Z Outer and export fixture contents unchanged; only designated build fixture written.
2026-09-16T05:23:56.2390303Z Running bash /home/runner/work/_temp/nla-lean-tools/reproduction/checks/run_replay.sh
2026-09-16T05:23:56.2393278Z Log: /home/runner/work/_temp/nla-lean-tools/logs/verify-20260916T052355Z-4146/kernel-controls.log
2026-09-16T05:23:56.4613304Z Replay probe: RestrictAddressFamilies=~AF_UNIX (deny AF_UNIX sockets).
2026-09-16T05:23:56.5195176Z Lean (version 4.33.1, x86_64-unknown-linux-gnu, Release)
2026-09-16T05:23:56.5562885Z /home/runner/.elan/toolchains/leanprover--lean4---v4.33.1/lib/lean/Init.olean
2026-09-16T05:23:56.5563536Z /home/runner/.elan/toolchains/leanprover--lean4---v4.33.1/lib/lean/Init.olean
2026-09-16T05:23:56.5564146Z /home/runner/work/_temp/nla-lean-tools/.tools/comparator/.lake/build/lib/lean/Main.olean
2026-09-16T05:23:57.8070101Z Trusted base fixture: 11 constants
2026-09-16T05:23:57.8071377Z BEGIN honest_with_inductives_and_quotients
2026-09-16T05:23:57.8071760Z Running Lean default kernel on solution.
2026-09-16T05:23:57.8072759Z Lean default kernel accepts the solution
2026-09-16T05:23:57.8073435Z RETURN honest_with_inductives_and_quotients: accepted
2026-09-16T05:23:57.8074041Z BEGIN invalid_raw_proof
2026-09-16T05:23:57.8074503Z Running Lean default kernel on solution.
2026-09-16T05:23:57.8075049Z Lean default kernel rejects the solution
2026-09-16T05:23:57.8075910Z RETURN invalid_raw_proof: rejected: while replaying declaration 'PinnedReplayProbe.invalid':
2026-09-16T05:23:57.8076984Z (kernel) declaration type mismatch, 'PinnedReplayProbe.invalid' has type
2026-09-16T05:23:57.8077659Z   True
2026-09-16T05:23:57.8078028Z but it is expected to have type
2026-09-16T05:23:57.8078282Z   False
2026-09-16T05:23:57.8078494Z BEGIN quotient_postcheck_mismatch
2026-09-16T05:23:57.8078790Z Running Lean default kernel on solution.
2026-09-16T05:23:57.8079091Z Lean default kernel accepts the solution
2026-09-16T05:23:57.8079391Z Quotient post-check rejects the solution
2026-09-16T05:23:57.8079837Z RETURN quotient_postcheck_mismatch: rejected: Quotient constant mismatch on: Quot.lift
2026-09-16T05:23:57.8080436Z PASS: all three actual Comparator.runBuiltinKernel cases behaved as required
2026-09-16T05:23:57.9038687Z Running python3 /home/runner/work/_temp/nla-lean-tools/reproduction/checks/comparator_regressions.py
2026-09-16T05:23:57.9039541Z Log: /home/runner/work/_temp/nla-lean-tools/logs/verify-20260916T052355Z-4146/comparator-controls.log
2026-09-16T05:23:57.9348285Z Comparator regressions: RestrictAddressFamilies=~AF_UNIX; .tools/env.sh selects the real strict sandbox.
2026-09-16T05:23:57.9357549Z 
2026-09-16T05:23:57.9357731Z CASE simple_match
2026-09-16T05:24:00.0004218Z info: ComparatorRegression: no previous manifest, creating one from scratch
2026-09-16T05:24:00.0005345Z info: toolchain not updated; already up-to-date
2026-09-16T05:24:00.0006061Z Building Challenge
2026-09-16T05:24:00.0006915Z ⚠ [2/3] Built Challenge (232ms)
2026-09-16T05:24:00.0007688Z warning: Challenge.lean:1:8: declaration uses `sorry`
2026-09-16T05:24:00.0008558Z Build completed successfully (3 jobs).
2026-09-16T05:24:00.0011761Z Exporting #[Quot, Quot.mk, Quot.lift, Quot.ind, comm, propext, Quot.sound, Classical.choice, Nat.add, Nat.sub, Nat.mul, Nat.pow, Nat.gcd, Nat.div, Nat.mod, Nat.beq, Nat.ble, Nat.land, Nat.lor, Nat.xor, Nat.shiftLeft, Nat.shiftRight, String.ofList, Char.ofNat, List, eagerReduce, Nat, String, String.mk, Char, optParam, autoParam, semiOutParam, outParam] from Challenge
2026-09-16T05:24:00.0014557Z Building Solution
2026-09-16T05:24:00.0015100Z ✔ [2/3] Built Solution (227ms)
2026-09-16T05:24:00.0015607Z Build completed successfully (3 jobs).
2026-09-16T05:24:00.0017273Z Exporting #[Quot, Quot.mk, Quot.lift, Quot.ind, comm, propext, Quot.sound, Classical.choice, Nat.add, Nat.sub, Nat.mul, Nat.pow, Nat.gcd, Nat.div, Nat.mod, Nat.beq, Nat.ble, Nat.land, Nat.lor, Nat.xor, Nat.shiftLeft, Nat.shiftRight, String.ofList, Char.ofNat, List, eagerReduce, Nat, String, String.mk, Char, optParam, autoParam, semiOutParam, outParam] from Solution
2026-09-16T05:24:00.0019043Z Running Lean default kernel on solution.
2026-09-16T05:24:00.0019357Z Lean default kernel accepts the solution
2026-09-16T05:24:00.0019653Z Your solution is okay!
2026-09-16T05:24:00.0020025Z PASS simple_match: exit 0, expected 0; required phase: Your solution is okay!
2026-09-16T05:24:00.0020333Z 
2026-09-16T05:24:00.0021394Z CASE simple_mismatch
2026-09-16T05:24:01.8543976Z info: ComparatorRegression: no previous manifest, creating one from scratch
2026-09-16T05:24:01.8544918Z info: toolchain not updated; already up-to-date
2026-09-16T05:24:01.8545500Z Building Challenge
2026-09-16T05:24:01.8546306Z ⚠ [2/3] Built Challenge (233ms)
2026-09-16T05:24:01.8546940Z warning: Challenge.lean:1:8: declaration uses `sorry`
2026-09-16T05:24:01.8547599Z Build completed successfully (3 jobs).
2026-09-16T05:24:01.8550274Z Exporting #[Quot, Quot.mk, Quot.lift, Quot.ind, comm, propext, Quot.sound, Classical.choice, Nat.add, Nat.sub, Nat.mul, Nat.pow, Nat.gcd, Nat.div, Nat.mod, Nat.beq, Nat.ble, Nat.land, Nat.lor, Nat.xor, Nat.shiftLeft, Nat.shiftRight, String.ofList, Char.ofNat, List, eagerReduce, Nat, String, String.mk, Char, optParam, autoParam, semiOutParam, outParam] from Challenge
2026-09-16T05:24:01.8553378Z Building Solution
2026-09-16T05:24:01.8553937Z ✔ [2/3] Built Solution (224ms)
2026-09-16T05:24:01.8554455Z Build completed successfully (3 jobs).
2026-09-16T05:24:01.8556439Z Exporting #[Quot, Quot.mk, Quot.lift, Quot.ind, comm, propext, Quot.sound, Classical.choice, Nat.add, Nat.sub, Nat.mul, Nat.pow, Nat.gcd, Nat.div, Nat.mod, Nat.beq, Nat.ble, Nat.land, Nat.lor, Nat.xor, Nat.shiftLeft, Nat.shiftRight, String.ofList, Char.ofNat, List, eagerReduce, Nat, String, String.mk, Char, optParam, autoParam, semiOutParam, outParam] from Solution
2026-09-16T05:24:01.8558337Z uncaught exception: Challenge and solution constant kind don't match: 'comm'
2026-09-16T05:24:01.8559011Z PASS simple_mismatch: exit 1, expected 1; required phase: Challenge and solution constant kind don't match: 'comm'
2026-09-16T05:24:01.8559469Z 
2026-09-16T05:24:01.8559570Z CASE simple_axiom_issue
2026-09-16T05:24:03.7364527Z info: ComparatorRegression: no previous manifest, creating one from scratch
2026-09-16T05:24:03.7365574Z info: toolchain not updated; already up-to-date
2026-09-16T05:24:03.7366266Z Building Challenge
2026-09-16T05:24:03.7367176Z ⚠ [2/3] Built Challenge (229ms)
2026-09-16T05:24:03.7367941Z warning: Challenge.lean:1:8: declaration uses `sorry`
2026-09-16T05:24:03.7368746Z Build completed successfully (3 jobs).
2026-09-16T05:24:03.7371871Z Exporting #[Quot, Quot.mk, Quot.lift, Quot.ind, comm, propext, Quot.sound, Classical.choice, Nat.add, Nat.sub, Nat.mul, Nat.pow, Nat.gcd, Nat.div, Nat.mod, Nat.beq, Nat.ble, Nat.land, Nat.lor, Nat.xor, Nat.shiftLeft, Nat.shiftRight, String.ofList, Char.ofNat, List, eagerReduce, Nat, String, String.mk, Char, optParam, autoParam, semiOutParam, outParam] from Challenge
2026-09-16T05:24:03.7374716Z Building Solution
2026-09-16T05:24:03.7375361Z ✔ [2/3] Built Solution (233ms)
2026-09-16T05:24:03.7375996Z Build completed successfully (3 jobs).
2026-09-16T05:24:03.7377481Z Exporting #[Quot, Quot.mk, Quot.lift, Quot.ind, comm, propext, Quot.sound, Classical.choice, Nat.add, Nat.sub, Nat.mul, Nat.pow, Nat.gcd, Nat.div, Nat.mod, Nat.beq, Nat.ble, Nat.land, Nat.lor, Nat.xor, Nat.shiftLeft, Nat.shiftRight, String.ofList, Char.ofNat, List, eagerReduce, Nat, String, String.mk, Char, optParam, autoParam, semiOutParam, outParam] from Solution
2026-09-16T05:24:03.7379320Z uncaught exception: Illegal axiom detected: 'helper'
2026-09-16T05:24:03.7379874Z PASS simple_axiom_issue: exit 1, expected 1; required phase: Illegal axiom detected: 'helper'
2026-09-16T05:24:03.7380301Z 
2026-09-16T05:24:03.7381127Z CASE simple_kind_mismatch
2026-09-16T05:24:05.6331746Z info: ComparatorRegression: no previous manifest, creating one from scratch
2026-09-16T05:24:05.6332708Z info: toolchain not updated; already up-to-date
2026-09-16T05:24:05.6333276Z Building Challenge
2026-09-16T05:24:05.6334084Z ⚠ [2/3] Built Challenge (229ms)
2026-09-16T05:24:05.6334750Z warning: Challenge.lean:1:8: declaration uses `sorry`
2026-09-16T05:24:05.6335407Z Build completed successfully (3 jobs).
2026-09-16T05:24:05.6338432Z Exporting #[Quot, Quot.mk, Quot.lift, Quot.ind, comm, propext, Quot.sound, Classical.choice, Nat.add, Nat.sub, Nat.mul, Nat.pow, Nat.gcd, Nat.div, Nat.mod, Nat.beq, Nat.ble, Nat.land, Nat.lor, Nat.xor, Nat.shiftLeft, Nat.shiftRight, String.ofList, Char.ofNat, List, eagerReduce, Nat, String, String.mk, Char, optParam, autoParam, semiOutParam, outParam] from Challenge
2026-09-16T05:24:05.6340534Z Building Solution
2026-09-16T05:24:05.6341320Z ✔ [2/3] Built Solution (238ms)
2026-09-16T05:24:05.6341626Z Build completed successfully (3 jobs).
2026-09-16T05:24:05.6343455Z Exporting #[Quot, Quot.mk, Quot.lift, Quot.ind, comm, propext, Quot.sound, Classical.choice, Nat.add, Nat.sub, Nat.mul, Nat.pow, Nat.gcd, Nat.div, Nat.mod, Nat.beq, Nat.ble, Nat.land, Nat.lor, Nat.xor, Nat.shiftLeft, Nat.shiftRight, String.ofList, Char.ofNat, List, eagerReduce, Nat, String, String.mk, Char, optParam, autoParam, semiOutParam, outParam] from Solution
2026-09-16T05:24:05.6345209Z uncaught exception: Illegal axiom detected: 'helper'
2026-09-16T05:24:05.6345786Z PASS simple_kind_mismatch: exit 1, expected 1; required phase: Illegal axiom detected: 'helper'
2026-09-16T05:24:05.6346222Z 
2026-09-16T05:24:05.6346329Z CASE type_mismatch
2026-09-16T05:24:07.5029742Z info: ComparatorRegression: no previous manifest, creating one from scratch
2026-09-16T05:24:07.5031137Z info: toolchain not updated; already up-to-date
2026-09-16T05:24:07.5031865Z Building Challenge
2026-09-16T05:24:07.5032715Z ✔ [2/3] Built Challenge (226ms)
2026-09-16T05:24:07.5033356Z Build completed successfully (3 jobs).
2026-09-16T05:24:07.5036154Z Exporting #[Quot, Quot.mk, Quot.lift, Quot.ind, checked, propext, Quot.sound, Classical.choice, Nat.add, Nat.sub, Nat.mul, Nat.pow, Nat.gcd, Nat.div, Nat.mod, Nat.beq, Nat.ble, Nat.land, Nat.lor, Nat.xor, Nat.shiftLeft, Nat.shiftRight, String.ofList, Char.ofNat, List, eagerReduce, Nat, String, String.mk, Char, optParam, autoParam, semiOutParam, outParam] from Challenge
2026-09-16T05:24:07.5038884Z Building Solution
2026-09-16T05:24:07.5039559Z ✔ [2/3] Built Solution (236ms)
2026-09-16T05:24:07.5040189Z Build completed successfully (3 jobs).
2026-09-16T05:24:07.5043322Z Exporting #[Quot, Quot.mk, Quot.lift, Quot.ind, checked, propext, Quot.sound, Classical.choice, Nat.add, Nat.sub, Nat.mul, Nat.pow, Nat.gcd, Nat.div, Nat.mod, Nat.beq, Nat.ble, Nat.land, Nat.lor, Nat.xor, Nat.shiftLeft, Nat.shiftRight, String.ofList, Char.ofNat, List, eagerReduce, Nat, String, String.mk, Char, optParam, autoParam, semiOutParam, outParam] from Solution
2026-09-16T05:24:07.5046288Z uncaught exception: Challenge and solution theorem statement do not match: 'checked'
2026-09-16T05:24:07.5047762Z PASS type_mismatch: exit 1, expected 1; required phase: Challenge and solution theorem statement do not match: 'checked'
2026-09-16T05:24:07.5073890Z PASS: all five Comparator regressions
2026-09-16T05:24:07.5177830Z Running systemd-run --user --quiet --wait --pipe --collect -p 'RestrictAddressFamilies=~AF_UNIX' --working-directory /home/runner/work/_temp/nla-lean-tools/.verification-tmp/nla-axiom-gdkkndux /usr/bin/env -i PATH=/home/runner/.elan/toolchains/leanprover--lean4---v4.33.1/bin:/home/runner/.elan/bin:/home/runner/go/bin:/opt/hostedtoolcache/go/1.27.1/x64/bin:/snap/bin:/home/runner/.local/bin:/opt/pipx_bin:/home/runner/.cargo/bin:/home/runner/.config/composer/vendor/bin:/usr/local/.ghcup/bin:/home/runner/.dotnet/tools:/usr/local/sbin:/usr/local/bin:/usr/sbin:/usr/bin:/sbin:/bin:/usr/games:/usr/local/games:/snap/bin HOME=/home/runner LANG=C.UTF-8 XDG_RUNTIME_DIR=/run/user/1001 DBUS_SESSION_BUS_ADDRESS=unix:path=/run/user/1001/bus GIT_TERMINAL_PROMPT=0 GIT_CONFIG_NOSYSTEM=1 GIT_CONFIG_GLOBAL=/dev/null COMPARATOR_BIN=/home/runner/work/_temp/nla-lean-tools/.tools/comparator/.lake/build/bin/comparator COMPARATOR_LEAN4EXPORT=/home/runner/work/_temp/nla-lean-tools/.tools/lean4export/.lake/build/bin/lean4export COMPARATOR_LANDRUN=/home/runner/work/_temp/nla-lean-tools/scripts/strict_landrun.py XDG_CACHE_HOME=/home/runner/work/_temp/nla-lean-tools/.tools/cache TMPDIR=/home/runner/work/_temp/nla-lean-tools/.verification-tmp lake env /home/runner/work/_temp/nla-lean-tools/.tools/comparator/.lake/build/bin/comparator comparator.json
2026-09-16T05:24:07.5187822Z Log: /home/runner/work/_temp/nla-lean-tools/logs/verify-20260916T052355Z-4146/negative-sorry.log
2026-09-16T05:24:07.6153651Z info: NlaAxiomFixture: no previous manifest, creating one from scratch
2026-09-16T05:24:07.6154811Z info: toolchain not updated; already up-to-date
2026-09-16T05:24:07.6862145Z Building Challenge
2026-09-16T05:24:08.6820833Z ✔ [2/3] Built Challenge (838ms)
2026-09-16T05:24:08.6831462Z Build completed successfully (3 jobs).
2026-09-16T05:24:09.6557609Z Exporting #[Quot, Quot.mk, Quot.lift, Quot.ind, checked, Classical.choice, Quot.sound, propext, Nat.add, Nat.sub, Nat.mul, Nat.pow, Nat.gcd, Nat.div, Nat.mod, Nat.beq, Nat.ble, Nat.land, Nat.lor, Nat.xor, Nat.shiftLeft, Nat.shiftRight, String.ofList, Char.ofNat, List, eagerReduce, Nat, String, String.mk, Char, optParam, autoParam, semiOutParam, outParam] from Challenge
2026-09-16T05:24:09.6560030Z Building Solution
2026-09-16T05:24:10.6521348Z ⚠ [2/3] Built Solution (845ms)
2026-09-16T05:24:10.6522237Z warning: Solution.lean:2:8: declaration uses `sorry`
2026-09-16T05:24:10.6525231Z Build completed successfully (3 jobs).
2026-09-16T05:24:11.7088594Z Exporting #[Quot, Quot.mk, Quot.lift, Quot.ind, checked, Classical.choice, Quot.sound, propext, Nat.add, Nat.sub, Nat.mul, Nat.pow, Nat.gcd, Nat.div, Nat.mod, Nat.beq, Nat.ble, Nat.land, Nat.lor, Nat.xor, Nat.shiftLeft, Nat.shiftRight, String.ofList, Char.ofNat, List, eagerReduce, Nat, String, String.mk, Char, optParam, autoParam, semiOutParam, outParam] from Solution
2026-09-16T05:24:11.7091491Z uncaught exception: Illegal axiom detected: 'sorryAx'
2026-09-16T05:24:11.7199736Z Running systemd-run --user --quiet --wait --pipe --collect -p 'RestrictAddressFamilies=~AF_UNIX' --working-directory /home/runner/work/_temp/nla-lean-tools/.verification-tmp/nla-axiom-71ibd0zu /usr/bin/env -i PATH=/home/runner/.elan/toolchains/leanprover--lean4---v4.33.1/bin:/home/runner/.elan/bin:/home/runner/go/bin:/opt/hostedtoolcache/go/1.27.1/x64/bin:/snap/bin:/home/runner/.local/bin:/opt/pipx_bin:/home/runner/.cargo/bin:/home/runner/.config/composer/vendor/bin:/usr/local/.ghcup/bin:/home/runner/.dotnet/tools:/usr/local/sbin:/usr/local/bin:/usr/sbin:/usr/bin:/sbin:/bin:/usr/games:/usr/local/games:/snap/bin HOME=/home/runner LANG=C.UTF-8 XDG_RUNTIME_DIR=/run/user/1001 DBUS_SESSION_BUS_ADDRESS=unix:path=/run/user/1001/bus GIT_TERMINAL_PROMPT=0 GIT_CONFIG_NOSYSTEM=1 GIT_CONFIG_GLOBAL=/dev/null COMPARATOR_BIN=/home/runner/work/_temp/nla-lean-tools/.tools/comparator/.lake/build/bin/comparator COMPARATOR_LEAN4EXPORT=/home/runner/work/_temp/nla-lean-tools/.tools/lean4export/.lake/build/bin/lean4export COMPARATOR_LANDRUN=/home/runner/work/_temp/nla-lean-tools/scripts/strict_landrun.py XDG_CACHE_HOME=/home/runner/work/_temp/nla-lean-tools/.tools/cache TMPDIR=/home/runner/work/_temp/nla-lean-tools/.verification-tmp lake env /home/runner/work/_temp/nla-lean-tools/.tools/comparator/.lake/build/bin/comparator comparator.json
2026-09-16T05:24:11.7205264Z Log: /home/runner/work/_temp/nla-lean-tools/logs/verify-20260916T052355Z-4146/negative-native.log
2026-09-16T05:24:11.7809193Z info: NlaAxiomFixture: no previous manifest, creating one from scratch
2026-09-16T05:24:11.7809934Z info: toolchain not updated; already up-to-date
2026-09-16T05:24:11.8520672Z Building Challenge
2026-09-16T05:24:12.8501155Z ✔ [2/3] Built Challenge (846ms)
2026-09-16T05:24:12.8504993Z Build completed successfully (3 jobs).
2026-09-16T05:24:13.8125086Z Exporting #[Quot, Quot.mk, Quot.lift, Quot.ind, checked, Classical.choice, Quot.sound, propext, Nat.add, Nat.sub, Nat.mul, Nat.pow, Nat.gcd, Nat.div, Nat.mod, Nat.beq, Nat.ble, Nat.land, Nat.lor, Nat.xor, Nat.shiftLeft, Nat.shiftRight, String.ofList, Char.ofNat, List, eagerReduce, Nat, String, String.mk, Char, optParam, autoParam, semiOutParam, outParam] from Challenge
2026-09-16T05:24:13.8126578Z Building Solution
2026-09-16T05:24:14.8036225Z ✔ [2/3] Built Solution (838ms)
2026-09-16T05:24:14.8040243Z Build completed successfully (3 jobs).
2026-09-16T05:24:15.8185109Z Exporting #[Quot, Quot.mk, Quot.lift, Quot.ind, checked, Classical.choice, Quot.sound, propext, Nat.add, Nat.sub, Nat.mul, Nat.pow, Nat.gcd, Nat.div, Nat.mod, Nat.beq, Nat.ble, Nat.land, Nat.lor, Nat.xor, Nat.shiftLeft, Nat.shiftRight, String.ofList, Char.ofNat, List, eagerReduce, Nat, String, String.mk, Char, optParam, autoParam, semiOutParam, outParam] from Solution
2026-09-16T05:24:15.8189208Z uncaught exception: Illegal axiom detected: 'checked._native.native_decide.ax_1_1'
2026-09-16T05:24:16.0881896Z Running lake env true
2026-09-16T05:24:16.0882801Z Log: /home/runner/work/_temp/nla-lean-tools/logs/verify-20260916T052355Z-4146/dependencies.log
2026-09-16T05:24:16.1255446Z info: leancert: cloning https://github.com/alerad/leancert
2026-09-16T05:24:16.6957634Z info: leancert: checking out revision '621a43d7cf21f87872392a01e874f2f1dbddc926'
2026-09-16T05:24:16.7317394Z info: mathlib: cloning https://github.com/leanprover-community/mathlib4.git
2026-09-16T05:24:48.8715127Z info: mathlib: checking out revision '0df444a360eaa60ab8c11dca51a86af692955474'
2026-09-16T05:24:51.0176731Z info: plausible: cloning https://github.com/leanprover-community/plausible
2026-09-16T05:24:51.2665245Z info: plausible: checking out revision 'b7eb3304aeae834b12dda98993a37f6a41f6f0bb'
2026-09-16T05:24:51.2794110Z info: LeanSearchClient: cloning https://github.com/leanprover-community/LeanSearchClient
2026-09-16T05:24:51.5072003Z info: LeanSearchClient: checking out revision '5f4d51b81cbd3f6b32b156bfad9056621a040404'
2026-09-16T05:24:51.5189253Z info: importGraph: cloning https://github.com/leanprover-community/import-graph
2026-09-16T05:24:52.2520953Z info: importGraph: checking out revision '16f02aa7642864af59f1ff0e384a015994db9118'
2026-09-16T05:24:52.2670895Z info: proofwidgets: cloning https://github.com/leanprover-community/ProofWidgets4
2026-09-16T05:24:52.7096141Z info: proofwidgets: checking out revision '4be2e3d5087eeb272cf5a8853b8f9dd025ef5957'
2026-09-16T05:24:53.4003589Z info: aesop: cloning https://github.com/leanprover-community/aesop
2026-09-16T05:24:53.8645049Z info: aesop: checking out revision '3448c0bcc5ce01b2d1546e483ec3620e32df3d0e'
2026-09-16T05:24:53.8823719Z info: Qq: cloning https://github.com/leanprover-community/quote4
2026-09-16T05:24:54.1332553Z info: Qq: checking out revision '92c15be17b7caf78c2ad767ec40f89052d908d81'
2026-09-16T05:24:54.1455127Z info: batteries: cloning https://github.com/leanprover-community/batteries
2026-09-16T05:24:56.3296357Z info: batteries: checking out revision '4488d40d070b9700d4d5a6aa342f0d40c31b2a2d'
2026-09-16T05:24:56.3549223Z info: Cli: cloning https://github.com/leanprover/lean4-cli
2026-09-16T05:24:56.6332946Z info: Cli: checking out revision '6130a47896ce867c6a4a55373441e59e565bad0f'
2026-09-16T05:24:56.7346718Z Running lake exe cache get
2026-09-16T05:24:56.7348118Z Log: /home/runner/work/_temp/nla-lean-tools/logs/verify-20260916T052355Z-4146/mathlib-cache.log
2026-09-16T05:24:57.9602757Z ✔ [2/26] Built Cache.Cli (396ms)
2026-09-16T05:24:58.0641912Z ✔ [5/26] Built Cache.Lean (462ms)
2026-09-16T05:24:58.2586230Z ✔ [6/26] Built Cache.Cli:c.o (231ms)
2026-09-16T05:24:58.2586929Z ✔ [7/26] Built Cache.Lean:c.o (226ms)
2026-09-16T05:24:58.4642135Z ✔ [8/26] Built Cache.Infra (534ms)
2026-09-16T05:24:58.7633233Z ✔ [9/26] Built Cache.Infra:c.o (251ms)
2026-09-16T05:24:58.9662097Z ✔ [10/26] Built Batteries.Tactic.OpenPrivate (1.0s)
2026-09-16T05:25:00.4672514Z ✔ [11/26] Built Cache.IO (1.5s)
2026-09-16T05:25:00.4692256Z ✔ [12/26] Built Batteries.Tactic.OpenPrivate:c.o (1.4s)
2026-09-16T05:25:01.3692030Z ✔ [13/26] Built Cache.Hashing (856ms)
2026-09-16T05:25:01.7678047Z ✔ [14/26] Built Cache.Hashing:c.o (478ms)
2026-09-16T05:25:02.3692165Z ✔ [15/26] Built Cache.IO:c.o (1.9s)
2026-09-16T05:25:03.4702023Z ✔ [16/26] Built Cache.Requests (2.2s)
2026-09-16T05:25:04.0766183Z ✔ [17/26] Built Cache.Marker (614ms)
2026-09-16T05:25:04.2751916Z ✔ [18/26] Built Cache.Marker:c.o (149ms)
2026-09-16T05:25:04.8831945Z ✔ [19/26] Built Cache.Query (760ms)
2026-09-16T05:25:05.1777431Z ✔ [20/26] Built Cache.Query:c.o (342ms)
2026-09-16T05:25:05.6842047Z ✔ [21/26] Built Cache.Warning (830ms)
2026-09-16T05:25:06.1791693Z ✔ [22/26] Built Cache.Warning:c.o (431ms)
2026-09-16T05:25:06.7798819Z ✔ [23/26] Built Cache.Requests:c.o (3.3s)
2026-09-16T05:25:07.0802231Z ✔ [24/26] Built Cache.Main (1.3s)
2026-09-16T05:25:07.9813001Z ✔ [25/26] Built Cache.Main:c.o (989ms)
2026-09-16T05:25:08.7811781Z ✔ [26/26] Built cache:exe (733ms)
2026-09-16T05:25:11.6619650Z Current branch: HEAD
2026-09-16T05:25:11.6620296Z Using cache from origin: (some leanprover-community/mathlib4)
2026-09-16T05:25:11.6622241Z Attempting to download 8690 file(s) from leanprover-community/mathlib4 cache at https://lakecache.blob.core.windows.net/mathlib4-master
2026-09-16T05:25:12.8720276Z 
2026-09-16T05:25:12.9755989Z Downloaded: 1 file(s) [attempted 1/8690 = 0%, 15 KB/s], Decompressed: 0
2026-09-16T05:25:13.0754822Z Downloaded: 101 file(s) [attempted 101/8690 = 1%, 1084 KB/s], Decompressed: 19
2026-09-16T05:25:13.1763264Z Downloaded: 232 file(s) [attempted 232/8690 = 2%, 375 KB/s], Decompressed: 19
2026-09-16T05:25:13.2779608Z Downloaded: 369 file(s) [attempted 369/8690 = 4%, 1425 KB/s], Decompressed: 66
2026-09-16T05:25:13.3775650Z Downloaded: 488 file(s) [attempted 488/8690 = 5%, 961 KB/s], Decompressed: 66
2026-09-16T05:25:13.4775237Z Downloaded: 642 file(s) [attempted 642/8690 = 7%, 1487 KB/s], Decompressed: 66
2026-09-16T05:25:13.5792165Z Downloaded: 784 file(s) [attempted 784/8690 = 9%, 3505 KB/s], Decompressed: 66
2026-09-16T05:25:13.6801786Z Downloaded: 937 file(s) [attempted 937/8690 = 10%, 2740 KB/s], Decompressed: 66
2026-09-16T05:25:13.7794816Z Downloaded: 1083 file(s) [attempted 1083/8690 = 12%, 482 KB/s], Decompressed: 66
2026-09-16T05:25:13.8802041Z Downloaded: 1221 file(s) [attempted 1221/8690 = 14%, 702 KB/s], Decompressed: 235
2026-09-16T05:25:13.9831441Z Downloaded: 1367 file(s) [attempted 1367/8690 = 15%, 2697 KB/s], Decompressed: 235
2026-09-16T05:25:14.0828822Z Downloaded: 1513 file(s) [attempted 1513/8690 = 17%, 1505 KB/s], Decompressed: 235
2026-09-16T05:25:14.1845909Z Downloaded: 1657 file(s) [attempted 1657/8690 = 19%, 330 KB/s], Decompressed: 235
2026-09-16T05:25:14.2844270Z Downloaded: 1808 file(s) [attempted 1808/8690 = 20%, 657 KB/s], Decompressed: 235
2026-09-16T05:25:14.3872020Z Downloaded: 1952 file(s) [attempted 1952/8690 = 22%, 610 KB/s], Decompressed: 235
2026-09-16T05:25:14.4932308Z Downloaded: 2083 file(s) [attempted 2083/8690 = 23%, 3937 KB/s], Decompressed: 235
2026-09-16T05:25:14.5925180Z Downloaded: 2151 file(s) [attempted 2151/8690 = 24%, 390 KB/s], Decompressed: 235
2026-09-16T05:25:14.6907881Z Downloaded: 2300 file(s) [attempted 2300/8690 = 26%, 251 KB/s], Decompressed: 235
2026-09-16T05:25:14.7909972Z Downloaded: 2442 file(s) [attempted 2442/8690 = 28%, 1070 KB/s], Decompressed: 235
2026-09-16T05:25:14.8912449Z Downloaded: 2583 file(s) [attempted 2583/8690 = 29%, 236 KB/s], Decompressed: 235
2026-09-16T05:25:14.9924265Z Downloaded: 2734 file(s) [attempted 2734/8690 = 31%, 640 KB/s], Decompressed: 235
2026-09-16T05:25:15.1003102Z Downloaded: 2876 file(s) [attempted 2876/8690 = 33%, 1946 KB/s], Decompressed: 235
2026-09-16T05:25:15.2001984Z Downloaded: 3022 file(s) [attempted 3022/8690 = 34%, 2392 KB/s], Decompressed: 235
2026-09-16T05:25:15.3009325Z Downloaded: 3169 file(s) [attempted 3169/8690 = 36%, 5447 KB/s], Decompressed: 235
2026-09-16T05:25:15.4074001Z Downloaded: 3317 file(s) [attempted 3317/8690 = 38%, 945 KB/s], Decompressed: 235
2026-09-16T05:25:15.5092644Z Downloaded: 3461 file(s) [attempted 3461/8690 = 39%, 976 KB/s], Decompressed: 235
2026-09-16T05:25:15.6082161Z Downloaded: 3612 file(s) [attempted 3612/8690 = 41%, 326 KB/s], Decompressed: 235
2026-09-16T05:25:15.7098833Z Downloaded: 3747 file(s) [attempted 3747/8690 = 43%, 1479 KB/s], Decompressed: 235
2026-09-16T05:25:15.8112366Z Downloaded: 3894 file(s) [attempted 3894/8690 = 44%, 878 KB/s], Decompressed: 235
2026-09-16T05:25:15.9092129Z Downloaded: 4033 file(s) [attempted 4033/8690 = 46%, 1041 KB/s], Decompressed: 235
2026-09-16T05:25:16.0109214Z Downloaded: 4175 file(s) [attempted 4175/8690 = 48%, 2530 KB/s], Decompressed: 235
2026-09-16T05:25:16.1109502Z Downloaded: 4296 file(s) [attempted 4296/8690 = 49%, 1247 KB/s], Decompressed: 235
2026-09-16T05:25:16.2157776Z Downloaded: 4428 file(s) [attempted 4428/8690 = 50%, 1153 KB/s], Decompressed: 235
2026-09-16T05:25:16.3156273Z Downloaded: 4570 file(s) [attempted 4570/8690 = 52%, 2216 KB/s], Decompressed: 235
2026-09-16T05:25:16.4182862Z Downloaded: 4705 file(s) [attempted 4705/8690 = 54%, 2948 KB/s], Decompressed: 235
2026-09-16T05:25:16.5197423Z Downloaded: 4860 file(s) [attempted 4860/8690 = 55%, 916 KB/s], Decompressed: 235
2026-09-16T05:25:16.6198487Z Downloaded: 5007 file(s) [attempted 5007/8690 = 57%, 2237 KB/s], Decompressed: 235
2026-09-16T05:25:16.7221589Z Downloaded: 5151 file(s) [attempted 5151/8690 = 59%, 542 KB/s], Decompressed: 235
2026-09-16T05:25:16.8261857Z Downloaded: 5293 file(s) [attempted 5293/8690 = 60%, 94 KB/s], Decompressed: 235
2026-09-16T05:25:16.9292094Z Downloaded: 5449 file(s) [attempted 5449/8690 = 62%, 1781 KB/s], Decompressed: 1099
2026-09-16T05:25:17.0261192Z Downloaded: 5593 file(s) [attempted 5593/8690 = 64%, 523 KB/s], Decompressed: 1099
2026-09-16T05:25:17.1255026Z Downloaded: 5709 file(s) [attempted 5709/8690 = 65%, 792 KB/s], Decompressed: 1099
2026-09-16T05:25:17.2302024Z Downloaded: 5849 file(s) [attempted 5849/8690 = 67%, 2113 KB/s], Decompressed: 1099
2026-09-16T05:25:17.3280445Z Downloaded: 5977 file(s) [attempted 5977/8690 = 68%, 558 KB/s], Decompressed: 1099
2026-09-16T05:25:17.4292625Z Downloaded: 6125 file(s) [attempted 6125/8690 = 70%, 1018 KB/s], Decompressed: 1099
2026-09-16T05:25:17.5304963Z Downloaded: 6233 file(s) [attempted 6233/8690 = 71%, 995 KB/s], Decompressed: 1099
2026-09-16T05:25:17.6324118Z Downloaded: 6368 file(s) [attempted 6368/8690 = 73%, 1494 KB/s], Decompressed: 1099
2026-09-16T05:25:17.7315332Z Downloaded: 6512 file(s) [attempted 6512/8690 = 74%, 1257 KB/s], Decompressed: 1099
2026-09-16T05:25:17.8327491Z Downloaded: 6651 file(s) [attempted 6651/8690 = 76%, 1151 KB/s], Decompressed: 1099
2026-09-16T05:25:17.9342416Z Downloaded: 6767 file(s) [attempted 6767/8690 = 77%, 962 KB/s], Decompressed: 1099
2026-09-16T05:25:18.0350491Z Downloaded: 6914 file(s) [attempted 6914/8690 = 79%, 2738 KB/s], Decompressed: 1099
2026-09-16T05:25:18.1393919Z Downloaded: 7056 file(s) [attempted 7056/8690 = 81%, 3571 KB/s], Decompressed: 1099
2026-09-16T05:25:18.2360888Z Downloaded: 7193 file(s) [attempted 7193/8690 = 82%, 1673 KB/s], Decompressed: 1099
2026-09-16T05:25:18.3378364Z Downloaded: 7344 file(s) [attempted 7344/8690 = 84%, 1978 KB/s], Decompressed: 1099
2026-09-16T05:25:18.4572246Z Downloaded: 7477 file(s) [attempted 7477/8690 = 86%, 411 KB/s], Decompressed: 1099
2026-09-16T05:25:18.5764299Z Downloaded: 7612 file(s) [attempted 7612/8690 = 87%, 160 KB/s], Decompressed: 1099
2026-09-16T05:25:18.6780857Z Downloaded: 7760 file(s) [attempted 7760/8690 = 89%, 362 KB/s], Decompressed: 1099
2026-09-16T05:25:18.7791958Z Downloaded: 7904 file(s) [attempted 7904/8690 = 90%, 426 KB/s], Decompressed: 1099
2026-09-16T05:25:18.8818333Z Downloaded: 8047 file(s) [attempted 8047/8690 = 92%, 2235 KB/s], Decompressed: 1099
2026-09-16T05:25:18.9958002Z Downloaded: 8202 file(s) [attempted 8202/8690 = 94%, 2671 KB/s], Decompressed: 1099
2026-09-16T05:25:19.1102134Z Downloaded: 8298 file(s) [attempted 8298/8690 = 95%, 102 KB/s], Decompressed: 1099
2026-09-16T05:25:19.2096884Z Downloaded: 8410 file(s) [attempted 8410/8690 = 96%, 953 KB/s], Decompressed: 1099
2026-09-16T05:25:19.3192208Z Downloaded: 8558 file(s) [attempted 8558/8690 = 98%, 644 KB/s], Decompressed: 1099
2026-09-16T05:25:19.3820228Z Downloaded: 8670 file(s) [attempted 8670/8690 = 99%, 418 KB/s], Decompressed: 1099
2026-09-16T05:25:19.3821497Z Downloaded: 8690 file(s) [attempted 8690/8690 = 100%, 418 KB/s], Decompressed: 1099
2026-09-16T05:25:41.4566643Z Decompressed 8690 file(s)
2026-09-16T05:25:41.4567170Z Already decompressed 8690 file(s)
2026-09-16T05:25:41.5195618Z Running systemd-run --user --quiet --wait --pipe --collect -p 'RestrictAddressFamilies=~AF_UNIX' --working-directory /home/runner/work/_temp/nla-lean-tools/.verification-tmp/nla-fresh-proof-muqwb062/project /usr/bin/env -i PATH=/home/runner/.elan/toolchains/leanprover--lean4---v4.33.1/bin:/home/runner/.elan/bin:/home/runner/go/bin:/opt/hostedtoolcache/go/1.27.1/x64/bin:/snap/bin:/home/runner/.local/bin:/opt/pipx_bin:/home/runner/.cargo/bin:/home/runner/.config/composer/vendor/bin:/usr/local/.ghcup/bin:/home/runner/.dotnet/tools:/usr/local/sbin:/usr/local/bin:/usr/sbin:/usr/bin:/sbin:/bin:/usr/games:/usr/local/games:/snap/bin HOME=/home/runner LANG=C.UTF-8 XDG_RUNTIME_DIR=/run/user/1001 DBUS_SESSION_BUS_ADDRESS=unix:path=/run/user/1001/bus GIT_TERMINAL_PROMPT=0 GIT_CONFIG_NOSYSTEM=1 GIT_CONFIG_GLOBAL=/dev/null COMPARATOR_BIN=/home/runner/work/_temp/nla-lean-tools/.tools/comparator/.lake/build/bin/comparator COMPARATOR_LEAN4EXPORT=/home/runner/work/_temp/nla-lean-tools/.tools/lean4export/.lake/build/bin/lean4export COMPARATOR_LANDRUN=/home/runner/work/_temp/nla-lean-tools/scripts/strict_landrun.py XDG_CACHE_HOME=/home/runner/work/_temp/nla-lean-tools/.tools/cache TMPDIR=/home/runner/work/_temp/nla-lean-tools/.verification-tmp lake env /home/runner/work/_temp/nla-lean-tools/.tools/comparator/.lake/build/bin/comparator comparator.json
2026-09-16T05:25:41.5201369Z Log: /home/runner/work/_temp/nla-lean-tools/logs/verify-20260916T052355Z-4146/comparator.log
2026-09-16T05:25:42.4699060Z Building Challenge
2026-09-16T05:25:51.8607402Z ✔ [8706/8708] Built NLA.IV03.Definitions (4.4s)
2026-09-16T05:25:55.9645863Z ⚠ [8707/8708] Built Challenge (3.9s)
2026-09-16T05:25:55.9646711Z warning: Challenge.lean:8:8: declaration uses `sorry`
2026-09-16T05:25:55.9647724Z warning: Challenge.lean:12:8: declaration uses `sorry`
2026-09-16T05:25:55.9648559Z warning: Challenge.lean:16:8: declaration uses `sorry`
2026-09-16T05:25:55.9649370Z warning: Challenge.lean:21:8: declaration uses `sorry`
2026-09-16T05:25:56.0036941Z Build completed successfully (8708 jobs).
2026-09-16T05:26:01.8967594Z Exporting #[Quot, Quot.mk, Quot.lift, Quot.ind, NLA.IV03.vertex_formula, NLA.IV03.vertices_admissible, NLA.IV03.nSquaredCriterion, NLA.IV03.twoSignCriterion, propext, Classical.choice, Quot.sound, Nat.add, Nat.sub, Nat.mul, Nat.pow, Nat.gcd, Nat.div, Nat.mod, Nat.beq, Nat.ble, Nat.land, Nat.lor, Nat.xor, Nat.shiftLeft, Nat.shiftRight, String.ofList, Char.ofNat, List, eagerReduce, Nat, String, String.mk, Char, optParam, autoParam, semiOutParam, outParam] from Challenge
2026-09-16T05:26:01.8970257Z Building Solution
2026-09-16T05:26:10.2112251Z ✔ [8707/8739] Built LeanCert.Core.Interval (3.9s)
2026-09-16T05:26:10.3110116Z ✔ [8708/8741] Built LeanCert.Core.DerivativeIntervals (3.0s)
2026-09-16T05:26:13.3163305Z ✔ [8709/8743] Built LeanCert.Core.Expr (7.0s)
2026-09-16T05:26:18.2350970Z ✔ [8710/8743] Built NLA.IV03.Proof (11s)
2026-09-16T05:26:22.6524748Z ✔ [8711/8743] Built LeanCert.Core.Taylor (12s)
2026-09-16T05:26:22.8528215Z ✔ [8712/8745] Built LeanCert.Core.IntervalRat.LogReduction (9.6s)
2026-09-16T05:26:23.3532555Z ✔ [8713/8745] Built LeanCert.Core.IntervalRat.Basic (13s)
2026-09-16T05:26:23.8536492Z ✔ [8714/8747] Built LeanCert.Core.Support (5.7s)
2026-09-16T05:26:27.1571276Z ✔ [8715/8747] Built LeanCert.Meta.Numeral (4.5s)
2026-09-16T05:26:27.2570010Z ✔ [8716/8747] Built LeanCert.Engine.Eval.Result (3.4s)
2026-09-16T05:26:31.6704102Z ⚠ [8717/8747] Built NLA.IV03.Principal (8.3s)
2026-09-16T05:26:31.6708952Z warning: NLA/IV03/Principal.lean:31:2: Try this: 
2026-09-16T05:26:31.6713069Z   letI̵
2026-09-16T05:26:31.6713349Z 
2026-09-16T05:26:31.6713672Z The goal is a proposition, so `let` is preferred over `letI`.
2026-09-16T05:26:31.6714465Z The difference between `let` and `letI` is that `letI` inlines the value.
2026-09-16T05:26:31.6715320Z But this is not relevant for proofs because of proof irrelevance.
2026-09-16T05:26:31.6715763Z 
2026-09-16T05:26:31.6716160Z Note: This linter can be disabled with `set_option linter.style.haveILetI false`
2026-09-16T05:26:31.6717202Z warning: NLA/IV03/Principal.lean:32:2: Try this: 
2026-09-16T05:26:31.6717806Z   letI̵
2026-09-16T05:26:31.6717972Z 
2026-09-16T05:26:31.6718264Z The goal is a proposition, so `let` is preferred over `letI`.
2026-09-16T05:26:31.6719018Z The difference between `let` and `letI` is that `letI` inlines the value.
2026-09-16T05:26:31.6719793Z But this is not relevant for proofs because of proof irrelevance.
2026-09-16T05:26:31.6720220Z 
2026-09-16T05:26:31.6721352Z Note: This linter can be disabled with `set_option linter.style.haveILetI false`
2026-09-16T05:26:31.6722240Z warning: NLA/IV03/Principal.lean:33:2: Try this: 
2026-09-16T05:26:31.6722856Z   letI̵
2026-09-16T05:26:31.6723031Z 
2026-09-16T05:26:31.6723660Z The goal is a proposition, so `let` is preferred over `letI`.
2026-09-16T05:26:31.6724485Z The difference between `let` and `letI` is that `letI` inlines the value.
2026-09-16T05:26:31.6725324Z But this is not relevant for proofs because of proof irrelevance.
2026-09-16T05:26:31.6725796Z 
2026-09-16T05:26:31.6726231Z Note: This linter can be disabled with `set_option linter.style.haveILetI false`
2026-09-16T05:26:31.6727025Z warning: NLA/IV03/Principal.lean:111:2: Try this: 
2026-09-16T05:26:31.6727562Z   letI̵
2026-09-16T05:26:31.6727750Z 
2026-09-16T05:26:31.6728035Z The goal is a proposition, so `let` is preferred over `letI`.
2026-09-16T05:26:31.6728774Z The difference between `let` and `letI` is that `letI` inlines the value.
2026-09-16T05:26:31.6729538Z But this is not relevant for proofs because of proof irrelevance.
2026-09-16T05:26:31.6729958Z 
2026-09-16T05:26:31.6730337Z Note: This linter can be disabled with `set_option linter.style.haveILetI false`
2026-09-16T05:26:31.6731411Z warning: NLA/IV03/Principal.lean:112:2: Try this: 
2026-09-16T05:26:31.6731929Z   letI̵
2026-09-16T05:26:31.6732100Z 
2026-09-16T05:26:31.6732375Z The goal is a proposition, so `let` is preferred over `letI`.
2026-09-16T05:26:31.6733122Z The difference between `let` and `letI` is that `letI` inlines the value.
2026-09-16T05:26:31.6733897Z But this is not relevant for proofs because of proof irrelevance.
2026-09-16T05:26:31.6734321Z 
2026-09-16T05:26:31.6734706Z Note: This linter can be disabled with `set_option linter.style.haveILetI false`
2026-09-16T05:26:31.6735417Z warning: NLA/IV03/Principal.lean:113:2: Try this: 
2026-09-16T05:26:31.6735917Z   letI̵
2026-09-16T05:26:31.6736088Z 
2026-09-16T05:26:31.6736362Z The goal is a proposition, so `let` is preferred over `letI`.
2026-09-16T05:26:31.6737096Z The difference between `let` and `letI` is that `letI` inlines the value.
2026-09-16T05:26:31.6737856Z But this is not relevant for proofs because of proof irrelevance.
2026-09-16T05:26:31.6738281Z 
2026-09-16T05:26:31.6738676Z Note: This linter can be disabled with `set_option linter.style.haveILetI false`
2026-09-16T05:26:32.0710199Z ✔ [8718/8747] Built LeanCert.Core.TrigReduction (4.0s)
2026-09-16T05:26:33.1879093Z ⚠ [8719/8747] Built NLA.IV03.Vertices (10s)
2026-09-16T05:26:33.1881197Z warning: NLA/IV03/Vertices.lean:46:16: Used `tac1 <;> tac2` where `(tac1; tac2)` would suffice
2026-09-16T05:26:33.1882014Z 
2026-09-16T05:26:33.1882755Z Note: This linter can be disabled with `set_option linter.unnecessarySeqFocus false`
2026-09-16T05:26:38.9985935Z ✔ [8720/8749] Built LeanCert.Tactic.IntervalAuto.Types (6.9s)
2026-09-16T05:26:40.0989953Z ✔ [8721/8749] Built LeanCert.Core.IntervalRat.Transcendental (8.5s)
2026-09-16T05:26:40.5004016Z ✔ [8722/8750] Built LeanCert.Tactic.IntervalAuto.Extract (7.3s)
2026-09-16T05:26:47.1173878Z ✔ [8723/8750] Built LeanCert.Tactic.IntervalAuto.Norm (6.6s)
2026-09-16T05:26:47.5227843Z ✔ [8724/8751] Built LeanCert.Meta.ToExpr (8.5s)
2026-09-16T05:26:49.5298341Z ⚠ [8725/8751] Built NLA.IV03.Complementary (9.4s)
2026-09-16T05:26:49.5299266Z warning: NLA/IV03/Complementary.lean:28:2: Try this: 
2026-09-16T05:26:49.5300275Z   letI̵
2026-09-16T05:26:49.5300883Z 
2026-09-16T05:26:49.5301525Z The goal is a proposition, so `let` is preferred over `letI`.
2026-09-16T05:26:49.5304761Z The difference between `let` and `letI` is that `letI` inlines the value.
2026-09-16T05:26:49.5305736Z But this is not relevant for proofs because of proof irrelevance.
2026-09-16T05:26:49.5306274Z 
2026-09-16T05:26:49.5306757Z Note: This linter can be disabled with `set_option linter.style.haveILetI false`
2026-09-16T05:26:49.5307687Z warning: NLA/IV03/Complementary.lean:29:2: Try this: 
2026-09-16T05:26:49.5308423Z   letI̵
2026-09-16T05:26:49.5308622Z 
2026-09-16T05:26:49.5308958Z The goal is a proposition, so `let` is preferred over `letI`.
2026-09-16T05:26:49.5309861Z The difference between `let` and `letI` is that `letI` inlines the value.
2026-09-16T05:26:49.5311085Z But this is not relevant for proofs because of proof irrelevance.
2026-09-16T05:26:49.5311982Z 
2026-09-16T05:26:49.5312459Z Note: This linter can be disabled with `set_option linter.style.haveILetI false`
2026-09-16T05:26:49.5313328Z warning: NLA/IV03/Complementary.lean:30:2: Try this: 
2026-09-16T05:26:49.5314047Z   letI̵
2026-09-16T05:26:49.5314254Z 
2026-09-16T05:26:49.5314631Z The goal is a proposition, so `let` is preferred over `letI`.
2026-09-16T05:26:49.5315523Z The difference between `let` and `letI` is that `letI` inlines the value.
2026-09-16T05:26:49.5316452Z But this is not relevant for proofs because of proof irrelevance.
2026-09-16T05:26:49.5316947Z 
2026-09-16T05:26:49.5317382Z Note: This linter can be disabled with `set_option linter.style.haveILetI false`
2026-09-16T05:26:52.9349836Z ✔ [8726/8758] Built LeanCert.Contrib.Sinc (5.8s)
2026-09-16T05:26:54.0384401Z ✔ [8727/8758] Built LeanCert.Core.IntervalRat.Taylor (26s)
2026-09-16T05:26:55.3407551Z ✔ [8728/8762] Built LeanCert.Tactic.IntervalAuto.Parse (7.8s)
2026-09-16T05:26:57.9452080Z ✔ [8729/8762] Built LeanCert.Core.Dyadic (5.1s)
2026-09-16T05:26:58.5460476Z ✔ [8730/8762] Built LeanCert.Tactic.Verification (4.6s)
2026-09-16T05:26:59.6492180Z ✔ [8731/8762] Built LeanCert.Core.IntervalReal (4.3s)
2026-09-16T05:27:01.7519148Z ✔ [8732/8763] Built LeanCert.Core.IntervalRat.TrigReduced (3.8s)
2026-09-16T05:27:02.6532687Z ✔ [8733/8763] Built LeanCert.Tactic.IntervalAuto.Diagnostic (4.0s)
2026-09-16T05:27:02.6533868Z ✔ [8734/8763] Built LeanCert.Tactic.LeanCert.Bridge.Environment (2.9s)
2026-09-16T05:27:03.4567963Z ✔ [8735/8763] Built LeanCert.Tactic.NumericalRefinement (783ms)
2026-09-16T05:27:03.9574567Z ⚠ [8736/8764] Built NLA.IV03.Adjugate (14s)
2026-09-16T05:27:03.9575812Z warning: NLA/IV03/Adjugate.lean:33:25: This simp argument is unused:
2026-09-16T05:27:03.9576741Z   Matrix.head_cons
2026-09-16T05:27:03.9577151Z 
2026-09-16T05:27:03.9577560Z Hint: Omit it from the simp argument list.
2026-09-16T05:27:03.9581375Z   [apply] simp only [Matrix.det_fin_two, Matrix.submatrix_apply, Matrix.cons_val_zero, Matrix.cons_val_one] at h₁ h₂ h₃
2026-09-16T05:27:03.9582300Z 
2026-09-16T05:27:03.9582751Z Note: This linter can be disabled with `set_option linter.unusedSimpArgs false`
2026-09-16T05:27:08.1729845Z ✔ [8737/8765] Built LeanCert.Core.IntervalRealEndpoints (5.6s)
2026-09-16T05:27:09.0730836Z ✔ [8738/8779] Built LeanCert.Tactic.LeanCert.Normalize (5.6s)
2026-09-16T05:27:11.6753492Z ✔ [8740/8804] Built LeanCert.Core.IntervalDyadic (9.9s)
2026-09-16T05:27:14.6841900Z ⚠ [8741/8804] Built NLA.IV03.Cofactor (10s)
2026-09-16T05:27:14.6847163Z warning: NLA/IV03/Cofactor.lean:29:2: Try this: 
2026-09-16T05:27:14.6848047Z   letI̵
2026-09-16T05:27:14.6848417Z 
2026-09-16T05:27:14.6848866Z The goal is a proposition, so `let` is preferred over `letI`.
2026-09-16T05:27:14.6849853Z The difference between `let` and `letI` is that `letI` inlines the value.
2026-09-16T05:27:14.6851233Z But this is not relevant for proofs because of proof irrelevance.
2026-09-16T05:27:14.6851949Z 
2026-09-16T05:27:14.6852679Z Note: This linter can be disabled with `set_option linter.style.haveILetI false`
2026-09-16T05:27:14.6853979Z warning: NLA/IV03/Cofactor.lean:24:67: This simp argument is unused:
2026-09-16T05:27:14.6854996Z   Pi.single_apply
2026-09-16T05:27:14.6855479Z 
2026-09-16T05:27:14.6855912Z Hint: Omit it from the simp argument list.
2026-09-16T05:27:14.6857325Z   [apply] simp [P', Q', Matrix.updateRow_apply, Matrix.fromBlocks]
2026-09-16T05:27:14.6858145Z 
2026-09-16T05:27:14.6858810Z Note: This linter can be disabled with `set_option linter.unusedSimpArgs false`
2026-09-16T05:27:14.6860193Z warning: NLA/IV03/Cofactor.lean:26:67: This simp argument is unused:
2026-09-16T05:27:14.6861491Z   Pi.single_apply
2026-09-16T05:27:14.6861974Z 
2026-09-16T05:27:14.6862391Z Hint: Omit it from the simp argument list.
2026-09-16T05:27:14.6863434Z   [apply] simp [P', Q', Matrix.updateRow_apply, Matrix.fromBlocks]
2026-09-16T05:27:14.6864176Z 
2026-09-16T05:27:14.6864823Z Note: This linter can be disabled with `set_option linter.unusedSimpArgs false`
2026-09-16T05:27:14.6866457Z warning: NLA/IV03/Cofactor.lean:28:57: This simp argument is unused:
2026-09-16T05:27:14.6867451Z   Pi.single_apply
2026-09-16T05:27:14.6867912Z 
2026-09-16T05:27:14.6868353Z Hint: Omit it from the simp argument list.
2026-09-16T05:27:14.6869379Z   [apply] simp [Matrix.updateRow_apply, Matrix.fromBlocks]
2026-09-16T05:27:14.6870127Z 
2026-09-16T05:27:14.6871052Z Note: This linter can be disabled with `set_option linter.unusedSimpArgs false`
2026-09-16T05:27:18.4009038Z ✔ [8742/8804] Built LeanCert.Engine.Affine.Basic (9.3s)
2026-09-16T05:27:19.0019694Z ✔ [8743/8804] Built LeanCert.Engine.Eval.Core (10s)
2026-09-16T05:27:22.6166626Z ✔ [8744/8804] Built NLA.IV03.Monotonicity (7.9s)
2026-09-16T05:27:23.5170311Z ✔ [8745/8804] Built LeanCert.Engine.Affine.Nonlinear (5.2s)
2026-09-16T05:27:23.9176077Z ✔ [8746/8804] Built LeanCert.Engine.Eval.Extended (4.8s)
2026-09-16T05:27:26.1190031Z ✔ [8747/8804] Built LeanCert.Engine.Bounds.Lemmas (2.2s)
2026-09-16T05:27:27.5208110Z ✔ [8748/8804] Built NLA.IV03.IntervalStructure (4.9s)
2026-09-16T05:27:28.1252998Z ✔ [8749/8804] Built LeanCert.Engine.IntervalEval (2.0s)
2026-09-16T05:27:31.7286534Z ✔ [8750/8804] Built LeanCert.Validity.Bounds.Checked (3.6s)
2026-09-16T05:27:31.8287463Z ✔ [8751/8804] Built LeanCert.Validity.Bounds.Core (3.7s)
2026-09-16T05:27:33.0303971Z ✔ [8752/8804] Built LeanCert.Engine.Affine.Transcendental (4.9s)
2026-09-16T05:27:35.9423989Z ✔ [8753/8804] Built LeanCert.Engine.Optimization.Box (4.1s)
2026-09-16T05:27:37.7437234Z ✔ [8754/8804] Built NLA.IV03.SchurInterval (10s)
2026-09-16T05:27:38.2448657Z ✔ [8755/8804] Built LeanCert.Engine.RootFinding.Basic (6.5s)
2026-09-16T05:27:42.2612976Z ✔ [8756/8804] Built LeanCert.Engine.IntervalEvalDyadic (9.3s)
2026-09-16T05:27:42.4617451Z ✔ [8757/8804] Built LeanCert.Engine.AD.Basic (4.3s)
2026-09-16T05:27:45.7854074Z ✔ [8758/8804] Built LeanCert.Engine.Integrate (9.8s)
2026-09-16T05:27:51.2956911Z ✔ [8759/8804] Built LeanCert.Engine.IntervalEvalAffine (9.0s)
2026-09-16T05:27:51.3958726Z ✔ [8760/8804] Built LeanCert.Engine.TaylorModel.Core (13s)
2026-09-16T05:27:53.1968190Z ✔ [8761/8804] Built LeanCert.Engine.RootFinding.Bisection (7.4s)
2026-09-16T05:27:53.2966398Z ✔ [8762/8804] Built NLA.IV03.IntervalAdjugate (10s)
2026-09-16T05:27:55.3072201Z ✔ [8763/8804] Built LeanCert.Validity.DyadicBounds (3.0s)
2026-09-16T05:27:57.4112954Z ✔ [8764/8804] Built LeanCert.Engine.AD.Transcendental (6.0s)
2026-09-16T05:27:57.8115695Z ✔ [8765/8804] Built LeanCert.Engine.TaylorModel.Integral (4.5s)
2026-09-16T05:27:58.2128110Z ✔ [8766/8804] Built LeanCert.Engine.Affine.Environment (5.0s)
2026-09-16T05:27:58.7139254Z ✔ [8767/8804] Built LeanCert.Engine.TaylorModel.Special (3.4s)
2026-09-16T05:28:09.3416466Z ✔ [8768/8804] Built LeanCert.Engine.TaylorModel.ExpLog (11s)
2026-09-16T05:28:09.5421039Z ✔ [8769/8804] Built NLA.IV03.IntervalInduction (10s)
2026-09-16T05:28:12.5436771Z ✔ [8770/8804] Built LeanCert.Engine.AD.Eval (3.2s)
2026-09-16T05:28:12.7441785Z ✔ [8771/8804] Built LeanCert.Engine.TaylorModel.Trig (14s)
2026-09-16T05:28:13.4449934Z ✔ [8772/8804] Built LeanCert.Engine.TaylorModel.Hyperbolic (16s)
2026-09-16T05:28:15.3480019Z ✔ [8773/8804] Built LeanCert.Engine.AD.Correctness (2.8s)
2026-09-16T05:28:15.6535192Z ✔ [8774/8804] Built LeanCert.Engine.TaylorModel.Functions (2.2s)
2026-09-16T05:28:19.3642243Z ✔ [8775/8804] Built LeanCert.Engine.AD.Computable (4.0s)
2026-09-16T05:28:21.7682473Z ✔ [8776/8804] Built LeanCert.Engine.TaylorModel.Expr (6.1s)
2026-09-16T05:28:22.6727390Z ✔ [8777/8804] Built LeanCert.Engine.AD.PartialCorrectness (7.3s)
2026-09-16T05:28:23.0730758Z ✔ [8778/8804] Built LeanCert.Engine.AD.DomainChecked (3.7s)
2026-09-16T05:28:23.9740966Z ✔ [8779/8804] Built LeanCert.Engine.TaylorModel (2.3s)
2026-09-16T05:28:26.3761680Z ✔ [8780/8804] Built LeanCert.Engine.AD.Dyadic (3.2s)
2026-09-16T05:28:28.1811994Z ✔ [8781/8804] Built LeanCert.Engine.AD (1.8s)
2026-09-16T05:28:32.2972177Z ✔ [8782/8804] Built LeanCert.Validity.Bounds.Smart (4.2s)
2026-09-16T05:28:33.0981610Z ✔ [8783/8804] Built LeanCert.Meta.ProveSupported (4.0s)
2026-09-16T05:28:33.4984031Z ✔ [8784/8804] Built LeanCert.Engine.IntervalEvalRefined (5.3s)
2026-09-16T05:28:36.0008270Z ✔ [8785/8804] Built LeanCert.Engine.Optimize (7.9s)
2026-09-16T05:28:36.5038410Z ✔ [8786/8804] Built LeanCert.Validity.Bounds.Bridge (4.2s)
2026-09-16T05:28:39.4085341Z ✔ [8787/8804] Built LeanCert.Meta.ProveContinuous (6.3s)
2026-09-16T05:28:40.9154007Z ✔ [8788/8804] Built LeanCert.Tactic.IntervalAuto.ProveCommon (7.5s)
2026-09-16T05:28:42.9289955Z ✔ [8789/8804] Built LeanCert.Engine.RootFinding.Newton (6.4s)
2026-09-16T05:28:43.2298389Z ✔ [8790/8804] Built LeanCert.Validity.Bounds.Basic (3.8s)
2026-09-16T05:28:43.8302586Z ✔ [8791/8804] Built LeanCert.Engine.Optimization.Gradient (7.9s)
2026-09-16T05:28:46.9406756Z ✔ [8792/8804] Built LeanCert.Tactic.IntervalAuto.Basic (4.0s)
2026-09-16T05:28:49.4483548Z ✔ [8793/8804] Built LeanCert.Validity.Integration (8.5s)
2026-09-16T05:28:54.2538084Z ✔ [8794/8804] Built LeanCert.Engine.RootFinding.MVTBounds (11s)
2026-09-16T05:28:57.9672556Z ✔ [8795/8804] Built LeanCert.Engine.RootFinding.Krawczyk (11s)
2026-09-16T05:29:01.9757369Z ✔ [8796/8804] Built LeanCert.Engine.RootFinding.Contraction (7.7s)
2026-09-16T05:29:03.8778718Z ✔ [8797/8804] Built LeanCert.Engine.RootFinding.Main (1.9s)
2026-09-16T05:29:07.6827418Z ✔ [8798/8804] Built LeanCert.Engine.Optimization.Global (23s)
2026-09-16T05:29:10.5876389Z ✔ [8799/8804] Built LeanCert.Engine.Optimization.BoundVerify (2.8s)
2026-09-16T05:29:12.7902144Z ✔ [8800/8804] Built LeanCert.Validity.Bounds (5.1s)
2026-09-16T05:29:26.3024230Z ✔ [8801/8804] Built LeanCert.Tactic.IntervalAuto.Bound (13s)
2026-09-16T05:29:33.6096806Z ✔ [8802/8804] Built LeanCert.Tactic.IntervalAuto.PointIneq (7.3s)
2026-09-16T05:29:38.1142293Z ℹ [8803/8804] Built Solution (4.3s)
2026-09-16T05:29:38.1143610Z info: Solution.lean:45:0: 'NLA.IV03.vertex_formula' depends on axioms: [propext, Classical.choice, Quot.sound]
2026-09-16T05:29:38.1145512Z info: Solution.lean:46:0: 'NLA.IV03.vertices_admissible' depends on axioms: [propext, Classical.choice, Quot.sound]
2026-09-16T05:29:38.1147475Z info: Solution.lean:47:0: 'NLA.IV03.nSquaredCriterion' depends on axioms: [propext, Classical.choice, Quot.sound]
2026-09-16T05:29:38.1149444Z info: Solution.lean:48:0: 'NLA.IV03.twoSignCriterion' depends on axioms: [propext, Classical.choice, Quot.sound]
2026-09-16T05:29:38.1494393Z Build completed successfully (8804 jobs).
2026-09-16T05:30:09.3315390Z Exporting #[Quot, Quot.mk, Quot.lift, Quot.ind, NLA.IV03.vertex_formula, NLA.IV03.vertices_admissible, NLA.IV03.nSquaredCriterion, NLA.IV03.twoSignCriterion, propext, Classical.choice, Quot.sound, Nat.add, Nat.sub, Nat.mul, Nat.pow, Nat.gcd, Nat.div, Nat.mod, Nat.beq, Nat.ble, Nat.land, Nat.lor, Nat.xor, Nat.shiftLeft, Nat.shiftRight, String.ofList, Char.ofNat, List, eagerReduce, Nat, String, String.mk, Char, optParam, autoParam, semiOutParam, outParam] from Solution
2026-09-16T05:30:09.3318958Z Running Lean default kernel on solution.
2026-09-16T05:30:09.3319549Z Lean default kernel accepts the solution
2026-09-16T05:30:09.3320119Z Your solution is okay!
2026-09-16T05:30:14.6658424Z PASS: fresh Comparator run and all controls. Evidence: /home/runner/work/_temp/nla-lean-tools/logs/verify-20260916T052355Z-4146
2026-09-16T05:30:14.6831044Z Node 20 is being deprecated. This workflow is running with Node 24 by default. If you need to temporarily use Node 20, you can set the ACTIONS_ALLOW_USE_UNSECURE_NODE_VERSION=true environment variable. For more information see: https://github.blog/changelog/2025-09-19-deprecation-of-node-20-on-github-actions-runners/
2026-09-16T05:30:14.6832486Z ##[group]Run actions/upload-artifact@ea165f8d65b6e75b540449e92b4886f43607fa02
2026-09-16T05:30:14.6832879Z with:
2026-09-16T05:30:14.6833073Z   name: lean-IV-03
2026-09-16T05:30:14.6833334Z   path: /home/runner/work/_temp/nla-lean-tools/logs/
2026-09-16T05:30:14.6833658Z   if-no-files-found: warn
2026-09-16T05:30:14.6833893Z   compression-level: 6
2026-09-16T05:30:14.6834110Z   overwrite: false
2026-09-16T05:30:14.6834513Z   include-hidden-files: false
2026-09-16T05:30:14.6834755Z env:
2026-09-16T05:30:14.6834936Z   GOTOOLCHAIN: local
2026-09-16T05:30:14.6835155Z   XDG_RUNTIME_DIR: /run/user/1001
2026-09-16T05:30:14.6835484Z   DBUS_SESSION_BUS_ADDRESS: unix:path=/run/user/1001/bus
2026-09-16T05:30:14.6835794Z ##[endgroup]
2026-09-16T05:30:15.0100263Z (node:6886) [DEP0040] DeprecationWarning: The `punycode` module is deprecated. Please use a userland alternative instead.
2026-09-16T05:30:15.0102530Z (Use `node --trace-deprecation ...` to show where the warning was created)
2026-09-16T05:30:15.0204132Z With the provided path, there will be 13 files uploaded
2026-09-16T05:30:15.0211462Z Artifact name is valid!
2026-09-16T05:30:15.0212006Z Root directory input is valid!
2026-09-16T05:30:15.2356744Z Beginning upload of artifact content to blob storage
2026-09-16T05:30:15.2773911Z (node:6886) [DEP0169] DeprecationWarning: `url.parse()` behavior is not standardized and prone to errors that have security implications. Use the WHATWG URL API instead. CVEs are not issued for `url.parse()` vulnerabilities.
2026-09-16T05:30:15.3253618Z Uploaded bytes 20489
2026-09-16T05:30:15.3445460Z Finished uploading artifact content to blob storage!
2026-09-16T05:30:15.3446981Z SHA256 digest of uploaded artifact zip is 65608be436508a0350c4d22e0e18f15e5e6706fc131f2e841707747f01e9a5e7
2026-09-16T05:30:15.3448325Z Finalizing artifact upload
2026-09-16T05:30:15.5546308Z Artifact lean-IV-03.zip successfully finalized. Artifact ID 10431667719
2026-09-16T05:30:15.5547772Z Artifact lean-IV-03 has been successfully uploaded! Final size is 20489 bytes. Artifact ID is 10431667719
2026-09-16T05:30:15.5554945Z Artifact download URL: https://github.com/sgstepaniants/OpenProblemsInNLA/actions/runs/35059255598/artifacts/10431667719
2026-09-16T05:30:15.5739046Z Post job cleanup.
2026-09-16T05:30:15.7272654Z Node 20 is being deprecated. This workflow is running with Node 24 by default. If you need to temporarily use Node 20, you can set the ACTIONS_ALLOW_USE_UNSECURE_NODE_VERSION=true environment variable. For more information see: https://github.blog/changelog/2025-09-19-deprecation-of-node-20-on-github-actions-runners/
2026-09-16T05:30:15.7273941Z Post job cleanup.
2026-09-16T05:30:15.8265964Z [command]/usr/bin/git version
2026-09-16T05:30:15.8331475Z git version 2.55.0
2026-09-16T05:30:15.8359380Z Temporarily overriding HOME='/home/runner/work/_temp/69302de7-33a5-4310-b48d-ca9e0a254429' before making global git config changes
2026-09-16T05:30:15.8381689Z Adding repository directory to the temporary git global config as a safe directory
2026-09-16T05:30:15.8387856Z [command]/usr/bin/git config --global --add safe.directory /home/runner/work/OpenProblemsInNLA/OpenProblemsInNLA
2026-09-16T05:30:15.8413340Z [command]/usr/bin/git config --local --name-only --get-regexp core\.sshCommand
2026-09-16T05:30:15.8454216Z [command]/usr/bin/git submodule foreach --recursive sh -c "git config --local --name-only --get-regexp 'core\.sshCommand' && git config --local --unset-all 'core.sshCommand' || :"
2026-09-16T05:30:15.8921815Z [command]/usr/bin/git config --local --name-only --get-regexp http\.https\:\/\/github\.com\/\.extraheader
2026-09-16T05:30:15.8974459Z [command]/usr/bin/git submodule foreach --recursive sh -c "git config --local --name-only --get-regexp 'http\.https\:\/\/github\.com\/\.extraheader' && git config --local --unset-all 'http.https://github.com/.extraheader' || :"
2026-09-16T05:30:15.9396460Z [command]/usr/bin/git config --local --name-only --get-regexp ^includeIf\.gitdir:
2026-09-16T05:30:15.9432866Z [command]/usr/bin/git submodule foreach --recursive git config --local --show-origin --name-only --get-regexp remote.origin.url
2026-09-16T05:30:15.9922878Z Cleaning up orphan processes
2026-09-16T05:30:16.0309598Z ##[warning]Node.js 20 is deprecated. The following actions target Node.js 20 but are being forced to run on Node.js 24: actions/checkout@11d5960a326750d5838078e36cf38b85af677262, actions/upload-artifact@ea165f8d65b6e75b540449e92b4886f43607fa02. For more information see: https://github.blog/changelog/2025-09-19-deprecation-of-node-20-on-github-actions-runners/
