/private/tmp/nla-lean-local-shared-20260916/.lake/packages/mathlib/Mathlib/Algebra/FreeAlgebra.lean:166:with coefficients in `R` and variables indexed by `α`.
/private/tmp/nla-lean-local-shared-20260916/.lake/packages/mathlib/Mathlib/Algebra/LieRinehartAlgebra/Defs.lean:36:/-- A Lie-Rinehart algebra with coefficients in a commutative ring `R`, is a pair consisting of a
/private/tmp/nla-lean-local-shared-20260916/.lake/packages/mathlib/Mathlib/Algebra/LieRinehartAlgebra/Defs.lean:37:commutative `R`-algebra `A` and a Lie algebra `L` with coefficients in `R`, such that `A` and `L`
/private/tmp/nla-lean-local-shared-20260916/.lake/packages/mathlib/Mathlib/Algebra/MvPolynomial/Coeff.lean:12:# Formulas for coefficients of multivariate polynomials
/private/tmp/nla-lean-local-shared-20260916/.lake/packages/mathlib/Mathlib/Algebra/SkewMonoidAlgebra/Single.lean:29:Given an element `f` of a skew monoid algebra, `erase a f` is an element with the same coefficients
/private/tmp/nla-lean-local-shared-20260916/.lake/packages/mathlib/Mathlib/Algebra/MvPolynomial/Equiv.lean:29:+ `R : Type*` `[CommSemiring R]` (the coefficients)
/private/tmp/nla-lean-local-shared-20260916/.lake/packages/mathlib/Mathlib/Algebra/MvPolynomial/Equiv.lean:317:with coefficients in multivariable polynomials in the other type.
/private/tmp/nla-lean-local-shared-20260916/.lake/packages/mathlib/Mathlib/Algebra/MvPolynomial/Equiv.lean:348:with coefficients in multivariable polynomials in the other type.
/private/tmp/nla-lean-local-shared-20260916/.lake/packages/mathlib/Mathlib/Algebra/MvPolynomial/Equiv.lean:369:with coefficients in multivariable polynomials in another type,
/private/tmp/nla-lean-local-shared-20260916/.lake/packages/mathlib/Mathlib/Algebra/MvPolynomial/Equiv.lean:396:with coefficients in multivariable polynomials in the other type.
/private/tmp/nla-lean-local-shared-20260916/.lake/packages/mathlib/Mathlib/Algebra/MvPolynomial/Equiv.lean:466:polynomials with coefficients in `MvPolynomial S₁ R`.
/private/tmp/nla-lean-local-shared-20260916/.lake/packages/mathlib/Mathlib/Algebra/MvPolynomial/Equiv.lean:620:multivariable polynomials with coefficients in polynomials.
/private/tmp/nla-lean-local-shared-20260916/.lake/packages/mathlib/Mathlib/Algebra/Quandle.lean:705:This gives the rack `R` the structure of an augmented rack over `EnvelGroup R`.
/private/tmp/nla-lean-local-shared-20260916/.lake/packages/mathlib/Mathlib/AlgebraicTopology/SimplexCategory/Augmented/Basic.lean:21:We prove that functors out of `AugmentedSimplexCategory` are equivalent to augmented cosimplicial
/private/tmp/nla-lean-local-shared-20260916/.lake/packages/mathlib/Mathlib/AlgebraicTopology/SimplexCategory/Augmented/Basic.lean:22:objects and that functors out of `AugmentedSimplexCategoryᵒᵖ` are equivalent to augmented simplicial
/private/tmp/nla-lean-local-shared-20260916/.lake/packages/mathlib/Mathlib/AlgebraicTopology/SimplexCategory/Augmented/Basic.lean:23:objects, and we provide a translation of the main constructions on augmented (co)simplicial objects
/private/tmp/nla-lean-local-shared-20260916/.lake/packages/mathlib/Mathlib/AlgebraicTopology/SimplexCategory/Augmented/Basic.lean:50:/-- The equivalence between functors out of `AugmentedSimplexCategory` and augmented
/private/tmp/nla-lean-local-shared-20260916/.lake/packages/mathlib/Mathlib/AlgebraicTopology/SimplexCategory/Augmented/Basic.lean:93:/-- The equivalence between functors out of `AugmentedSimplexCategory` and augmented simplicial
/private/tmp/nla-lean-local-shared-20260916/.lake/packages/mathlib/Mathlib/Algebra/Lie/Free.lean:17:coefficients in `R` together with its universal property.
/private/tmp/nla-lean-local-shared-20260916/.lake/packages/mathlib/Mathlib/Algebra/Lie/Free.lean:178:/-- The embedding of `X` into the free Lie algebra of `X` with coefficients in the commutative ring
/private/tmp/nla-lean-local-shared-20260916/.lake/packages/mathlib/Mathlib/Algebra/MvPolynomial/Counit.lean:13:One may consider the ring of multivariate polynomials `MvPolynomial A R` with coefficients in `R`
/private/tmp/nla-lean-local-shared-20260916/.lake/packages/mathlib/Mathlib/Algebra/ContinuedFractions/Computation/Translations.lean:255:/-- This gives the first pair of coefficients of the continued fraction of a non-integer `v`.
/private/tmp/nla-lean-local-shared-20260916/.lake/packages/mathlib/Mathlib/AlgebraicTopology/SimplexCategory/Augmented/Monoidal.lean:12:# Monoidal structure on the augmented simplex category
/private/tmp/nla-lean-local-shared-20260916/.lake/packages/mathlib/Mathlib/Algebra/Lie/BaseChange.lean:188:/-- If `A` is an `R`-algebra, any Lie submodule of a Lie module `M` with coefficients in `R` may be
/private/tmp/nla-lean-local-shared-20260916/.lake/packages/mathlib/Mathlib/Algebra/Lie/BaseChange.lean:189:pushed forward to a Lie submodule of `A ⊗ M` with coefficients in `A`.
/private/tmp/nla-lean-local-shared-20260916/.lake/packages/mathlib/Mathlib/Algebra/DualQuaternion.lean:35:/-- The dual quaternions can be equivalently represented as a quaternion with dual coefficients,
/private/tmp/nla-lean-local-shared-20260916/.lake/packages/mathlib/Mathlib/Algebra/DualQuaternion.lean:36:or as a dual number with quaternion coefficients.
/private/tmp/nla-lean-local-shared-20260916/.lake/packages/mathlib/Mathlib/Algebra/MvPolynomial/Basic.lean:32:corresponding to the terms in `σ`, and coefficients in `R`.
/private/tmp/nla-lean-local-shared-20260916/.lake/packages/mathlib/Mathlib/Algebra/MvPolynomial/Basic.lean:39:+ `R : Type*` `[CommSemiring R]` (the coefficients)
/private/tmp/nla-lean-local-shared-20260916/.lake/packages/mathlib/Mathlib/Algebra/MvPolynomial/Basic.lean:48:* `MvPolynomial σ R` : the type of polynomials with variables of type `σ` and coefficients
/private/tmp/nla-lean-local-shared-20260916/.lake/packages/mathlib/Mathlib/Algebra/MvPolynomial/Basic.lean:848:/-- The finset of nonzero coefficients of a multivariate polynomial. -/
/private/tmp/nla-lean-local-shared-20260916/.lake/packages/mathlib/Mathlib/Algebra/MvPolynomial/Basic.lean:991:/-- The `R`-submodule of multivariate polynomials whose coefficients lie in an `R`-submodule `M`. -/
/private/tmp/nla-lean-local-shared-20260916/.lake/packages/mathlib/Mathlib/Algebra/FreeNonUnitalNonAssocAlgebra.lean:15:`X` with coefficients in `R`, together with its universal property. The construction is valuable
/private/tmp/nla-lean-local-shared-20260916/.lake/packages/mathlib/Mathlib/Algebra/FreeNonUnitalNonAssocAlgebra.lean:29:We construct the free algebra as the magma algebra, with coefficients in `R`, of the free magma on
/private/tmp/nla-lean-local-shared-20260916/.lake/packages/mathlib/Mathlib/Algebra/FreeNonUnitalNonAssocAlgebra.lean:68:/-- The embedding of `X` into the free algebra with coefficients in `R`. -/
/private/tmp/nla-lean-local-shared-20260916/.lake/packages/mathlib/Mathlib/Algebra/MvPolynomial/CommRing.lean:24:+ `R : Type*` `[CommRing R]` (the coefficients)
/private/tmp/nla-lean-local-shared-20260916/.lake/packages/mathlib/Mathlib/Algebra/Lie/TraceForm.lean:19:Let `L` be a Lie algebra with coefficients in a commutative ring `R`. Suppose `M` is a finite, free
/private/tmp/nla-lean-local-shared-20260916/.lake/packages/mathlib/Mathlib/Algebra/MvPolynomial/Monad.lean:27:  is the `MvPolynomial σ S` obtained from `φ` by mapping the coefficients of `φ` through `f`
/private/tmp/nla-lean-local-shared-20260916/.lake/packages/mathlib/Mathlib/Algebra/MvPolynomial/Monad.lean:74:a map `f : R → MvPolynomial σ S` taking coefficients in `p` to polynomials over a new ring `S`,
/private/tmp/nla-lean-local-shared-20260916/.lake/packages/mathlib/Mathlib/Algebra/MvPolynomial/Monad.lean:84:with coefficients in `R` whose variables are polynomials in `σ` with coefficients in `R`,
/private/tmp/nla-lean-local-shared-20260916/.lake/packages/mathlib/Mathlib/Algebra/MvPolynomial/Monad.lean:85:`join₁ p` collapses `p` to a polynomial with variables in `σ` and coefficients in `R`.
/private/tmp/nla-lean-local-shared-20260916/.lake/packages/mathlib/Mathlib/Algebra/MvPolynomial/Monad.lean:93:with variables in `σ` whose coefficients are polynomials in `σ` with coefficients in `R`,
/private/tmp/nla-lean-local-shared-20260916/.lake/packages/mathlib/Mathlib/Algebra/MvPolynomial/Monad.lean:94:`join₂ p` collapses `p` to a polynomial with variables in `σ` and coefficients in `R`.
/private/tmp/nla-lean-local-shared-20260916/.lake/packages/mathlib/Mathlib/Algebra/MvPolynomial/Invertible.lean:28:is also invertible when coerced to any polynomial ring with rational coefficients.
/private/tmp/nla-lean-local-shared-20260916/.lake/packages/mathlib/Mathlib/Algebra/MvPolynomial/Degrees.lean:39:+ `R : Type*` `[CommSemiring R]` (the coefficients)
/private/tmp/nla-lean-local-shared-20260916/.lake/packages/mathlib/Mathlib/Algebra/Lie/Engel.lean:23:Engel's theorem is true for any coefficients (i.e., it is really a theorem about Lie rings) and so
/private/tmp/nla-lean-local-shared-20260916/.lake/packages/mathlib/Mathlib/Algebra/Lie/Engel.lean:24:we work with coefficients in any commutative ring `R` throughout.
/private/tmp/nla-lean-local-shared-20260916/.lake/packages/mathlib/Mathlib/Algebra/Lie/Engel.lean:33:Engel's theorem is usually proved in the special case that the coefficients are a field, and uses
/private/tmp/nla-lean-local-shared-20260916/.lake/packages/mathlib/Mathlib/Algebra/Lie/Engel.lean:38:Since we work with general coefficients, we cannot induct on dimension and an alternate approach
/private/tmp/nla-lean-local-shared-20260916/.lake/packages/mathlib/Mathlib/Algebra/Lie/Engel.lean:54:algebra and a proof of this for general coefficients appeared in the literature as long ago
/private/tmp/nla-lean-local-shared-20260916/.lake/packages/mathlib/Mathlib/Computability/TuringMachine/Config.lean:453:recursion on `c`, building an augmented continuation and a value to pass to it.
/private/tmp/nla-lean-local-shared-20260916/.lake/packages/mathlib/Mathlib/Algebra/Lie/Killing.lean:89:Note that when the coefficients are a field this instance is redundant since we have
/private/tmp/nla-lean-local-shared-20260916/.lake/packages/mathlib/Mathlib/Algebra/MvPolynomial/Eval.lean:15:and more advanced evaluations that allow one to map the coefficients to different rings.
/private/tmp/nla-lean-local-shared-20260916/.lake/packages/mathlib/Mathlib/Algebra/MvPolynomial/Eval.lean:22:+ `R : Type*` `[CommSemiring R]` (the coefficients)
/private/tmp/nla-lean-local-shared-20260916/.lake/packages/mathlib/Mathlib/Algebra/MvPolynomial/Rename.lean:27:+ `R S : Type*` `[CommSemiring R]` `[CommSemiring S]` (the coefficients)
/private/tmp/nla-lean-local-shared-20260916/.lake/packages/mathlib/Mathlib/Algebra/Lie/Loop.lean:37:  coefficients attached to a symmetric bilinear form on the base Lie algebra.
/private/tmp/nla-lean-local-shared-20260916/.lake/packages/mathlib/Mathlib/Algebra/Lie/Loop.lean:39:  coefficients attached to a symmetric invariant bilinear form on the base Lie algebra.
/private/tmp/nla-lean-local-shared-20260916/.lake/packages/mathlib/Mathlib/Algebra/Lie/Loop.lean:128:polynomials with coefficients in `L`, the pairing is interpreted as `(f, g) ↦ Res f dg`. -/
/private/tmp/nla-lean-local-shared-20260916/.lake/packages/mathlib/Mathlib/Algebra/MvPolynomial/Variables.lean:31:+ `R : Type*` `[CommSemiring R]` (the coefficients)
/private/tmp/nla-lean-local-shared-20260916/.lake/packages/mathlib/Mathlib/Algebra/Lie/CartanExists.lean:78:have coefficients that are polynomial in `r : R`.
/private/tmp/nla-lean-local-shared-20260916/.lake/packages/mathlib/Mathlib/Algebra/Lie/CartanExists.lean:179:    -- Indeed, by evaluating the coefficients at `1`
/private/tmp/nla-lean-local-shared-20260916/.lake/packages/mathlib/Mathlib/Algebra/Lie/CartanExists.lean:191:  -- To show that `χ = X ^ r`, it suffices to show that all coefficients in degrees `< r` are `0`.
/private/tmp/nla-lean-local-shared-20260916/.lake/packages/mathlib/Mathlib/AlgebraicTopology/SingularHomology/HomotopyInvariance.lean:47:singular chain complexes with coefficients in `R` (e.g. `R := ℤ` considered as
/private/tmp/nla-lean-local-shared-20260916/.lake/packages/mathlib/Mathlib/AlgebraicTopology/SingularHomology/HomotopyInvariance.lean:56:singular homology with coefficients in `R` (e.g. `R := ℤ` considered as
/private/tmp/nla-lean-local-shared-20260916/.lake/packages/mathlib/Mathlib/Algebra/MvPolynomial/Comap.lean:24:+ `R : Type*` `[CommSemiring R]` (the coefficients)
/private/tmp/nla-lean-local-shared-20260916/.lake/packages/mathlib/Mathlib/Algebra/MvPolynomial/Nilpotent.lean:16:  A multivariate polynomial is nilpotent iff all its coefficients are.
/private/tmp/nla-lean-local-shared-20260916/.lake/packages/mathlib/Mathlib/Algebra/MvPolynomial/Nilpotent.lean:19:  and its other coefficients are nilpotent.
/private/tmp/nla-lean-local-shared-20260916/.lake/packages/mathlib/Mathlib/AlgebraicTopology/SingularHomology/Basic.lean:35:/-- The singular chain complex functor with coefficients in `C`. -/
/private/tmp/nla-lean-local-shared-20260916/.lake/packages/mathlib/Mathlib/AlgebraicTopology/SingularHomology/Basic.lean:54:/-- The `n`-th singular homology functor with coefficients in `C`. -/
/private/tmp/nla-lean-local-shared-20260916/.lake/packages/mathlib/Mathlib/AlgebraicTopology/SingularHomology/HomologyZero.lean:34:/-- The singular homology of a topological space `X` with coefficients in `R`
/private/tmp/nla-lean-local-shared-20260916/.lake/packages/mathlib/Mathlib/Algebra/MvPolynomial/PDeriv.lean:17:It is based purely on the polynomial exponents and coefficients.
/private/tmp/nla-lean-local-shared-20260916/.lake/packages/mathlib/Mathlib/Algebra/MvPolynomial/PDeriv.lean:30:+ `R : Type*` `[CommRing R]` (the coefficients)
/private/tmp/nla-lean-local-shared-20260916/.lake/packages/mathlib/Mathlib/Algebra/EuclideanDomain/Defs.lean:198:are the coefficients in front of `x` and `y` to obtain `r` (i.e. `r = s * x + t * y`).
/private/tmp/nla-lean-local-shared-20260916/.lake/packages/mathlib/Mathlib/Algebra/Lie/Basic.lean:236:Usually one will have coefficients and `LieModule.toEnd` will be more useful. -/
/private/tmp/nla-lean-local-shared-20260916/.lake/packages/mathlib/Mathlib/Algebra/Jordan/Basic.lean:44:The conventional way to linearise the Jordan axiom is to equate coefficients (more formally, assume
/private/tmp/nla-lean-local-shared-20260916/.lake/packages/mathlib/Mathlib/AlgebraicTopology/SimplicialSet/Homology/HomotopyInvariance.lean:16:the same maps on singular homology (with coefficients in an object `R`
/private/tmp/nla-lean-local-shared-20260916/.lake/packages/mathlib/Mathlib/AlgebraicTopology/SimplicialSet/Homology/HomotopyInvariance.lean:58:with coefficients in `R`. The assumption is in `SimplicialObject.Homotopy`,
/private/tmp/nla-lean-local-shared-20260916/.lake/packages/mathlib/Mathlib/AlgebraicTopology/SimplicialSet/Homology/HomotopyInvariance.lean:78:homology of the singular chain complex (with coefficients in `R`).
/private/tmp/nla-lean-local-shared-20260916/.lake/packages/mathlib/Mathlib/AlgebraicTopology/SimplicialSet/Homology/HomotopyInvariance.lean:101:maps on the singular chain complexes with coefficients in `R`.
/private/tmp/nla-lean-local-shared-20260916/.lake/packages/mathlib/Mathlib/AlgebraicTopology/SimplicialSet/Homology/HomotopyInvariance.lean:114:chain complex (with coefficients in `R`).
/private/tmp/nla-lean-local-shared-20260916/.lake/packages/mathlib/Mathlib/AlgebraicTopology/SimplicialSet/Homology/Basic.lean:35:The chain complex associated to a simplicial set, with coefficients in `R : C`.
/private/tmp/nla-lean-local-shared-20260916/.lake/packages/mathlib/Mathlib/AlgebraicTopology/SimplicialSet/Homology/Basic.lean:36:It computes the simplicial homology of a simplicial sets with coefficients
/private/tmp/nla-lean-local-shared-20260916/.lake/packages/mathlib/Mathlib/AlgebraicTopology/SimplicialSet/Homology/Basic.lean:72:coefficients in `R : C`. Its homology is the simplicial homology
/private/tmp/nla-lean-local-shared-20260916/.lake/packages/mathlib/Mathlib/AlgebraicTopology/SimplicialSet/Homology/Basic.lean:112:with coefficients in `R` identify to a coproduct of copies of `R`
/private/tmp/nla-lean-local-shared-20260916/.lake/packages/mathlib/Mathlib/AlgebraicTopology/SimplicialSet/Homology/Basic.lean:126:/-- The simplicial homology with coefficients in `R : C` in degree `n`
/private/tmp/nla-lean-local-shared-20260916/.lake/packages/mathlib/Mathlib/AlgebraicTopology/SimplicialSet/Homology/Basic.lean:146:/-- The simplicial homology functor in degree `n` with coefficients in `R : C`. -/
/private/tmp/nla-lean-local-shared-20260916/.lake/packages/mathlib/Mathlib/AlgebraicTopology/SimplicialSet/Homology/Nondegenerate.lean:19:of a simplicial set `X` with coefficients in `R` (where `R` is an object of a
/private/tmp/nla-lean-local-shared-20260916/.lake/packages/mathlib/Mathlib/AlgebraicTopology/SimplicialSet/Homology/Nondegenerate.lean:39:/-- The normalized chain complex of a simplicial set `X` with coefficients in `R`.
/private/tmp/nla-lean-local-shared-20260916/.lake/packages/mathlib/Mathlib/AlgebraicTopology/SimplicialSet/Homology/HomologyZero.lean:34:`0`-chains with coefficients in `R` to coproduct of copies
/private/tmp/nla-lean-local-shared-20260916/.lake/packages/mathlib/Mathlib/AlgebraicTopology/SimplicialSet/Homology/HomologyZero.lean:59:of the chain complex of `X` with coefficients in `R` identifies
/private/tmp/nla-lean-local-shared-20260916/.lake/packages/mathlib/Mathlib/AlgebraicTopology/SimplicialSet/Homology/HomologyZero.lean:74:of a simplicial set with coefficients in `R` identify to a coproduct
/private/tmp/nla-lean-local-shared-20260916/.lake/packages/mathlib/Mathlib/AlgebraicTopology/SimplicialSet/Homology/HomologyZero.lean:100:/-- The homology of a simplicial set in degree `0` with coefficients
/private/tmp/nla-lean-local-shared-20260916/.lake/packages/mathlib/Mathlib/Computability/AkraBazzi/AkraBazzi.lean:16:a function such that `‖r_i(n) - b_i n‖ ∈ o(n / (log n)^2)` for every `i`, the coefficients `a_i`
/private/tmp/nla-lean-local-shared-20260916/.lake/packages/mathlib/Mathlib/Computability/AkraBazzi/AkraBazzi.lean:17:are positive, and the coefficients `b_i` are real numbers in `(0, 1)`. (This assumption can be
/private/tmp/nla-lean-local-shared-20260916/.lake/packages/mathlib/Mathlib/Algebra/CubicDiscriminant.lean:84:/-! ### Coefficients -/
/private/tmp/nla-lean-local-shared-20260916/.lake/packages/mathlib/Mathlib/Computability/AkraBazzi/SumTransform.lean:66:  /-- The coefficients `a i` are positive. -/
/private/tmp/nla-lean-local-shared-20260916/.lake/packages/mathlib/Mathlib/Computability/AkraBazzi/SumTransform.lean:68:  /-- The coefficients `b i` are positive. -/
/private/tmp/nla-lean-local-shared-20260916/.lake/packages/mathlib/Mathlib/Computability/AkraBazzi/SumTransform.lean:70:  /-- The coefficients `b i` are less than 1. -/
/private/tmp/nla-lean-local-shared-20260916/.lake/packages/mathlib/Mathlib/Algebra/Lie/Weights/Basic.lean:135:  -- Eliminate the binomial coefficients from the picture.
/private/tmp/nla-lean-local-shared-20260916/.lake/packages/mathlib/Mathlib/Algebra/Lie/Weights/Basic.lean:443:/-- If `M` is a representation of a nilpotent Lie algebra `L` with coefficients in `R`, then
/private/tmp/nla-lean-local-shared-20260916/.lake/packages/mathlib/Mathlib/Algebra/Lie/Weights/Linear.lean:15:Given a Lie module `M` over a nilpotent Lie algebra `L` with coefficients in `R`, one frequently
/private/tmp/nla-lean-local-shared-20260916/.lake/packages/mathlib/Mathlib/Algebra/Lie/Weights/Linear.lean:223:/-- Given a Lie module `M` of a nilpotent Lie algebra `L` with coefficients in `R`,
/private/tmp/nla-lean-local-shared-20260916/.lake/packages/mathlib/Mathlib/Algebra/Homology/Augment.lean:92:/-- Truncating an augmented chain complex is isomorphic (with components the identity)
/private/tmp/nla-lean-local-shared-20260916/.lake/packages/mathlib/Mathlib/Algebra/Homology/Augment.lean:250:/-- Truncating an augmented cochain complex is isomorphic (with components the identity)
/private/tmp/nla-lean-local-shared-20260916/.lake/packages/mathlib/Mathlib/Algebra/Lie/Weights/Cartan.lean:269:If the Killing form is non-degenerate and the coefficients are a perfect field, this space is
/private/tmp/nla-lean-local-shared-20260916/.lake/packages/mathlib/Mathlib/Algebra/Lie/Rank.lean:18:Then the coefficients of the characteristic polynomial of `ad R L x` are polynomial in `x`.
/private/tmp/nla-lean-local-shared-20260916/.lake/packages/mathlib/Mathlib/Algebra/Lie/Rank.lean:61:Then the coefficients of the characteristic polynomial of `⁅x, ·⁆` are polynomial in `x`.
/private/tmp/nla-lean-local-shared-20260916/.lake/packages/mathlib/Mathlib/Algebra/Lie/Rank.lean:135:Then the coefficients of the characteristic polynomial of `ad R L x` are polynomial in `x`.
/private/tmp/nla-lean-local-shared-20260916/.lake/packages/mathlib/Mathlib/Algebra/Module/Presentation/Basic.lean:20:an element `G →₀ A` which expresses the coefficients of the expected linear relation.
/private/tmp/nla-lean-local-shared-20260916/.lake/packages/mathlib/Mathlib/Algebra/Module/Presentation/Basic.lean:60:  /-- the coefficients of the linear relations that are expected between the generators -/
/private/tmp/nla-lean-local-shared-20260916/.lake/packages/mathlib/Mathlib/AlgebraicTopology/SimplicialSet/Basic.lean:190:/-- The category of augmented simplicial sets, as a particular case of
/private/tmp/nla-lean-local-shared-20260916/.lake/packages/mathlib/Mathlib/AlgebraicTopology/SimplicialSet/Basic.lean:191:augmented simplicial objects. -/
/private/tmp/nla-lean-local-shared-20260916/.lake/packages/mathlib/Mathlib/Algebra/Lie/Semisimple/Defs.lean:59:for general coefficients.
/private/tmp/nla-lean-local-shared-20260916/.lake/packages/mathlib/Mathlib/Algebra/Lie/Semisimple/Defs.lean:71:are called *reductive*, if the coefficients are a field of characteristic zero.
/private/tmp/nla-lean-local-shared-20260916/.lake/packages/mathlib/Mathlib/Algebra/Lie/Semisimple/Defs.lean:74:the label 'reductive' should mean when the coefficients are not a field of characteristic zero. -/
/private/tmp/nla-lean-local-shared-20260916/.lake/packages/mathlib/Mathlib/Algebra/Lie/Semisimple/Defs.lean:100:for general coefficients.
/private/tmp/nla-lean-local-shared-20260916/.lake/packages/mathlib/Mathlib/Algebra/Lie/Cochain.lean:13:This file defines low degree cochains of Lie algebras with coefficients given by a module. They are
/private/tmp/nla-lean-local-shared-20260916/.lake/packages/mathlib/Mathlib/Algebra/Lie/Cochain.lean:42:/-- Lie algebra 1-cochains over `L` with coefficients in the module `M`. -/
/private/tmp/nla-lean-local-shared-20260916/.lake/packages/mathlib/Mathlib/Algebra/Lie/Cochain.lean:45:/-- Lie algebra 2-cochains over `L` with coefficients in the module `M`. -/
/private/tmp/nla-lean-local-shared-20260916/.lake/packages/mathlib/Mathlib/Algebra/Polynomial/DenomsClearable.lean:70:/-- If `i : R → K` is a ring homomorphism, `f` is a polynomial with coefficients in `R`,
/private/tmp/nla-lean-local-shared-20260916/.lake/packages/mathlib/Mathlib/Algebra/Polynomial/DenomsClearable.lean:81:/-- Evaluating a polynomial with integer coefficients at a rational number and clearing
/private/tmp/nla-lean-local-shared-20260916/.lake/packages/mathlib/Mathlib/Algebra/Polynomial/EraseLead.lean:261:multiply by a linear term, it's equivalent to erasing the first two coefficients of the product. -/
/private/tmp/nla-lean-local-shared-20260916/.lake/packages/mathlib/Mathlib/Algebra/Polynomial/EraseLead.lean:292:  -- Prove equality by showing coefficients are equal
/private/tmp/nla-lean-local-shared-20260916/.lake/packages/mathlib/Mathlib/Algebra/Polynomial/EraseLead.lean:306:  · --n ≥ P.natDegree, so all the coefficients are zero.
/private/tmp/nla-lean-local-shared-20260916/.lake/packages/mathlib/Mathlib/Algebra/Polynomial/Roots.lean:162:/-- Non-constant polynomials have finite fibres, provided the coefficients are a domain. -/
/private/tmp/nla-lean-local-shared-20260916/.lake/packages/mathlib/Mathlib/Algebra/Polynomial/Roots.lean:469:/-- Given a polynomial `p` with coefficients in a ring `T` and a `T`-algebra `S`, `aroots p S` is
/private/tmp/nla-lean-local-shared-20260916/.lake/packages/mathlib/Mathlib/Algebra/Polynomial/Roots.lean:603:/-- The set of roots of all polynomials of bounded degree and having coefficients in a finite set
/private/tmp/nla-lean-local-shared-20260916/.lake/packages/mathlib/Mathlib/Algebra/Polynomial/Inductions.lean:155:/-- A property holds for all polynomials of positive `degree` with coefficients in a semiring `R`
/private/tmp/nla-lean-local-shared-20260916/.lake/packages/mathlib/Mathlib/Algebra/Polynomial/Inductions.lean:183:/-- A property holds for all polynomials of non-zero `natDegree` with coefficients in a
/private/tmp/nla-lean-local-shared-20260916/.lake/packages/mathlib/Mathlib/Algebra/Polynomial/Coeff.lean:17:The theorems include formulas for computing coefficients, such as
/private/tmp/nla-lean-local-shared-20260916/.lake/packages/mathlib/Mathlib/Algebra/Polynomial/OfFn.lean:16:of its coefficients and vice versa. We prove some basic APIs for these functions.
/private/tmp/nla-lean-local-shared-20260916/.lake/packages/mathlib/Mathlib/Algebra/Polynomial/OfFn.lean:20:- `Polynomial.toFn n` associates to a polynomial the vector of its first `n` coefficients.
/private/tmp/nla-lean-local-shared-20260916/.lake/packages/mathlib/Mathlib/Algebra/Polynomial/OfFn.lean:22:  the vector as coefficients.
/private/tmp/nla-lean-local-shared-20260916/.lake/packages/mathlib/Mathlib/Algebra/Polynomial/OfFn.lean:33:/-- `toFn n f` is the vector of the first `n` coefficients of the polynomial `f`. -/
/private/tmp/nla-lean-local-shared-20260916/.lake/packages/mathlib/Mathlib/Algebra/Polynomial/OfFn.lean:44:/-- `ofFn n v` is the polynomial whose coefficients are the entries of the vector `v`. -/
/private/tmp/nla-lean-local-shared-20260916/.lake/packages/mathlib/Mathlib/Algebra/Polynomial/Eval/Defs.lean:20:* `Polynomial.map`: apply `f : R →+* S` to the coefficients of `p : R[X]`.
/private/tmp/nla-lean-local-shared-20260916/.lake/packages/mathlib/Mathlib/Algebra/Polynomial/Eval/Subring.lean:18:  polynomials with coefficients in the range of `f`
/private/tmp/nla-lean-local-shared-20260916/.lake/packages/mathlib/Mathlib/Algebra/Polynomial/BigOperators.lean:25:  the leading coefficient is the product of leading coefficients.
/private/tmp/nla-lean-local-shared-20260916/.lake/packages/mathlib/Mathlib/Algebra/Polynomial/BigOperators.lean:71:the sum of the leading coefficients, provided that this sum is nonzero.
/private/tmp/nla-lean-local-shared-20260916/.lake/packages/mathlib/Mathlib/Algebra/Polynomial/BigOperators.lean:150:the product of the leading coefficients, provided that this product is nonzero.
/private/tmp/nla-lean-local-shared-20260916/.lake/packages/mathlib/Mathlib/Algebra/Polynomial/BigOperators.lean:169:the product of the leading coefficients, provided that this product is nonzero.
/private/tmp/nla-lean-local-shared-20260916/.lake/packages/mathlib/Mathlib/Algebra/Polynomial/BigOperators.lean:179:the sum of the degrees, provided that the product of leading coefficients is nonzero.
/private/tmp/nla-lean-local-shared-20260916/.lake/packages/mathlib/Mathlib/Algebra/Polynomial/BigOperators.lean:195:the sum of the degrees, provided that the product of leading coefficients is nonzero.
/private/tmp/nla-lean-local-shared-20260916/.lake/packages/mathlib/Mathlib/Algebra/Polynomial/BigOperators.lean:368:where additionally, the product of the leading coefficients must be nonzero.
/private/tmp/nla-lean-local-shared-20260916/.lake/packages/mathlib/Mathlib/Algebra/Polynomial/BigOperators.lean:399:the product of the leading coefficients.
/private/tmp/nla-lean-local-shared-20260916/.lake/packages/mathlib/Mathlib/Algebra/Polynomial/BigOperators.lean:402:where additionally, the product of the leading coefficients must be nonzero.
/private/tmp/nla-lean-local-shared-20260916/.lake/packages/mathlib/Mathlib/Algebra/Polynomial/BigOperators.lean:410:the product of the leading coefficients.
/private/tmp/nla-lean-local-shared-20260916/.lake/packages/mathlib/Mathlib/Algebra/Polynomial/BigOperators.lean:413:where additionally, the product of the leading coefficients must be nonzero.
/private/tmp/nla-lean-local-shared-20260916/.lake/packages/mathlib/Mathlib/Algebra/Module/LinearMap/Polynomial.lean:18:The coefficients of the characteristic polynomials of a linear family of endomorphisms
/private/tmp/nla-lean-local-shared-20260916/.lake/packages/mathlib/Mathlib/Algebra/Module/LinearMap/Polynomial.lean:42:* `LinearMap.polyCharpoly_coeff_isHomogeneous`: the coefficients of `polyCharpoly`
/private/tmp/nla-lean-local-shared-20260916/.lake/packages/mathlib/Mathlib/Algebra/Polynomial/Degree/Operations.lean:18:    The leading coefficient of a sum is determined by the leading coefficients and degrees
/private/tmp/nla-lean-local-shared-20260916/.lake/packages/mathlib/Mathlib/Algebra/Group/Finsupp.lean:62:In the case where the coefficients satisfy `CanonicallyOrderedAdd`, there is also
/private/tmp/nla-lean-local-shared-20260916/.lake/packages/mathlib/Mathlib/Algebra/Polynomial/UnitTrinomial.lean:122:/-- A unit trinomial is a trinomial with unit coefficients. -/
/private/tmp/nla-lean-local-shared-20260916/.lake/packages/mathlib/Mathlib/Algebra/Group/Defs.lean:499:`Polynomial R` has a natural `R`-action defined by multiplication on the coefficients. This means
/private/tmp/nla-lean-local-shared-20260916/.lake/packages/mathlib/Mathlib/Algebra/SkewPolynomial/Basic.lean:50:  to coefficients of the polynomial `p`.
/private/tmp/nla-lean-local-shared-20260916/.lake/packages/mathlib/Mathlib/Algebra/SkewPolynomial/Basic.lean:140:  to coefficients of the polynomial `p`. -/
/private/tmp/nla-lean-local-shared-20260916/.lake/packages/mathlib/Mathlib/Algebra/Polynomial/Basic.lean:34:  to coefficients of the polynomial `p`.
/private/tmp/nla-lean-local-shared-20260916/.lake/packages/mathlib/Mathlib/Algebra/Polynomial/Basic.lean:53:* The zero polynomial, so that its coefficients are definitionally equal to `0`.
/private/tmp/nla-lean-local-shared-20260916/.lake/packages/mathlib/Mathlib/Algebra/Polynomial/Basic.lean:75:  /-- The coefficients `ℕ →₀ R` of a polynomial in `R[X]`. -/
/private/tmp/nla-lean-local-shared-20260916/.lake/packages/mathlib/Mathlib/Algebra/Polynomial/Basic.lean:500:/-- `X` commutes with everything, even when the coefficients are noncommutative. -/
/private/tmp/nla-lean-local-shared-20260916/.lake/packages/mathlib/Mathlib/Algebra/Polynomial/Basic.lean:849:/-- Summing the values of a function applied to the coefficients of a polynomial -/
/private/tmp/nla-lean-local-shared-20260916/.lake/packages/mathlib/Mathlib/Algebra/Polynomial/Basic.lean:1043:/-- The finset of nonzero coefficients of a polynomial. -/
/private/tmp/nla-lean-local-shared-20260916/.lake/packages/mathlib/Mathlib/Algebra/Polynomial/Sequence.lean:21:* `Polynomial.Sequence R`: the type of polynomial sequences with coefficients in `R`
/private/tmp/nla-lean-local-shared-20260916/.lake/packages/mathlib/Mathlib/Algebra/Polynomial/Sequence.lean:31:  * just require coefficients are regular
/private/tmp/nla-lean-local-shared-20260916/.lake/packages/mathlib/Mathlib/Algebra/Polynomial/Sequence.lean:89:    leading coefficients are units. -/
/private/tmp/nla-lean-local-shared-20260916/.lake/packages/mathlib/Mathlib/Algebra/Polynomial/Sequence.lean:146:    -- and that they have matching leading coefficients
/private/tmp/nla-lean-local-shared-20260916/.lake/packages/mathlib/Mathlib/Algebra/Polynomial/Sequence.lean:160:    their leading coefficients are units. -/
/private/tmp/nla-lean-local-shared-20260916/.lake/packages/mathlib/Mathlib/Algebra/Polynomial/Sequence.lean:166:/-- A polynomial sequence spans `R[X]` if all of its elements' leading coefficients are units. -/
/private/tmp/nla-lean-local-shared-20260916/.lake/packages/mathlib/Mathlib/Algebra/Quaternion.lean:23:  [Bourbaki, *Algebra I*][bourbaki1989] with coefficients `a`, `b`, `c`
/private/tmp/nla-lean-local-shared-20260916/.lake/packages/mathlib/Mathlib/Algebra/Quaternion.lean:61:/-- Quaternion algebra over a type with fixed coefficients where $i^2 = a + bi$ and $j^2 = c$,
/private/tmp/nla-lean-local-shared-20260916/.lake/packages/mathlib/Mathlib/Algebra/Quaternion.lean:539:/-- There is a natural equivalence when swapping the first and third coefficients of a
/private/tmp/nla-lean-local-shared-20260916/.lake/packages/mathlib/Mathlib/Algebra/Quaternion.lean:1053:/-- Square of the norm. -/
/private/tmp/nla-lean-local-shared-20260916/.lake/packages/mathlib/Mathlib/Algebra/Polynomial/AlgebraMap.lean:29:  coefficients of a polynomial in `S[X]`.
/private/tmp/nla-lean-local-shared-20260916/.lake/packages/mathlib/Mathlib/Algebra/Polynomial/Module/FiniteDimensional.lean:19:* `Module.AEval.isTorsion_of_finiteDimensional`: if a vector space `M` with coefficients in a field
/private/tmp/nla-lean-local-shared-20260916/.lake/packages/mathlib/Mathlib/Algebra/Polynomial/Module/Basic.lean:43:  /-- Construct an element of the polynomial module `M[[]]` from its coefficients `ℕ →₀ M`. -/
/private/tmp/nla-lean-local-shared-20260916/.lake/packages/mathlib/Mathlib/Algebra/Polynomial/Module/Basic.lean:45:  /-- The coefficients `ℕ →₀ M` of an element of the additive monoid algebra `M[X]`. -/
/private/tmp/nla-lean-local-shared-20260916/.lake/packages/mathlib/Mathlib/Algebra/Polynomial/Laurent.lean:21:coefficients come from the semiring `R` and the variable `T` commutes with everything.
/private/tmp/nla-lean-local-shared-20260916/.lake/packages/mathlib/Mathlib/Algebra/Polynomial/Laurent.lean:81:/-- The semiring of Laurent polynomials with coefficients in the semiring `R`.
/private/tmp/nla-lean-local-shared-20260916/.lake/packages/mathlib/Mathlib/Algebra/Polynomial/Laurent.lean:96:/-- The ring homomorphism, taking a polynomial with coefficients in `R` to a Laurent polynomial
/private/tmp/nla-lean-local-shared-20260916/.lake/packages/mathlib/Mathlib/Algebra/Polynomial/Laurent.lean:97:with coefficients in `R`. -/
/private/tmp/nla-lean-local-shared-20260916/.lake/packages/mathlib/Mathlib/Algebra/Polynomial/Laurent.lean:107:/-- The `R`-algebra map, taking a polynomial with coefficients in `R` to a Laurent polynomial
/private/tmp/nla-lean-local-shared-20260916/.lake/packages/mathlib/Mathlib/Algebra/Polynomial/Laurent.lean:108:with coefficients in `R`. -/
/private/tmp/nla-lean-local-shared-20260916/.lake/packages/mathlib/Mathlib/Algebra/Polynomial/Mirror.lean:38:/-- mirror of a polynomial: reverses the coefficients while preserving `Polynomial.natDegree` -/
/private/tmp/nla-lean-local-shared-20260916/.lake/packages/mathlib/Mathlib/Algebra/Polynomial/Expand.lean:18:* `Polynomial.expand R p f`: expand the polynomial `f` with coefficients in a
/private/tmp/nla-lean-local-shared-20260916/.lake/packages/mathlib/Mathlib/Algebra/Polynomial/Homogenize.lean:282:/-- Summing a function over the coefficients of the homogenization of a polynomial `p`
/private/tmp/nla-lean-local-shared-20260916/.lake/packages/mathlib/Mathlib/Algebra/Polynomial/Homogenize.lean:283:(of degree `p.natDegree`) gives the same result as summing over the coefficients of `p`. -/
/private/tmp/nla-lean-local-shared-20260916/.lake/packages/mathlib/Mathlib/Algebra/Polynomial/Smeval.lean:16:coefficients in a semiring `R`, and we evaluate at a weak form of `R`-algebra, namely an additive
/private/tmp/nla-lean-local-shared-20260916/.lake/packages/mathlib/Mathlib/Algebra/Polynomial/Smeval.lean:22:* `Polynomial.smeval`: function for evaluating a polynomial with coefficients in a `Semiring`
/private/tmp/nla-lean-local-shared-20260916/.lake/packages/mathlib/Mathlib/Algebra/Polynomial/RuleOfSigns.lean:18:We define the "sign changes" in the coefficients of a polynomial, and prove Descartes'
/private/tmp/nla-lean-local-shared-20260916/.lake/packages/mathlib/Mathlib/Algebra/Polynomial/RuleOfSigns.lean:21:coefficient, or vice versa, with any number of zero coefficients in between.
/private/tmp/nla-lean-local-shared-20260916/.lake/packages/mathlib/Mathlib/Algebra/Polynomial/RuleOfSigns.lean:25:- `Polynomial.signVariations`: The number of sign changes in a polynomial's coefficients,
/private/tmp/nla-lean-local-shared-20260916/.lake/packages/mathlib/Mathlib/Algebra/Polynomial/RuleOfSigns.lean:26:  where `0` coefficients are ignored.
/private/tmp/nla-lean-local-shared-20260916/.lake/packages/mathlib/Mathlib/Algebra/Polynomial/RuleOfSigns.lean:48:/-- Counts the number of times that the coefficients in a polynomial change sign, with
/private/tmp/nla-lean-local-shared-20260916/.lake/packages/mathlib/Mathlib/Algebra/Polynomial/RuleOfSigns.lean:78:the first two nonzero coefficients match. -/
/private/tmp/nla-lean-local-shared-20260916/.lake/packages/mathlib/Mathlib/Algebra/Polynomial/RuleOfSigns.lean:162:/-- If P's coefficients start with signs `[+, -, ...]`, then multiplying by a binomial `X - η`
/private/tmp/nla-lean-local-shared-20260916/.lake/packages/mathlib/Mathlib/Algebra/Polynomial/RuleOfSigns.lean:190:  --in fact, the coefficients are all the same except the first.
/private/tmp/nla-lean-local-shared-20260916/.lake/packages/mathlib/Mathlib/Algebra/Polynomial/RuleOfSigns.lean:272:/-- If a polynomial starts with two positive coefficients, then the sign changes in the product
/private/tmp/nla-lean-local-shared-20260916/.lake/packages/mathlib/Mathlib/Algebra/Polynomial/RuleOfSigns.lean:275:first two coefficients of P are *negative*, but we just prove the case where they're positive
/private/tmp/nla-lean-local-shared-20260916/.lake/packages/mathlib/Mathlib/Algebra/Polynomial/Reverse.lean:15:the polynomial with a reversed list of coefficients, equivalent to `X^f.natDegree * f(1/X)`.
/private/tmp/nla-lean-local-shared-20260916/.lake/packages/mathlib/Mathlib/Algebra/Polynomial/Reverse.lean:18:coefficients of `f` and `g` do not multiply to zero.
/private/tmp/nla-lean-local-shared-20260916/.lake/packages/mathlib/Mathlib/Algebra/Polynomial/CoeffMem.lean:13:# Bounding the coefficients of the quotient and remainder of polynomials
/private/tmp/nla-lean-local-shared-20260916/.lake/packages/mathlib/Mathlib/Algebra/Polynomial/CoeffMem.lean:15:This file proves that, for polynomials `p q : R[X]`, the coefficients of `p /ₘ q` and `p %ₘ q` can
/private/tmp/nla-lean-local-shared-20260916/.lake/packages/mathlib/Mathlib/Algebra/Polynomial/CoeffMem.lean:16:be written as sums of products of coefficients of `p` and `q`.
/private/tmp/nla-lean-local-shared-20260916/.lake/packages/mathlib/Mathlib/Algebra/Polynomial/CoeffMem.lean:18:Precisely, we show that each summand needs at most one coefficient of `p` and `deg p` coefficients
/private/tmp/nla-lean-local-shared-20260916/.lake/packages/mathlib/Mathlib/Algebra/Polynomial/CoeffMem.lean:82:/-- For polynomials `p q : R[X]`, the coefficients of `p %ₘ q` can be written as sums of products of
/private/tmp/nla-lean-local-shared-20260916/.lake/packages/mathlib/Mathlib/Algebra/Polynomial/CoeffMem.lean:83:coefficients of `p` and `q`.
/private/tmp/nla-lean-local-shared-20260916/.lake/packages/mathlib/Mathlib/Algebra/Polynomial/CoeffMem.lean:85:Precisely, each summand needs at most one coefficient of `p` and `deg p` coefficients of `q`. -/
/private/tmp/nla-lean-local-shared-20260916/.lake/packages/mathlib/Mathlib/Algebra/Polynomial/CoeffMem.lean:97:/-- For polynomials `p q : R[X]`, the coefficients of `p /ₘ q` can be written as sums of products of
/private/tmp/nla-lean-local-shared-20260916/.lake/packages/mathlib/Mathlib/Algebra/Polynomial/CoeffMem.lean:98:coefficients of `p` and `q`.
/private/tmp/nla-lean-local-shared-20260916/.lake/packages/mathlib/Mathlib/Algebra/Polynomial/CoeffMem.lean:100:Precisely, each summand needs at most one coefficient of `p` and `deg p` coefficients of `q`. -/
/private/tmp/nla-lean-local-shared-20260916/.lake/packages/mathlib/Mathlib/Algebra/Polynomial/CoeffList.lean:13:# A list of coefficients of a polynomial
/private/tmp/nla-lean-local-shared-20260916/.lake/packages/mathlib/Mathlib/Algebra/Polynomial/CoeffList.lean:17:* `coeffList f`: a `List` of the coefficients, from leading term down to constant term.
/private/tmp/nla-lean-local-shared-20260916/.lake/packages/mathlib/Mathlib/Algebra/Polynomial/CoeffList.lean:21:the sense that `Polynomial` is already a `Finsupp` (of its coefficients), and `Polynomial.coeff`
/private/tmp/nla-lean-local-shared-20260916/.lake/packages/mathlib/Mathlib/Algebra/Polynomial/CoeffList.lean:24:comparing adjacent coefficients with each other, or anything that involves induction on Polynomials
/private/tmp/nla-lean-local-shared-20260916/.lake/packages/mathlib/Mathlib/Algebra/Polynomial/CoeffList.lean:34:of coefficients starts with the leading coefficient, followed by some number of zeros, and then the
/private/tmp/nla-lean-local-shared-20260916/.lake/packages/mathlib/Mathlib/Algebra/Polynomial/CoeffList.lean:35:coefficients of `P.eraseLead`.
/private/tmp/nla-lean-local-shared-20260916/.lake/packages/mathlib/Mathlib/Algebra/Polynomial/CoeffList.lean:48:/-- The list of coefficients starting from the leading term down to the constant term. -/
/private/tmp/nla-lean-local-shared-20260916/.lake/packages/mathlib/Mathlib/Algebra/Polynomial/CoeffList.lean:59:/-- Only the zero polynomial has no coefficients. -/
/private/tmp/nla-lean-local-shared-20260916/.lake/packages/mathlib/Mathlib/Algebra/Polynomial/CoeffList.lean:112:/-- Coefficients of a polynomial `P` are always the leading coefficient, some number of zeros, and
/private/tmp/nla-lean-local-shared-20260916/.lake/packages/mathlib/Mathlib/Algebra/Star/CHSH.lean:177:    -- pull all coefficients out to the front, and combine `√2`s where possible
/private/tmp/nla-lean-local-shared-20260916/.lake/packages/mathlib/Mathlib/Algebra/Star/CHSH.lean:183:    -- collect terms, simplify coefficients, and collect terms again:
/private/tmp/nla-lean-local-shared-20260916/.lake/packages/mathlib/Mathlib/Algebra/Homology/Square.lean:9:public import Mathlib.CategoryTheory.Limits.Shapes.Pullback.Square
/private/tmp/nla-lean-local-shared-20260916/.lake/packages/mathlib/Mathlib/Algebra/Homology/Square.lean:15:The same results are obtained here for squares `sq : Square C` where
/private/tmp/nla-lean-local-shared-20260916/.lake/packages/mathlib/Mathlib/Algebra/Homology/Square.lean:25:namespace Square
/private/tmp/nla-lean-local-shared-20260916/.lake/packages/mathlib/Mathlib/Algebra/Homology/Square.lean:28:  (sq : Square C) [HasBinaryBiproduct sq.X₂ sq.X₃]
/private/tmp/nla-lean-local-shared-20260916/.lake/packages/mathlib/Mathlib/Algebra/Homology/Square.lean:72:end Square
/private/tmp/nla-lean-local-shared-20260916/.lake/packages/mathlib/Mathlib/Data/Matrix/DMatrix.lean:153:induced by an `AddMonoidHom` between their coefficients. -/
/private/tmp/nla-lean-local-shared-20260916/.lake/packages/mathlib/Mathlib/Data/Matrix/Basic.lean:366:coefficients. This is `Matrix.map` as an `Equiv`. -/
/private/tmp/nla-lean-local-shared-20260916/.lake/packages/mathlib/Mathlib/Data/Matrix/Basic.lean:395:coefficients. This is `Matrix.map` as an `AddMonoidHom`. -/
/private/tmp/nla-lean-local-shared-20260916/.lake/packages/mathlib/Mathlib/Data/Matrix/Basic.lean:443:coefficients. This is `Matrix.map` as an `AddEquiv`. -/
/private/tmp/nla-lean-local-shared-20260916/.lake/packages/mathlib/Mathlib/Data/Matrix/Basic.lean:480:coefficients. This is `Matrix.map` as a `LinearMap`. -/
/private/tmp/nla-lean-local-shared-20260916/.lake/packages/mathlib/Mathlib/Data/Matrix/Basic.lean:552:coefficients. This is `Matrix.map` as a `LinearEquiv`. -/
/private/tmp/nla-lean-local-shared-20260916/.lake/packages/mathlib/Mathlib/Data/Matrix/Basic.lean:591:coefficients. This is `Matrix.map` as a `RingHom`. -/
/private/tmp/nla-lean-local-shared-20260916/.lake/packages/mathlib/Mathlib/Data/Matrix/Basic.lean:620:coefficients. This is `Matrix.map` as a `RingEquiv`. -/
/private/tmp/nla-lean-local-shared-20260916/.lake/packages/mathlib/Mathlib/Data/Matrix/Basic.lean:676:coefficients. This is `Matrix.map` as an `AlgHom`. -/
/private/tmp/nla-lean-local-shared-20260916/.lake/packages/mathlib/Mathlib/Data/Matrix/Basic.lean:701:coefficients. This is `Matrix.map` as an `AlgEquiv`. -/
/private/tmp/nla-lean-local-shared-20260916/.lake/packages/mathlib/Mathlib/Algebra/TrivSqZeroExt/Basic.lean:15:# Trivial Square-Zero Extension
/private/tmp/nla-lean-local-shared-20260916/.lake/packages/mathlib/Mathlib/Algebra/TrivSqZeroExt/Basic.lean:61:/-- "Trivial Square-Zero Extension".
/private/tmp/nla-lean-local-shared-20260916/.lake/packages/mathlib/Mathlib/Algebra/Module/Submodule/Union.lean:23:  a proper subset, provided the coefficients are a sufficiently large field.
/private/tmp/nla-lean-local-shared-20260916/.lake/packages/mathlib/Mathlib/AlgebraicTopology/SimplicialObject/Basic.lean:395:/-- The category of augmented simplicial objects, defined as a comma category. -/
/private/tmp/nla-lean-local-shared-20260916/.lake/packages/mathlib/Mathlib/AlgebraicTopology/SimplicialObject/Basic.lean:432:/-- The functor from augmented objects to arrows. -/
/private/tmp/nla-lean-local-shared-20260916/.lake/packages/mathlib/Mathlib/AlgebraicTopology/SimplicialObject/Basic.lean:458:/-- Functor composition induces a functor on augmented simplicial objects. -/
/private/tmp/nla-lean-local-shared-20260916/.lake/packages/mathlib/Mathlib/AlgebraicTopology/SimplicialObject/Basic.lean:472:/-- Functor composition induces a functor on augmented simplicial objects. -/
/private/tmp/nla-lean-local-shared-20260916/.lake/packages/mathlib/Mathlib/AlgebraicTopology/SimplicialObject/Basic.lean:488:/-- The constant augmented simplicial object functor. -/
/private/tmp/nla-lean-local-shared-20260916/.lake/packages/mathlib/Mathlib/AlgebraicTopology/SimplicialObject/Basic.lean:524:/-- The augmented simplicial object that is deduced from a simplicial object and
/private/tmp/nla-lean-local-shared-20260916/.lake/packages/mathlib/Mathlib/AlgebraicTopology/SimplicialObject/Basic.lean:813:/-- The functor from augmented objects to arrows. -/
/private/tmp/nla-lean-local-shared-20260916/.lake/packages/mathlib/Mathlib/AlgebraicTopology/SimplicialObject/Basic.lean:829:/-- Functor composition induces a functor on augmented cosimplicial objects. -/
/private/tmp/nla-lean-local-shared-20260916/.lake/packages/mathlib/Mathlib/AlgebraicTopology/SimplicialObject/Basic.lean:847:/-- Functor composition induces a functor on augmented cosimplicial objects. -/
/private/tmp/nla-lean-local-shared-20260916/.lake/packages/mathlib/Mathlib/AlgebraicTopology/SimplicialObject/Basic.lean:863:/-- The constant augmented cosimplicial object functor. -/
/private/tmp/nla-lean-local-shared-20260916/.lake/packages/mathlib/Mathlib/AlgebraicTopology/SimplicialObject/Basic.lean:922:/-- Construct an augmented cosimplicial object in the opposite
/private/tmp/nla-lean-local-shared-20260916/.lake/packages/mathlib/Mathlib/AlgebraicTopology/SimplicialObject/Basic.lean:923:category from an augmented simplicial object. -/
/private/tmp/nla-lean-local-shared-20260916/.lake/packages/mathlib/Mathlib/AlgebraicTopology/SimplicialObject/Basic.lean:931:/-- Construct an augmented simplicial object from an augmented cosimplicial
/private/tmp/nla-lean-local-shared-20260916/.lake/packages/mathlib/Mathlib/AlgebraicTopology/SimplicialObject/Basic.lean:942:/-- Converting an augmented simplicial object to an augmented cosimplicial
/private/tmp/nla-lean-local-shared-20260916/.lake/packages/mathlib/Mathlib/AlgebraicTopology/SimplicialObject/Basic.lean:951:/-- Converting an augmented cosimplicial object to an augmented simplicial
/private/tmp/nla-lean-local-shared-20260916/.lake/packages/mathlib/Mathlib/AlgebraicTopology/SimplicialObject/Basic.lean:997:/-- The contravariant categorical equivalence between augmented simplicial
/private/tmp/nla-lean-local-shared-20260916/.lake/packages/mathlib/Mathlib/AlgebraicTopology/SimplicialObject/Basic.lean:998:objects and augmented cosimplicial objects in the opposite category. -/
/private/tmp/nla-lean-local-shared-20260916/.lake/packages/mathlib/Mathlib/Algebra/MonoidAlgebra/Defs.lean:66:  from its coefficients `M →₀ R`. -/
/private/tmp/nla-lean-local-shared-20260916/.lake/packages/mathlib/Mathlib/Algebra/MonoidAlgebra/Defs.lean:68:  /-- The coefficients `M →₀ R` of an element of the additive monoid algebra `R[M]`. -/
/private/tmp/nla-lean-local-shared-20260916/.lake/packages/mathlib/Mathlib/Algebra/MonoidAlgebra/Defs.lean:78:  from its coefficients `M →₀ R`. -/
/private/tmp/nla-lean-local-shared-20260916/.lake/packages/mathlib/Mathlib/Algebra/MonoidAlgebra/Defs.lean:80:  /-- The coefficients `M →₀ R` of an element of the monoid algebra `R[M]`. -/
/private/tmp/nla-lean-local-shared-20260916/.lake/packages/mathlib/Mathlib/Algebra/Homology/Single.lean:20:an augmented exact complex of projectives.)
/private/tmp/nla-lean-local-shared-20260916/.lake/packages/mathlib/Mathlib/AlgebraicTopology/CechNerve.lean:23:2. `f.augmentedCechNerve` is the augmented Čech nerve, considered as an
/private/tmp/nla-lean-local-shared-20260916/.lake/packages/mathlib/Mathlib/AlgebraicTopology/CechNerve.lean:24:  augmented simplicial object in `C`.
/private/tmp/nla-lean-local-shared-20260916/.lake/packages/mathlib/Mathlib/AlgebraicTopology/CechNerve.lean:75:/-- The augmented Čech nerve associated to an arrow. -/
/private/tmp/nla-lean-local-shared-20260916/.lake/packages/mathlib/Mathlib/AlgebraicTopology/CechNerve.lean:83:/-- The morphism between augmented Čech nerve associated to a morphism of arrows. -/
/private/tmp/nla-lean-local-shared-20260916/.lake/packages/mathlib/Mathlib/AlgebraicTopology/CechNerve.lean:111:/-- The augmented Čech nerve construction, as a functor from `Arrow C`. -/
/private/tmp/nla-lean-local-shared-20260916/.lake/packages/mathlib/Mathlib/AlgebraicTopology/CechNerve.lean:168:/-- The augmented Čech nerve construction is right adjoint to the `toArrow` functor. -/
/private/tmp/nla-lean-local-shared-20260916/.lake/packages/mathlib/Mathlib/AlgebraicTopology/CechNerve.lean:215:/-- The augmented Čech conerve associated to an arrow. -/
/private/tmp/nla-lean-local-shared-20260916/.lake/packages/mathlib/Mathlib/AlgebraicTopology/CechNerve.lean:224:/-- The morphism between augmented Čech conerves associated to a morphism of arrows. -/
/private/tmp/nla-lean-local-shared-20260916/.lake/packages/mathlib/Mathlib/AlgebraicTopology/CechNerve.lean:252:/-- The augmented Čech conerve construction, as a functor from `Arrow C`. -/
/private/tmp/nla-lean-local-shared-20260916/.lake/packages/mathlib/Mathlib/AlgebraicTopology/CechNerve.lean:331:/-- The augmented Čech conerve construction is left adjoint to the `toArrow` functor. -/
/private/tmp/nla-lean-local-shared-20260916/.lake/packages/mathlib/Mathlib/AlgebraicTopology/ExtraDegeneracy.lean:24:associated to the augmented simplicial set `X → π₀ X`.
/private/tmp/nla-lean-local-shared-20260916/.lake/packages/mathlib/Mathlib/AlgebraicTopology/ExtraDegeneracy.lean:26:In this file, we adapt this definition to the case of augmented
/private/tmp/nla-lean-local-shared-20260916/.lake/packages/mathlib/Mathlib/AlgebraicTopology/ExtraDegeneracy.lean:69:augmented simplicial objects. The morphisms `s'` and `s n` of the
/private/tmp/nla-lean-local-shared-20260916/.lake/packages/mathlib/Mathlib/AlgebraicTopology/ExtraDegeneracy.lean:95:augmented simplicial object in `D` obtained by applying `F` to `X`. -/
/private/tmp/nla-lean-local-shared-20260916/.lake/packages/mathlib/Mathlib/AlgebraicTopology/ExtraDegeneracy.lean:102:/-- If `X` and `Y` are isomorphic augmented simplicial objects, then an extra
/private/tmp/nla-lean-local-shared-20260916/.lake/packages/mathlib/Mathlib/AlgebraicTopology/ExtraDegeneracy.lean:144:/-- If an augmented simplicial object has an extradegeneracy, then
/private/tmp/nla-lean-local-shared-20260916/.lake/packages/mathlib/Mathlib/AlgebraicTopology/ExtraDegeneracy.lean:171:/-- If `ed` is an extradegeneracy for an augmented simplicial object `X`, then this
/private/tmp/nla-lean-local-shared-20260916/.lake/packages/mathlib/Mathlib/AlgebraicTopology/ExtraDegeneracy.lean:367:/-- The augmented Čech nerve associated to a split epimorphism has an extra degeneracy. -/
/private/tmp/nla-lean-local-shared-20260916/.lake/packages/mathlib/Mathlib/AlgebraicTopology/ExtraDegeneracy.lean:405:/-- The constant augmented simplicial object has an extra degeneracy. -/
/private/tmp/nla-lean-local-shared-20260916/.lake/packages/mathlib/Mathlib/AlgebraicTopology/ExtraDegeneracy.lean:412:/-- If `C` is a preadditive category and `X` is an augmented simplicial object
/private/tmp/nla-lean-local-shared-20260916/.lake/packages/mathlib/Mathlib/Algebra/MonoidAlgebra/NoZeroDivisors.lean:37:  product of coefficients of the factors.
/private/tmp/nla-lean-local-shared-20260916/.lake/packages/mathlib/Mathlib/Algebra/MonoidAlgebra/MapDomain.lean:30:by summing the coefficients along each fiber of `f`. -/
/private/tmp/nla-lean-local-shared-20260916/.lake/packages/mathlib/Mathlib/Algebra/MonoidAlgebra/MapDomain.lean:33:by summing the coefficients along each fiber of `f`. -/]
/private/tmp/nla-lean-local-shared-20260916/.lake/packages/mathlib/Mathlib/Algebra/MonoidAlgebra/MapDomain.lean:123:/-- Pullback the coefficients of an element of `R[N]` under an injective `f : M → N`.
/private/tmp/nla-lean-local-shared-20260916/.lake/packages/mathlib/Mathlib/Algebra/MonoidAlgebra/MapDomain.lean:125:Coefficients not in the range of `f` are dropped. -/
/private/tmp/nla-lean-local-shared-20260916/.lake/packages/mathlib/Mathlib/Algebra/MonoidAlgebra/MapDomain.lean:127:/-- Pullback the coefficients of an element of `R[N]` under an injective `f : M → N`.
/private/tmp/nla-lean-local-shared-20260916/.lake/packages/mathlib/Mathlib/Algebra/MonoidAlgebra/MapDomain.lean:129:Coefficients not in the range of `f` are dropped. -/]
/private/tmp/nla-lean-local-shared-20260916/.lake/packages/mathlib/Mathlib/Algebra/MonoidAlgebra/Module.lean:296:`R = S` in the below. In other words, if the coefficients are commutative amongst themselves, they
/private/tmp/nla-lean-local-shared-20260916/.lake/packages/mathlib/Mathlib/AlgebraicTopology/AlternatingFaceMapComplex.lean:222:complex attached to an augmented simplicial object. -/
/private/tmp/nla-lean-local-shared-20260916/.lake/packages/mathlib/Mathlib/Algebra/Vertex/VertexOperator.lean:38:Laurent series with coefficients in `V`.  We write this as a specialization of the heterogeneous
/private/tmp/nla-lean-local-shared-20260916/.lake/packages/mathlib/Mathlib/Algebra/Vertex/HVertexOperator.lean:46:`R`-module `V` to `Γ`-Hahn series with coefficients in an `R`-module `W`. -/
/private/tmp/nla-lean-local-shared-20260916/.lake/packages/mathlib/Mathlib/Algebra/Vertex/HVertexOperator.lean:62:/-- The coefficients of a heterogeneous vertex operator, viewed as a linear map to formal power
/private/tmp/nla-lean-local-shared-20260916/.lake/packages/mathlib/Mathlib/Algebra/Vertex/HVertexOperator.lean:63:series with coefficients in linear maps. -/
/private/tmp/nla-lean-local-shared-20260916/.lake/packages/mathlib/Mathlib/Algebra/QuadraticAlgebra/Defs.lean:22:  [Bourbaki, *Algebra I*][bourbaki1989] with coefficients `a`, `b` in `R`.
/private/tmp/nla-lean-local-shared-20260916/.lake/packages/mathlib/Mathlib/Algebra/Ring/Subring/IntPolynomial.lean:14:with coefficients in `R` to `R[X]`. We provide several lemmas to deal with
/private/tmp/nla-lean-local-shared-20260916/.lake/packages/mathlib/Mathlib/Algebra/Ring/Subring/IntPolynomial.lean:15:coefficients, degree, and evaluation of `Polynomial.int`.
/private/tmp/nla-lean-local-shared-20260916/.lake/packages/mathlib/Mathlib/Algebra/Ring/Subring/IntPolynomial.lean:19:* `Polynomial.int` : given a polynomial `P` in `K[X]` whose coefficients all belong to a subring `R`
/private/tmp/nla-lean-local-shared-20260916/.lake/packages/mathlib/Mathlib/Algebra/Ring/Subring/IntPolynomial.lean:29:/-- Given a polynomial in `K[X]` such that all coefficients belong to the subring `R`,
/private/tmp/nla-lean-local-shared-20260916/.lake/packages/mathlib/Mathlib/Algebra/Ring/Basic.lean:150:/-- Vieta's formula for a quadratic equation, relating the coefficients of the polynomial with
/private/tmp/nla-lean-local-shared-20260916/.lake/packages/mathlib/Mathlib/Data/Rat/Sqrt.lean:14:# Square root on rational numbers
/private/tmp/nla-lean-local-shared-20260916/.lake/packages/mathlib/Mathlib/Data/Rat/Sqrt.lean:26:/-- Square root function on rational numbers, defined by taking the (integer) square root of the
/private/tmp/nla-lean-local-shared-20260916/.lake/packages/mathlib/Mathlib/Data/Finsupp/Defs.lean:25:* the linear combination of a family of vectors `v i` with coefficients `f i` (as used, e.g., to
/private/tmp/nla-lean-local-shared-20260916/.lake/packages/mathlib/Mathlib/Data/Nat/Choose/Bounds.lean:14:# Inequalities for binomial coefficients
/private/tmp/nla-lean-local-shared-20260916/.lake/packages/mathlib/Mathlib/Data/Nat/Choose/Bounds.lean:16:This file proves exponential bounds on binomial coefficients. We might want to add here the
/private/tmp/nla-lean-local-shared-20260916/.lake/packages/mathlib/Mathlib/Data/Nat/Choose/Cast.lean:14:# Cast of binomial coefficients
/private/tmp/nla-lean-local-shared-20260916/.lake/packages/mathlib/Mathlib/Data/Nat/Choose/Multinomial.lean:17:This file defines the multinomial coefficients and several small lemmas for manipulating them.
/private/tmp/nla-lean-local-shared-20260916/.lake/packages/mathlib/Mathlib/Data/Nat/Choose/Multinomial.lean:28:- `Finset.sum_pow`: The expansion of `(s.sum x) ^ n` using multinomial coefficients
/private/tmp/nla-lean-local-shared-20260916/.lake/packages/mathlib/Mathlib/Data/Nat/Choose/Multinomial.lean:138:/-! ### Connection to binomial coefficients
/private/tmp/nla-lean-local-shared-20260916/.lake/packages/mathlib/Mathlib/Data/Nat/Choose/Multinomial.lean:424:/-- The multinomial coefficients given by a list of natural numbers.
/private/tmp/nla-lean-local-shared-20260916/.lake/packages/mathlib/Mathlib/Data/Nat/Choose/Multinomial.lean:453:/-- The `multinomial` coefficients on `Multiset ℕ`. -/
/private/tmp/nla-lean-local-shared-20260916/.lake/packages/mathlib/Mathlib/Data/Nat/Choose/Central.lean:14:# Central binomial coefficients
/private/tmp/nla-lean-local-shared-20260916/.lake/packages/mathlib/Mathlib/Data/Nat/Choose/Central.lean:16:This file proves properties of the central binomial coefficients (that is, `Nat.choose (2 * n) n`).
/private/tmp/nla-lean-local-shared-20260916/.lake/packages/mathlib/Mathlib/Data/Nat/Choose/Central.lean:22:  coefficients.
/private/tmp/nla-lean-local-shared-20260916/.lake/packages/mathlib/Mathlib/Data/Nat/Choose/Factorization.lean:14:# Factorization of Binomial Coefficients
/private/tmp/nla-lean-local-shared-20260916/.lake/packages/mathlib/Mathlib/Data/Nat/Choose/Factorization.lean:17:bounds in binomial coefficients. These include:
/private/tmp/nla-lean-local-shared-20260916/.lake/packages/mathlib/Mathlib/Data/Nat/Squarefree.lean:416:/-! ### Square-free prover -/
/private/tmp/nla-lean-local-shared-20260916/.lake/packages/mathlib/Mathlib/Data/Nat/Choose/Lucas.lean:17:binomial coefficients, which says that for primes `p`, `n` choose `k` is congruent to product of
/private/tmp/nla-lean-local-shared-20260916/.lake/packages/mathlib/Mathlib/Data/Finsupp/Order.lean:302:/-- The support of a sum is the union of the supports, when the coefficients satisfy
/private/tmp/nla-lean-local-shared-20260916/.lake/packages/mathlib/Mathlib/Data/Nat/Choose/Basic.lean:13:# Binomial coefficients
/private/tmp/nla-lean-local-shared-20260916/.lake/packages/mathlib/Mathlib/Data/Nat/Choose/Basic.lean:15:This file defines binomial coefficients and proves simple lemmas (i.e. those not
/private/tmp/nla-lean-local-shared-20260916/.lake/packages/mathlib/Mathlib/Data/Nat/Choose/Basic.lean:22:* `Nat.choose`: binomial coefficients, defined inductively
/private/tmp/nla-lean-local-shared-20260916/.lake/packages/mathlib/Mathlib/Data/Nat/Choose/Basic.lean:24:* `Nat.choose_symm`: symmetry of binomial coefficients
/private/tmp/nla-lean-local-shared-20260916/.lake/packages/mathlib/Mathlib/Data/Nat/Choose/Basic.lean:27:* `Nat.descFactorial_eq_factorial_mul_choose`: Relates binomial coefficients to the descending
/private/tmp/nla-lean-local-shared-20260916/.lake/packages/mathlib/Mathlib/Data/Nat/Choose/Basic.lean:48:coefficients. For the fact that this is the number of `k`-element-subsets of an `n`-element
/private/tmp/nla-lean-local-shared-20260916/.lake/packages/mathlib/Mathlib/Data/Nat/Choose/Basic.lean:373:in terms of multinomial coefficients. For details see https://mathworld.wolfram.com/Multichoose.html
/private/tmp/nla-lean-local-shared-20260916/.lake/packages/mathlib/Mathlib/Data/Nat/Choose/Dvd.lean:12:# Divisibility properties of binomial coefficients
/private/tmp/nla-lean-local-shared-20260916/.lake/packages/mathlib/Mathlib/Data/Nat/Digits/Lemmas.lean:375:length `l` with coefficients `< b` to the set of natural integers `< b ^ l`.
/private/tmp/nla-lean-local-shared-20260916/.lake/packages/mathlib/Mathlib/Data/Nat/Digits/Lemmas.lean:383:to the set of lists of natural integers of length `l` with coefficients `< b` to .
/private/tmp/nla-lean-local-shared-20260916/.lake/packages/mathlib/Mathlib/Data/Nat/Digits/Lemmas.lean:402:The set of lists of natural integers of length `l` with coefficients `< b` as a `Finset`.
/private/tmp/nla-lean-local-shared-20260916/.lake/packages/mathlib/Mathlib/Data/Nat/Choose/Sum.lean:16:# Sums of binomial coefficients
/private/tmp/nla-lean-local-shared-20260916/.lake/packages/mathlib/Mathlib/Data/Nat/Choose/Sum.lean:19:coefficients. Theorems whose proofs depend on such sums may also go in this file for import
/private/tmp/nla-lean-local-shared-20260916/.lake/packages/mathlib/Mathlib/SetTheory/Ordinal/CantorNormalForm.lean:25:coefficients. This is because this structure intrinsically reflects two key properties of the Cantor
/private/tmp/nla-lean-local-shared-20260916/.lake/packages/mathlib/Mathlib/SetTheory/Ordinal/CantorNormalForm.lean:64:/-- The Cantor normal form of an ordinal `o` is the list of coefficients and exponents in the
/private/tmp/nla-lean-local-shared-20260916/.lake/packages/mathlib/Mathlib/Data/Nat/Multiplicity.lean:15:coefficients.
/private/tmp/nla-lean-local-shared-20260916/.lake/packages/mathlib/Mathlib/Data/Fin/VecNotation.lean:15:Nesting vectors gives coefficients of a matrix, so `![![a, b], ![c, d]] : Fin 2 → Fin 2 → α`.
/private/tmp/nla-lean-local-shared-20260916/.lake/packages/mathlib/Mathlib/Data/Holor.lean:15:Holors are indexed collections of tensor coefficients. Confusingly,
/private/tmp/nla-lean-local-shared-20260916/.lake/packages/mathlib/Mathlib/Data/Holor.lean:84:/-- Holor (indexed collections of tensor coefficients) -/
/private/tmp/nla-lean-local-shared-20260916/.lake/packages/mathlib/Mathlib/Data/Int/Sqrt.lean:12:# Square root of integers
/private/tmp/nla-lean-local-shared-20260916/.lake/packages/mathlib/Mathlib/Tactic/Algebra/Basic.lean:25:representing coefficients in `R`.
/private/tmp/nla-lean-local-shared-20260916/.lake/packages/mathlib/Mathlib/Tactic/Algebra/Basic.lean:26:* While `ring` stores coefficients as rational numbers normalized by `norm_num`, `algebra` stores
/private/tmp/nla-lean-local-shared-20260916/.lake/packages/mathlib/Mathlib/Tactic/Algebra/Basic.lean:27:coefficients as experssions in the base ring `R`, normalized by `ring`.
/private/tmp/nla-lean-local-shared-20260916/.lake/packages/mathlib/Mathlib/Tactic/Algebra/Basic.lean:28:* These coefficients are sums, not products. The normal form of `a • x + b • x` is `(a + b) • x`.
/private/tmp/nla-lean-local-shared-20260916/.lake/packages/mathlib/Mathlib/Tactic/Algebra/Basic.lean:74:/-- The type used to store the coefficients of the algebra tactic, which are expressions in `R`
/private/tmp/nla-lean-local-shared-20260916/.lake/packages/mathlib/Mathlib/Tactic/Algebra/Basic.lean:264:/-- The data used by the `algebra` tactic to normalize the constant coefficients, which are
/private/tmp/nla-lean-local-shared-20260916/.lake/packages/mathlib/Mathlib/Tactic/Algebra/Basic.lean:272:/-- The data used by the `algebra` tactic to normalize the constant coefficients, which are
/private/tmp/nla-lean-local-shared-20260916/.lake/packages/mathlib/Mathlib/Tactic/Algebra/Basic.lean:424:RHS of the goal as polynomial expressions of `A`-atoms with coefficients in some semiring `R`, and
/private/tmp/nla-lean-local-shared-20260916/.lake/packages/mathlib/Mathlib/Tactic/Algebra/Basic.lean:425:closes the goal if the two expressions are the same. The `R`-coefficients are put into ring normal
/private/tmp/nla-lean-local-shared-20260916/.lake/packages/mathlib/Mathlib/Tactic/LinearCombination.lean:27:given coefficients.  Then, it subtracts the right side of the weighted sum
/private/tmp/nla-lean-local-shared-20260916/.lake/packages/mathlib/Mathlib/Tactic/LinearCombination.lean:121:      throwError "coefficients of inequalities in 'linear_combination' must be nonnegative"
/private/tmp/nla-lean-local-shared-20260916/.lake/packages/mathlib/Mathlib/Tactic/LinearCombination.lean:127:        throwError "coefficients of inequalities in 'linear_combination' must be nonnegative"
/private/tmp/nla-lean-local-shared-20260916/.lake/packages/mathlib/Mathlib/Tactic/LinearCombination.lean:261:given as a sum/difference of coefficients multiplied by expressions.
/private/tmp/nla-lean-local-shared-20260916/.lake/packages/mathlib/Mathlib/Tactic/LinearCombination.lean:262:The coefficients may be arbitrary expressions (with nonnegativity constraints in the case of
/private/tmp/nla-lean-local-shared-20260916/.lake/packages/mathlib/Mathlib/Tactic/LinearCombination.lean:268:coefficients should also have type `α`.  For full functionality `α` should be a commutative ring --
/private/tmp/nla-lean-local-shared-20260916/.lake/packages/mathlib/Mathlib/Tactic/ComputeAsymptotics/Multiseries/Monomial/Basic.lean:41:/-- Structure for representing monomials with coefficients. -/
/private/tmp/nla-lean-local-shared-20260916/.lake/packages/mathlib/Mathlib/CategoryTheory/CommSq.lean:252:  /-- Square has a `LiftStruct`. -/
/private/tmp/nla-lean-local-shared-20260916/.lake/packages/mathlib/Mathlib/Tactic/ComputeDegree.lean:43:* Make sure that numerals in coefficients are treated correctly.
/private/tmp/nla-lean-local-shared-20260916/.lake/packages/mathlib/Mathlib/Tactic/ComputeDegree.lean:51:Assume that `f : R[X]` is a polynomial with coefficients in a semiring `R` and
/private/tmp/nla-lean-local-shared-20260916/.lake/packages/mathlib/Mathlib/NumberTheory/NumberField/House.lean:175:/-- `a' K a` returns the integer coefficients of the basis vector in the
/private/tmp/nla-lean-local-shared-20260916/.lake/packages/mathlib/Mathlib/NumberTheory/NumberField/House.lean:181:/-- `asiegel K a` is the integer matrix of the coefficients of the
/private/tmp/nla-lean-local-shared-20260916/.lake/packages/mathlib/Mathlib/NumberTheory/NumberField/House.lean:342:non-trivial underdetermined system of linear equations with algebraic integer coefficients. -/
/private/tmp/nla-lean-local-shared-20260916/.lake/packages/mathlib/Mathlib/Tactic/ComputeAsymptotics/Multiseries/Defs.lean:20:variable `b₁` (`basis_hd`) with coefficients being multiseries
/private/tmp/nla-lean-local-shared-20260916/.lake/packages/mathlib/Mathlib/Tactic/ComputeAsymptotics/Multiseries/Defs.lean:70:a basis `[b₁, ..., bₙ]` as a univariate series in the variable `b₁` (`basis_hd`) with coefficients
/private/tmp/nla-lean-local-shared-20260916/.lake/packages/mathlib/Mathlib/Tactic/ComputeAsymptotics/Multiseries/Defs.lean:122:coefficients of a multiseries. -/
/private/tmp/nla-lean-local-shared-20260916/.lake/packages/mathlib/Mathlib/NumberTheory/NumberField/Discriminant/Basic.lean:297:in `ℤ[X]` of degrees and coefficients bounded by some explicit constants depending only on `N`.
/private/tmp/nla-lean-local-shared-20260916/.lake/packages/mathlib/Mathlib/NumberTheory/NumberField/Discriminant/Basic.lean:406:  -- The bound on the coefficients of the generating polynomials
/private/tmp/nla-lean-local-shared-20260916/.lake/packages/mathlib/Mathlib/NumberTheory/NumberField/Discriminant/Basic.lean:455:  -- The bound on the coefficients of the generating polynomials
/private/tmp/nla-lean-local-shared-20260916/.lake/packages/mathlib/Mathlib/Algebra/LinearRecurrence.lean:19:are its *coefficients*.
/private/tmp/nla-lean-local-shared-20260916/.lake/packages/mathlib/Mathlib/Algebra/LinearRecurrence.lean:51:  order `n` and `n` coefficients. -/
/private/tmp/nla-lean-local-shared-20260916/.lake/packages/mathlib/Mathlib/Algebra/LinearRecurrence.lean:56:  /-- Coefficients of the linear recurrence -/
/private/tmp/nla-lean-local-shared-20260916/.lake/packages/mathlib/Mathlib/Algebra/AffineMonoid/Irreducible.lean:88:  -- Write `a = ∏ s ∈ S, s ^ m s`, `b = ∏ s ∈ S, s ^ n s` for some coefficients `m`, `n`.
/private/tmp/nla-lean-local-shared-20260916/.lake/packages/mathlib/Mathlib/Geometry/Manifold/Notation.lean:258:      throwError "Coefficients `{k}` and `{S}` of `{e}` are not reducibly definitionally equal"
/private/tmp/nla-lean-local-shared-20260916/.lake/packages/mathlib/Mathlib/Geometry/Manifold/Notation.lean:528:    -- If the coefficients of the codomain were a copy of `k` with a non-standard topology or smooth
/private/tmp/nla-lean-local-shared-20260916/.lake/packages/mathlib/Mathlib/Tactic/ExtractGoal.lean:94:-- Yet, Lean is unable to figure out what is the coefficients Semiring for `X`
/private/tmp/nla-lean-local-shared-20260916/.lake/packages/mathlib/Mathlib/Tactic/Ring/Common.lean:21:- coefficients (living in `BaseType`; for `ring` this is a rational embedded into the semiring)
/private/tmp/nla-lean-local-shared-20260916/.lake/packages/mathlib/Mathlib/Tactic/Ring/Common.lean:99:The data used by `ring` to represent coefficients. `e` is a raw rat cast.
/private/tmp/nla-lean-local-shared-20260916/.lake/packages/mathlib/Mathlib/Tactic/Ring/Common.lean:112:/-- The data used to represent coefficients in exponents. This is the same data that `ring` uses. -/
/private/tmp/nla-lean-local-shared-20260916/.lake/packages/mathlib/Mathlib/Tactic/Ring/Common.lean:177:  /-- A coefficient `value`, holding the data that `ring` uses to represent rational coefficients.
/private/tmp/nla-lean-local-shared-20260916/.lake/packages/mathlib/Mathlib/Tactic/Ring/Common.lean:200:The `BaseType` parameter is used to specify how constant coefficients are stored. In the ring
/private/tmp/nla-lean-local-shared-20260916/.lake/packages/mathlib/Mathlib/Tactic/Ring/Common.lean:201:tactic we need only to store coefficients as normalizations to rational numbers, but in a future
/private/tmp/nla-lean-local-shared-20260916/.lake/packages/mathlib/Mathlib/Tactic/Ring/Common.lean:278:  /-- Returns whether two coefficients are equal -/
/private/tmp/nla-lean-local-shared-20260916/.lake/packages/mathlib/Mathlib/Tactic/Ring/Common.lean:289:  /-- Evaluate the sum of two coefficients.
/private/tmp/nla-lean-local-shared-20260916/.lake/packages/mathlib/Mathlib/Tactic/Ring/Common.lean:294:  /-- Evaluate the product of two coefficients. -/
/private/tmp/nla-lean-local-shared-20260916/.lake/packages/mathlib/Mathlib/Tactic/Ring/Common.lean:306:  The exponent is not necessarily a natural literal. If the tactic can only raise coefficients to
/private/tmp/nla-lean-local-shared-20260916/.lake/packages/mathlib/Mathlib/Tactic/Ring/Common.lean:565:* `a * x + a * y = a * (x + y)` (for `x`, `y` coefficients; uses `evalAddOverlap`)
/private/tmp/nla-lean-local-shared-20260916/.lake/packages/mathlib/Mathlib/Tactic/Ring/Common.lean:612:* `x * y = (x * y)` (for `x`, `y` coefficients)
/private/tmp/nla-lean-local-shared-20260916/.lake/packages/mathlib/Mathlib/Tactic/Ring/Basic.lean:21:- coefficients (any rational number, embedded into the (semi)ring)
/private/tmp/nla-lean-local-shared-20260916/.lake/packages/mathlib/Mathlib/Tactic/Ring/Basic.lean:37:rational coefficients as embedded inside the (semi)ring. This is done using `norm_num`.
/private/tmp/nla-lean-local-shared-20260916/.lake/packages/mathlib/Mathlib/Tactic/Ring/Basic.lean:488:/-- The data used by the `ring` tactic to normalize the constant coefficients. -/
/private/tmp/nla-lean-local-shared-20260916/.lake/packages/mathlib/Mathlib/Tactic/Ring/Basic.lean:506:/-- The data used by `ring`-like tactics to normalize constant coefficients of natural number
/private/tmp/nla-lean-local-shared-20260916/.lake/packages/mathlib/Mathlib/Geometry/Manifold/VectorBundle/Tensoriality.lean:134:  -- and let `c` be the family of linear maps evaluating the coefficients of a section relative to
/private/tmp/nla-lean-local-shared-20260916/.lake/packages/mathlib/Mathlib/Geometry/Manifold/VectorBundle/Tensoriality.lean:147:  -- the expansion of `σ` into coefficients relative to the frame.
/private/tmp/nla-lean-local-shared-20260916/.lake/packages/mathlib/Mathlib/Geometry/Manifold/VectorBundle/LocalFrame.lean:20:and define basic notions (such as the coefficients of a section w.r.t. a local frame, and
/private/tmp/nla-lean-local-shared-20260916/.lake/packages/mathlib/Mathlib/Geometry/Manifold/VectorBundle/LocalFrame.lean:21:checking the smoothness of `t` via its coefficients in a local frame).
/private/tmp/nla-lean-local-shared-20260916/.lake/packages/mathlib/Mathlib/Geometry/Manifold/VectorBundle/LocalFrame.lean:29:In this file, we prove the latter statement for finite-rank bundles (with coefficients in a
/private/tmp/nla-lean-local-shared-20260916/.lake/packages/mathlib/Mathlib/Geometry/Manifold/VectorBundle/LocalFrame.lean:53:  coefficients at `x` w.r.t. `{sᵢ}` agree.
/private/tmp/nla-lean-local-shared-20260916/.lake/packages/mathlib/Mathlib/Geometry/Manifold/VectorBundle/LocalFrame.lean:57:  if all of its frame coefficients are
/private/tmp/nla-lean-local-shared-20260916/.lake/packages/mathlib/Mathlib/Geometry/Manifold/VectorBundle/LocalFrame.lean:59:  ff all of its frame coefficients are
/private/tmp/nla-lean-local-shared-20260916/.lake/packages/mathlib/Mathlib/Geometry/Manifold/VectorBundle/LocalFrame.lean:79:  iff all of its frame coefficients are
/private/tmp/nla-lean-local-shared-20260916/.lake/packages/mathlib/Mathlib/Geometry/Manifold/VectorBundle/LocalFrame.lean:81:  iff all of its frame coefficients are
/private/tmp/nla-lean-local-shared-20260916/.lake/packages/mathlib/Mathlib/Geometry/Manifold/VectorBundle/LocalFrame.lean:85:This file proves smoothness criteria in terms of coefficients for local frames induced by a
/private/tmp/nla-lean-local-shared-20260916/.lake/packages/mathlib/Mathlib/Geometry/Manifold/VectorBundle/LocalFrame.lean:182:/-- Coefficients of a section `s` of `V` w.r.t. a local frame `{s i}` on `u`.
/private/tmp/nla-lean-local-shared-20260916/.lake/packages/mathlib/Mathlib/Geometry/Manifold/VectorBundle/LocalFrame.lean:222:/-- The coefficients of `t` in a local frame at `x` only depend on `t` at `x`. -/
/private/tmp/nla-lean-local-shared-20260916/.lake/packages/mathlib/Mathlib/Geometry/Manifold/VectorBundle/LocalFrame.lean:228:a section `t` has equal frame coefficients in them. -/
/private/tmp/nla-lean-local-shared-20260916/.lake/packages/mathlib/Mathlib/Geometry/Manifold/VectorBundle/LocalFrame.lean:237:/-- Two sections `s` and `t` are equal at `x` if and only if their coefficients w.r.t. some local
/private/tmp/nla-lean-local-shared-20260916/.lake/packages/mathlib/Mathlib/Geometry/Manifold/VectorBundle/LocalFrame.lean:247:/-- Given a local frame `s i ` on `u`, if a section `t` has `C^k` coefficients on `u` w.r.t. `s i`,
/private/tmp/nla-lean-local-shared-20260916/.lake/packages/mathlib/Mathlib/Geometry/Manifold/VectorBundle/LocalFrame.lean:263:if a section `t` has `C^k` coefficients at `x` w.r.t. `s i`, then `t` is `C^n` at `x`. -/
/private/tmp/nla-lean-local-shared-20260916/.lake/packages/mathlib/Mathlib/Geometry/Manifold/VectorBundle/LocalFrame.lean:273:coefficients at `x ∈ u` w.r.t. `s i`, then `t` is `C^n` at `x`. -/
/private/tmp/nla-lean-local-shared-20260916/.lake/packages/mathlib/Mathlib/Geometry/Manifold/VectorBundle/LocalFrame.lean:284:/-- Given a local frame `s i ` on `u`, if a section `t` has differentiable coefficients on `u`
/private/tmp/nla-lean-local-shared-20260916/.lake/packages/mathlib/Mathlib/Geometry/Manifold/VectorBundle/LocalFrame.lean:300:coefficients at `x` w.r.t. `s i`, then `t` is differentiable at `x`. -/
/private/tmp/nla-lean-local-shared-20260916/.lake/packages/mathlib/Mathlib/Geometry/Manifold/VectorBundle/LocalFrame.lean:311:has differentiable coefficients at `x ∈ u` w.r.t. `s i`, then `t` is differentiable at `x`. -/
/private/tmp/nla-lean-local-shared-20260916/.lake/packages/mathlib/Mathlib/Geometry/Manifold/VectorBundle/LocalFrame.lean:378:/-- Coefficients of a section `s` of `V` w.r.t. the local frame `b.localFrame e i`.
/private/tmp/nla-lean-local-shared-20260916/.lake/packages/mathlib/Mathlib/Geometry/Manifold/VectorBundle/LocalFrame.lean:451:/-! ### Determining smoothness of a section via its local frame coefficients
/private/tmp/nla-lean-local-shared-20260916/.lake/packages/mathlib/Mathlib/Geometry/Manifold/VectorBundle/LocalFrame.lean:452:We show that for finite rank bundles over a complete field, a section is smooth iff its coefficients
/private/tmp/nla-lean-local-shared-20260916/.lake/packages/mathlib/Mathlib/Geometry/Manifold/VectorBundle/LocalFrame.lean:468:  -- This boils down to computing the frame coefficients in a local trivialisation.
/private/tmp/nla-lean-local-shared-20260916/.lake/packages/mathlib/Mathlib/Geometry/Manifold/VectorBundle/LocalFrame.lean:514:coefficients `(LinearMap.piApply (b.localFrameCoeff e i) s)` in a local frame near `x` is -/
/private/tmp/nla-lean-local-shared-20260916/.lake/packages/mathlib/Mathlib/Geometry/Manifold/VectorBundle/LocalFrame.lean:525:coefficients `(LinearMap.piApply (b.localFrameCoeff e i) s)` in a local frame near `x` is -/
/private/tmp/nla-lean-local-shared-20260916/.lake/packages/mathlib/Mathlib/Geometry/Manifold/VectorBundle/LocalFrame.lean:536:coefficients `(LinearMap.piApply (b.localFrameCoeff e i) s)` in a local frame near `x` is -/
/private/tmp/nla-lean-local-shared-20260916/.lake/packages/mathlib/Mathlib/Geometry/Manifold/VectorBundle/LocalFrame.lean:545:-- Differentiability of a section can be checked in terms of its local frame coefficients
/private/tmp/nla-lean-local-shared-20260916/.lake/packages/mathlib/Mathlib/Geometry/Manifold/VectorBundle/LocalFrame.lean:554:  -- This boils down to computing the frame coefficients in a local trivialisation.
/private/tmp/nla-lean-local-shared-20260916/.lake/packages/mathlib/Mathlib/Geometry/Manifold/VectorBundle/LocalFrame.lean:599:coefficients `(LinearMap.piApply (b.localFrameCoeff e i) s)` in a local frame near `x` is -/
/private/tmp/nla-lean-local-shared-20260916/.lake/packages/mathlib/Mathlib/Tactic/Linarith/Frontend.lean:43:The oracle searches for a list of natural number coefficients `kᵢ` such that `∑ kᵢtᵢ = 0`, where for
/private/tmp/nla-lean-local-shared-20260916/.lake/packages/mathlib/Mathlib/Tactic/Linarith/Frontend.lean:46:Given a list of such coefficients, `linarith` verifies that `∑ kᵢtᵢ = 0` using a normalization
/private/tmp/nla-lean-local-shared-20260916/.lake/packages/mathlib/Mathlib/Tactic/Linarith/Frontend.lean:55:into multiplication. We do this so that we can guarantee the coefficients in the certificate are
/private/tmp/nla-lean-local-shared-20260916/.lake/packages/mathlib/Mathlib/Tactic/Linarith/Frontend.lean:72:  set. In particular, if we derive `0 < 0`, we can find our desired list of coefficients
/private/tmp/nla-lean-local-shared-20260916/.lake/packages/mathlib/Mathlib/Tactic/Linarith/Frontend.lean:102:index appearing in those comparisons, and returns a map from comparison indices to coefficients.
/private/tmp/nla-lean-local-shared-20260916/.lake/packages/mathlib/Mathlib/Tactic/Linarith/Frontend.lean:264:nonzero coefficients in the final certificate.
/private/tmp/nla-lean-local-shared-20260916/.lake/packages/mathlib/Mathlib/Tactic/Linarith/Datatypes.lean:45:A linear expression is a list of pairs of variable indices and coefficients,
/private/tmp/nla-lean-local-shared-20260916/.lake/packages/mathlib/Mathlib/Tactic/Linarith/Datatypes.lean:132:  /-- The coefficients of the comparison, stored as list of pairs `(i, a)`,
/private/tmp/nla-lean-local-shared-20260916/.lake/packages/mathlib/Mathlib/Tactic/Linarith/Datatypes.lean:147:/-- `c.scale n` scales the coefficients of `c` by `n`. -/
/private/tmp/nla-lean-local-shared-20260916/.lake/packages/mathlib/Mathlib/Tactic/Linarith/Datatypes.lean:154:is the sum of the coefficients of `a` in `c1` and `c2`.
/private/tmp/nla-lean-local-shared-20260916/.lake/packages/mathlib/Mathlib/Tactic/Linarith/Datatypes.lean:168:A `Comp` represents a contradiction if its expression has no coefficients and its strength is <,
/private/tmp/nla-lean-local-shared-20260916/.lake/packages/mathlib/Mathlib/Tactic/Linarith/Preprocessing.lean:22:It assumes that expressions in `t` have integer coefficients and that the type of `t` has
/private/tmp/nla-lean-local-shared-20260916/.lake/packages/mathlib/Mathlib/Tactic/Linarith/Oracle/SimplexAlgorithm/Datatypes.lean:128:  /-- Matrix of coefficients the basic variables expressed through the free ones. -/
/private/tmp/nla-lean-local-shared-20260916/.lake/packages/mathlib/Mathlib/NumberTheory/NumberField/DedekindZeta.lean:44:The Dedekind zeta function of a number field. It is defined as the `L`-series with coefficients
/private/tmp/nla-lean-local-shared-20260916/.lake/packages/mathlib/Mathlib/Tactic/NormNum/IsCoprime.lean:15:(While `IsCoprime` is defined over `ℕ`, since it uses Bezout's identity with `ℕ` coefficients
/private/tmp/nla-lean-local-shared-20260916/.lake/packages/mathlib/Mathlib/Tactic/Linarith/Oracle/FourierMotzkin.lean:25:we compute coefficients `vᵢ, vⱼ ∈ ℕ` such that `vᵢ*tᵢ + vⱼ*tⱼ` cancels out `a`.
/private/tmp/nla-lean-local-shared-20260916/.lake/packages/mathlib/Mathlib/Tactic/Linarith/Oracle/FourierMotzkin.lean:156:/-- `PComp.scale c n` scales the coefficients of `c` by `n` and notes this in the `CompSource`. -/
/private/tmp/nla-lean-local-shared-20260916/.lake/packages/mathlib/Mathlib/Tactic/Linarith/Oracle/FourierMotzkin.lean:214:/-- If `c1` and `c2` both contain variable `a` with opposite coefficients,
/private/tmp/nla-lean-local-shared-20260916/.lake/packages/mathlib/Mathlib/Tactic/Linarith/Verification.lean:105:paired with coefficients `cᵢ`.
/private/tmp/nla-lean-local-shared-20260916/.lake/packages/mathlib/Mathlib/Tactic/Linarith/Verification.lean:181:The returned certificate is a map `m` from hypothesis indices to natural number coefficients.
/private/tmp/nla-lean-local-shared-20260916/.lake/packages/mathlib/Mathlib/Tactic/Linarith/Parsing.lean:82:/-- Linear combinations of monomials are represented by mapping monomials to coefficients. -/
/private/tmp/nla-lean-local-shared-20260916/.lake/packages/mathlib/Mathlib/Tactic/LinearCombinationPrime.lean:22:given coefficients.  Then, it subtracts the right side of the weighted sum
/private/tmp/nla-lean-local-shared-20260916/.lake/packages/mathlib/Mathlib/Tactic/LinearCombinationPrime.lean:194:  type, and the coefficients should also have this type.  There must be
/private/tmp/nla-lean-local-shared-20260916/.lake/packages/mathlib/Mathlib/Tactic/LinearCombinationPrime.lean:198:  given as a sum/difference of coefficients multiplied by expressions.
/private/tmp/nla-lean-local-shared-20260916/.lake/packages/mathlib/Mathlib/Tactic/LinearCombinationPrime.lean:199:  The coefficients may be arbitrary expressions.
/private/tmp/nla-lean-local-shared-20260916/.lake/packages/mathlib/Mathlib/Algebra/Order/Module/HahnEmbedding.lean:195:/-- Coefficients of Hahn series for each `baseDomain` element. -/
/private/tmp/nla-lean-local-shared-20260916/.lake/packages/mathlib/Mathlib/Algebra/Order/Module/HahnEmbedding.lean:489:initial coefficients of `f.val y` and `f.val z` agree. -/
/private/tmp/nla-lean-local-shared-20260916/.lake/packages/mathlib/Mathlib/Algebra/Order/Module/HahnEmbedding.lean:509:/-- Evaluate coefficients of the `HahnSeries` given an arbitrary input that's not necessarily in
/private/tmp/nla-lean-local-shared-20260916/.lake/packages/mathlib/Mathlib/Algebra/Order/Module/HahnEmbedding.lean:695:  · -- All coefficients before the dictating term are the same
/private/tmp/nla-lean-local-shared-20260916/.lake/packages/mathlib/Mathlib/Algebra/Order/Module/HahnEmbedding.lean:807:  · -- if `x` is isolated within c, truncating has no effect because the trailing coefficients
/private/tmp/nla-lean-local-shared-20260916/.lake/packages/mathlib/Mathlib/AlgebraicGeometry/AlgebraicCycle/Basic.lean:16:In this file we define algebraic cycles on a scheme `X` with coefficients in a type `R` and provide
/private/tmp/nla-lean-local-shared-20260916/.lake/packages/mathlib/Mathlib/AlgebraicGeometry/AlgebraicCycle/Basic.lean:18:coefficients in a type `R` to be functions `c : X → R` whose support is locally finite.
/private/tmp/nla-lean-local-shared-20260916/.lake/packages/mathlib/Mathlib/AlgebraicGeometry/AlgebraicCycle/Basic.lean:37:Algebraic cycle on a scheme `X` with coefficients in a type `Z` is just a function from `X` to `Z`
/private/tmp/nla-lean-local-shared-20260916/.lake/packages/mathlib/Mathlib/Tactic/IntervalCases.lean:254:Parameters:
/private/tmp/nla-lean-local-shared-20260916/.lake/packages/mathlib/Mathlib/NumberTheory/RamificationInertia/Basic.lean:197:  -- Informally, if we have a nontrivial linear dependence with coefficients `g` in `K`,
/private/tmp/nla-lean-local-shared-20260916/.lake/packages/mathlib/Mathlib/NumberTheory/RamificationInertia/Basic.lean:198:  -- then we can find a linear dependence with coefficients `I.Quotient.mk g'` in `R/I`,
/private/tmp/nla-lean-local-shared-20260916/.lake/packages/mathlib/Mathlib/Geometry/Convex/ConvexSpace/Defs.lean:22:  with coefficients in `R`. The weights are non-negative and sum to 1.
/private/tmp/nla-lean-local-shared-20260916/.lake/packages/mathlib/Mathlib/Geometry/Convex/ConvexSpace/Defs.lean:47:A finitely supported probability distribution over elements of `M` with coefficients in `R`.
/private/tmp/nla-lean-local-shared-20260916/.lake/packages/mathlib/Mathlib/Geometry/Convex/ConvexSpace/Defs.lean:224:where the coefficients must be non-negative and sum to 1.
/private/tmp/nla-lean-local-shared-20260916/.lake/packages/mathlib/Mathlib/Geometry/Convex/ConvexSpace/Module.lean:16:This file shows that every module over ordered coefficients is a convex space.
/private/tmp/nla-lean-local-shared-20260916/.lake/packages/mathlib/Mathlib/NumberTheory/Transcendental/Lindemann/AnalyticalPart.lean:110:Given a polynomial with integer coefficients `p` and a complex constant `s`, there is a nonnegative
/private/tmp/nla-lean-local-shared-20260916/.lake/packages/mathlib/Mathlib/NumberTheory/Transcendental/Lindemann/AnalyticalPart.lean:113:Note: Jacobson writes `h(x)` for `x ^ (q - 1) * p(x) ^ q` and `bⱼ` for its coefficients.
/private/tmp/nla-lean-local-shared-20260916/.lake/packages/mathlib/Mathlib/NumberTheory/Transcendental/Lindemann/AnalyticalPart.lean:145:Given a polynomial `f` with integer coefficients, we can find a constant `c : ℝ` and for each prime
/private/tmp/nla-lean-local-shared-20260916/.lake/packages/mathlib/Mathlib/Geometry/Convex/Set.lean:19:To support non-field coefficients, for `s` to be convex we require that all finitary convex
/private/tmp/nla-lean-local-shared-20260916/.lake/packages/mathlib/Mathlib/AlgebraicGeometry/EllipticCurve/Reduction.lean:23:  has integral coefficients.
/private/tmp/nla-lean-local-shared-20260916/.lake/packages/mathlib/Mathlib/AlgebraicGeometry/EllipticCurve/Reduction.lean:57:it has coefficients in the ring `R`. -/
/private/tmp/nla-lean-local-shared-20260916/.lake/packages/mathlib/Mathlib/NumberTheory/Transcendental/Liouville/Basic.lean:23:technical lemmas.  These lemmas exploit the fact that a polynomial with integer coefficients
/private/tmp/nla-lean-local-shared-20260916/.lake/packages/mathlib/Mathlib/NumberTheory/Transcendental/Liouville/Basic.lean:130:  -- `fR` is `f` viewed as a polynomial with `ℝ` coefficients.
/private/tmp/nla-lean-local-shared-20260916/.lake/packages/mathlib/Mathlib/Tactic/GRewrite/Elab.lean:127:fill these in by unification with the matching part of the target. Parameters are only filled in
/private/tmp/nla-lean-local-shared-20260916/.lake/packages/mathlib/Mathlib/Tactic/GRewrite/Elab.lean:128:once per rule, restricting which later rewrites can be found. Parameters that are not filled in
/private/tmp/nla-lean-local-shared-20260916/.lake/packages/mathlib/Mathlib/Tactic/GRewrite/Elab.lean:171:fill these in by unification with the matching part of the target. Parameters are only filled in
/private/tmp/nla-lean-local-shared-20260916/.lake/packages/mathlib/Mathlib/Tactic/GRewrite/Elab.lean:172:once per rule, restricting which later rewrites can be found. Parameters that are not filled in
/private/tmp/nla-lean-local-shared-20260916/.lake/packages/mathlib/Mathlib/Tactic/GRewrite/Elab.lean:268:fill these in by unification with the matching part of the target. Parameters are only filled in
/private/tmp/nla-lean-local-shared-20260916/.lake/packages/mathlib/Mathlib/Tactic/GRewrite/Elab.lean:269:once per rule, restricting which later rewrites can be found. Parameters that are not filled in
/private/tmp/nla-lean-local-shared-20260916/.lake/packages/mathlib/Mathlib/Tactic/GRewrite/Elab.lean:297:fill these in by unification with the matching part of the target. Parameters are only filled in
/private/tmp/nla-lean-local-shared-20260916/.lake/packages/mathlib/Mathlib/Tactic/GRewrite/Elab.lean:298:once per rule, restricting which later rewrites can be found. Parameters that are not filled in
/private/tmp/nla-lean-local-shared-20260916/.lake/packages/mathlib/Mathlib/AlgebraicGeometry/EllipticCurve/Projective/Basic.lean:20:Let `W` be a Weierstrass curve over a commutative ring `R` with coefficients `aᵢ`. A
/private/tmp/nla-lean-local-shared-20260916/.lake/packages/mathlib/Mathlib/NumberTheory/MahlerMeasure.lean:53:/-- The set of polynomials whose coefficients are bounded between `B₁` and `B₂`. This
/private/tmp/nla-lean-local-shared-20260916/.lake/packages/mathlib/Mathlib/AlgebraicGeometry/EllipticCurve/Affine/Formula.lean:13:Let `W` be a Weierstrass curve over a field `F` with coefficients `aᵢ`. The nonsingular affine
/private/tmp/nla-lean-local-shared-20260916/.lake/packages/mathlib/Mathlib/AlgebraicGeometry/EllipticCurve/Affine/Formula.lean:30:  coefficients of `X²`. The `Y`-coordinate of `P + Q`, after applying the final negation that maps
/private/tmp/nla-lean-local-shared-20260916/.lake/packages/mathlib/Mathlib/AlgebraicGeometry/EllipticCurve/Affine/Basic.lean:14:Let `W` be a Weierstrass curve over a commutative ring `R` with coefficients `aᵢ`. An *affine point*
/private/tmp/nla-lean-local-shared-20260916/.lake/packages/mathlib/Mathlib/NumberTheory/SelbergSieve.lean:189:/-- A sequence of coefficients $\mu^{+}$ is upper Moebius if $\mu * \zeta ≤ \mu^{+} * \zeta$. These
/private/tmp/nla-lean-local-shared-20260916/.lake/packages/mathlib/Mathlib/NumberTheory/SelbergSieve.lean:190:  coefficients then yield an upper bound on the sifted sum. -/
/private/tmp/nla-lean-local-shared-20260916/.lake/packages/mathlib/Mathlib/NumberTheory/SelbergSieve.lean:347:/-- The main sum we get from Λ² coefficients is a quadratic form. Used to prove the Selberg sieve
/private/tmp/nla-lean-local-shared-20260916/.lake/packages/mathlib/Mathlib/NumberTheory/SelbergSieve.lean:373:/-- The main sum we get from Λ² coefficients can be written as a diagonalized quadratic form with
/private/tmp/nla-lean-local-shared-20260916/.lake/packages/mathlib/Mathlib/AlgebraicGeometry/EllipticCurve/ModelsWithJ.lean:132:Its coefficients are given explicitly (see `WeierstrassCurve.ofJ0`, `WeierstrassCurve.ofJ1728`
/private/tmp/nla-lean-local-shared-20260916/.lake/packages/mathlib/Mathlib/AlgebraicGeometry/EllipticCurve/Jacobian/Basic.lean:20:Let `W` be a Weierstrass curve over a commutative ring `R` with coefficients `aᵢ`. A
/private/tmp/nla-lean-local-shared-20260916/.lake/packages/mathlib/Mathlib/Tactic/Module.lean:19:the respective equalities of the `R`-coefficients of each atom.  The `module` tactic does this and
/private/tmp/nla-lean-local-shared-20260916/.lake/packages/mathlib/Mathlib/Tactic/Module.lean:485:appears in only one list is zero, and that the `R`-coefficients of an `M`-atom which appears in both
/private/tmp/nla-lean-local-shared-20260916/.lake/packages/mathlib/Mathlib/Tactic/Module.lean:497:    forming goals that each of the listed coefficients is equal to
/private/tmp/nla-lean-local-shared-20260916/.lake/packages/mathlib/Mathlib/Tactic/Module.lean:509:    coefficients in the two lists are the same (if it appears in both lists); then recurse -/
/private/tmp/nla-lean-local-shared-20260916/.lake/packages/mathlib/Mathlib/Tactic/Module.lean:526:the respective equalities of the `R`-coefficients of each atom.
/private/tmp/nla-lean-local-shared-20260916/.lake/packages/mathlib/Mathlib/Tactic/Module.lean:594:the respective equalities of the `R`-coefficients of each atom. -/
/private/tmp/nla-lean-local-shared-20260916/.lake/packages/mathlib/Mathlib/NumberTheory/ClassNumber/AdmissibleCardPowDegree.lean:39:  -- Since there are > q^d elements of A, and only q^d choices for the highest `d` coefficients,
/private/tmp/nla-lean-local-shared-20260916/.lake/packages/mathlib/Mathlib/NumberTheory/ClassNumber/AdmissibleCardPowDegree.lean:40:  -- there must be two elements of A with the same coefficients at
/private/tmp/nla-lean-local-shared-20260916/.lake/packages/mathlib/Mathlib/NumberTheory/ClassNumber/AdmissibleCardPowDegree.lean:46:  -- Therefore, the differences have all coefficients higher than `deg b - d` equal.
/private/tmp/nla-lean-local-shared-20260916/.lake/packages/mathlib/Mathlib/NumberTheory/ClassNumber/AdmissibleCardPowDegree.lean:50:  -- The coefficients higher than `deg b` are the same because they are equal to 0.
/private/tmp/nla-lean-local-shared-20260916/.lake/packages/mathlib/Mathlib/NumberTheory/ClassNumber/AdmissibleCardPowDegree.lean:54:  -- So we only need to look for the coefficients between `0` and `deg b`.
/private/tmp/nla-lean-local-shared-20260916/.lake/packages/mathlib/Mathlib/NumberTheory/ClassNumber/AdmissibleCardPowDegree.lean:69:  -- Since there are > q^d elements of A, and only q^d choices for the highest `d` coefficients,
/private/tmp/nla-lean-local-shared-20260916/.lake/packages/mathlib/Mathlib/NumberTheory/ClassNumber/AdmissibleCardPowDegree.lean:70:  -- there must be two elements of A with the same coefficients at
/private/tmp/nla-lean-local-shared-20260916/.lake/packages/mathlib/Mathlib/NumberTheory/ClassNumber/AdmissibleCardPowDegree.lean:76:  -- Therefore, the differences have all coefficients higher than `deg b - d` equal.
/private/tmp/nla-lean-local-shared-20260916/.lake/packages/mathlib/Mathlib/NumberTheory/ClassNumber/AdmissibleCardPowDegree.lean:80:  -- The coefficients higher than `deg b` are the same because they are equal to 0.
/private/tmp/nla-lean-local-shared-20260916/.lake/packages/mathlib/Mathlib/NumberTheory/ClassNumber/AdmissibleCardPowDegree.lean:84:  -- So we only need to look for the coefficients between `deg b - d` and `deg b`.
/private/tmp/nla-lean-local-shared-20260916/.lake/packages/mathlib/Mathlib/LinearAlgebra/Dimension/Finite.lean:308:such that the coefficients of the relation sum to zero. -/
/private/tmp/nla-lean-local-shared-20260916/.lake/packages/mathlib/Mathlib/LinearAlgebra/Basis/Cardinality.lean:97:    -- and want to show the coefficients are equal.
/private/tmp/nla-lean-local-shared-20260916/.lake/packages/mathlib/Mathlib/LinearAlgebra/Basis/Cardinality.lean:102:    -- All the other coefficients are also equal, because `v` is linear independent,
/private/tmp/nla-lean-local-shared-20260916/.lake/packages/mathlib/Mathlib/LinearAlgebra/Basis/Cardinality.lean:103:    -- by comparing the coefficients in the basis `b`.
/private/tmp/nla-lean-local-shared-20260916/.lake/packages/mathlib/Mathlib/Tactic/Widget/CommDiag.lean:115:Square with `homs = [f,g,h,i]` and `objs = [A,B,C,D]`
/private/tmp/nla-lean-local-shared-20260916/.lake/packages/mathlib/Mathlib/Tactic/Widget/Calc.lean:61:/-- Parameters for the calc widget. -/
/private/tmp/nla-lean-local-shared-20260916/.lake/packages/mathlib/Mathlib/LinearAlgebra/Matrix/Transvection.lean:51:If all the coefficients on the last row and column are zero, there is nothing to do. Otherwise,
/private/tmp/nla-lean-local-shared-20260916/.lake/packages/mathlib/Mathlib/LinearAlgebra/Matrix/Transvection.lean:57:order in which we cancel the coefficients, and the sum structure is useful to use the formalism of
/private/tmp/nla-lean-local-shared-20260916/.lake/packages/mathlib/Mathlib/LinearAlgebra/Matrix/Transvection.lean:321:these operations affect the coefficients in the last row and the last column to conclude that they
/private/tmp/nla-lean-local-shared-20260916/.lake/packages/mathlib/Mathlib/LinearAlgebra/Matrix/Transvection.lean:382:/-- Multiplying by all the matrices in `listTransvecCol M` kills all the coefficients in the
/private/tmp/nla-lean-local-shared-20260916/.lake/packages/mathlib/Mathlib/LinearAlgebra/Matrix/Transvection.lean:453:/-- Multiplying by all the matrices in `listTransvecRow M` kills all the coefficients in the
/private/tmp/nla-lean-local-shared-20260916/.lake/packages/mathlib/Mathlib/LinearAlgebra/Matrix/Transvection.lean:501:all the coefficients in the last row but the last one. -/
/private/tmp/nla-lean-local-shared-20260916/.lake/packages/mathlib/Mathlib/LinearAlgebra/Matrix/Transvection.lean:512:all the coefficients in the last column but the last one. -/
/private/tmp/nla-lean-local-shared-20260916/.lake/packages/mathlib/Mathlib/LinearAlgebra/Matrix/Reindex.lean:208:/-- For square matrices with coefficients in an algebra over a commutative semiring, the natural
/private/tmp/nla-lean-local-shared-20260916/.lake/packages/mathlib/Mathlib/LinearAlgebra/Matrix/Charpoly/Coeff.lean:19:We give methods for computing coefficients of the characteristic polynomial.
/private/tmp/nla-lean-local-shared-20260916/.lake/packages/mathlib/Mathlib/LinearAlgebra/Matrix/Charpoly/Coeff.lean:32:- `Matrix.charpoly_coeff_eq_sum_minors` expresses the coefficients of the characteristic
/private/tmp/nla-lean-local-shared-20260916/.lake/packages/mathlib/Mathlib/LinearAlgebra/Matrix/Charpoly/Coeff.lean:455:/-- The coefficients of the characteristic polynomial are signed sums of principal minors.
/private/tmp/nla-lean-local-shared-20260916/.lake/packages/mathlib/Mathlib/LinearAlgebra/Matrix/Charpoly/Univ.lean:17:and hence has coefficients that are multivariate polynomials.
/private/tmp/nla-lean-local-shared-20260916/.lake/packages/mathlib/Mathlib/LinearAlgebra/Matrix/Charpoly/Univ.lean:20:by evaluating the coefficients of `univ` at the entries of `M`.
/private/tmp/nla-lean-local-shared-20260916/.lake/packages/mathlib/Mathlib/LinearAlgebra/Matrix/Charpoly/Univ.lean:22:We use it to show that the coefficients of the characteristic polynomial
/private/tmp/nla-lean-local-shared-20260916/.lake/packages/mathlib/Mathlib/LinearAlgebra/Matrix/Charpoly/Univ.lean:48:By evaluating the coefficients at the entries of a matrix `M`,
/private/tmp/nla-lean-local-shared-20260916/.lake/packages/mathlib/Mathlib/LinearAlgebra/Matrix/Charpoly/Basic.lean:229:  -- to the right of any coefficients, so everything telescopes.
/private/tmp/nla-lean-local-shared-20260916/.lake/packages/mathlib/Mathlib/LinearAlgebra/Matrix/SesquilinearForm.lean:26:* `LinearMap.toMatrix₂`: calculate the matrix coefficients of a bilinear map
/private/tmp/nla-lean-local-shared-20260916/.lake/packages/mathlib/Mathlib/LinearAlgebra/Matrix/SesquilinearForm.lean:27:* `LinearMap.toMatrix₂'`: calculate the matrix coefficients of a bilinear map on `n → R`
/private/tmp/nla-lean-local-shared-20260916/.lake/packages/mathlib/Mathlib/LinearAlgebra/Matrix/BilinearForm.lean:20:* `BilinForm.toMatrix`: calculate the matrix coefficients of a bilinear form
/private/tmp/nla-lean-local-shared-20260916/.lake/packages/mathlib/Mathlib/LinearAlgebra/Matrix/BilinearForm.lean:21:* `BilinForm.toMatrix'`: calculate the matrix coefficients of a bilinear form on `n → R`
/private/tmp/nla-lean-local-shared-20260916/.lake/packages/mathlib/Mathlib/NumberTheory/LSeries/Nonvanishing.lean:34:that this function has non-negative Dirichlet coefficients, is strictly positive for `s ≫ 0`, but
/private/tmp/nla-lean-local-shared-20260916/.lake/packages/mathlib/Mathlib/NumberTheory/Real/Irrational.lean:144:/-- **Irrationality of the Square Root of 2** -/
/private/tmp/nla-lean-local-shared-20260916/.lake/packages/mathlib/Mathlib/LinearAlgebra/Matrix/ConjTranspose.lean:354:/-- When `star x = x` on the coefficients (such as the real numbers) `conjTranspose` and `transpose`
/private/tmp/nla-lean-local-shared-20260916/.lake/packages/mathlib/Mathlib/LinearAlgebra/Matrix/Kronecker.lean:20:  and matrices `A` and `B` with coefficients in `α` and `β`, respectively, it is defined as the
/private/tmp/nla-lean-local-shared-20260916/.lake/packages/mathlib/Mathlib/LinearAlgebra/Matrix/Kronecker.lean:21:  matrix with coefficients in `γ` such that
/private/tmp/nla-lean-local-shared-20260916/.lake/packages/mathlib/Mathlib/NumberTheory/ModularForms/Bounds.lean:15:bounds for its q-expansion coefficients. The main results are
/private/tmp/nla-lean-local-shared-20260916/.lake/packages/mathlib/Mathlib/NumberTheory/ModularForms/Bounds.lean:251:/-- General result on bounding q-expansion coefficients using a bound on the norm of the function.
/private/tmp/nla-lean-local-shared-20260916/.lake/packages/mathlib/Mathlib/NumberTheory/ModularForms/Bounds.lean:288:/-- Bound for the coefficients of a modular form: if `f` is a weight `k` modular form for an
/private/tmp/nla-lean-local-shared-20260916/.lake/packages/mathlib/Mathlib/NumberTheory/ModularForms/Bounds.lean:289:arithmetic subgroup, then its `q`-expansion coefficients are `O (n ^ k)`.
/private/tmp/nla-lean-local-shared-20260916/.lake/packages/mathlib/Mathlib/NumberTheory/ModularForms/Bounds.lean:308:/-- **Hecke's bound** for the coefficients of a cusp form: if `f` is a weight `k` modular form for
/private/tmp/nla-lean-local-shared-20260916/.lake/packages/mathlib/Mathlib/NumberTheory/ModularForms/Bounds.lean:309:an arithmetic subgroup, then its `q`-expansion coefficients are `O (n ^ (k / 2))`.
/private/tmp/nla-lean-local-shared-20260916/.lake/packages/mathlib/Mathlib/LinearAlgebra/PerfectPairing/Basic.lean:114:/-- If the coefficients are a field, and one of the spaces is finite-dimensional, it is sufficient
/private/tmp/nla-lean-local-shared-20260916/.lake/packages/mathlib/Mathlib/LinearAlgebra/PerfectPairing/Basic.lean:123:/-- If the coefficients are a field, and one of the spaces is finite-dimensional, it is sufficient
/private/tmp/nla-lean-local-shared-20260916/.lake/packages/mathlib/Mathlib/LinearAlgebra/PerfectPairing/Restrict.lean:22:  of a perfect pairing with coefficients in a field.
/private/tmp/nla-lean-local-shared-20260916/.lake/packages/mathlib/Mathlib/LinearAlgebra/PerfectPairing/Restrict.lean:238:/-- Simultaneously restrict both the domains and scalars of a perfect pairing with coefficients in a
/private/tmp/nla-lean-local-shared-20260916/.lake/packages/mathlib/Mathlib/NumberTheory/LSeries/Injectivity.lean:13:# A converging L-series determines its coefficients
/private/tmp/nla-lean-local-shared-20260916/.lake/packages/mathlib/Mathlib/NumberTheory/LSeries/Injectivity.lean:55:/-- If the coefficients `f m` of an L-series are zero for `m ≤ n` and the L-series converges
/private/tmp/nla-lean-local-shared-20260916/.lake/packages/mathlib/Mathlib/NumberTheory/Bernoulli.lean:311:    -- manipulate factorials and binomial coefficients
/private/tmp/nla-lean-local-shared-20260916/.lake/packages/mathlib/Mathlib/NumberTheory/LSeries/SumCoeff.lean:15:# Partial sums of coefficients of L-series
/private/tmp/nla-lean-local-shared-20260916/.lake/packages/mathlib/Mathlib/NumberTheory/LSeries/SumCoeff.lean:17:We prove several results involving partial sums of coefficients (or norm of coefficients) of
/private/tmp/nla-lean-local-shared-20260916/.lake/packages/mathlib/Mathlib/LinearAlgebra/UnitaryGroup.lean:90:non-commutative coefficients. -/
/private/tmp/nla-lean-local-shared-20260916/.lake/packages/mathlib/Mathlib/NumberTheory/ZetaValues.lean:215:/-! Compute the Fourier coefficients of the Bernoulli functions via integration by parts. -/
/private/tmp/nla-lean-local-shared-20260916/.lake/packages/mathlib/Mathlib/NumberTheory/ZetaValues.lean:239:/-- The Fourier coefficients of `B₀(x) = 1`. -/
/private/tmp/nla-lean-local-shared-20260916/.lake/packages/mathlib/Mathlib/NumberTheory/ZetaValues.lean:267:/-! In this section we use the above evaluations of the Fourier coefficients of Bernoulli
/private/tmp/nla-lean-local-shared-20260916/.lake/packages/mathlib/Mathlib/LinearAlgebra/FreeModule/PID.lean:41:  a matrix in Smith normal form, a diagonal matrix with the coefficients `a i`
/private/tmp/nla-lean-local-shared-20260916/.lake/packages/mathlib/Mathlib/NumberTheory/HeckeRing/Defs.lean:40:* `HeckeCosetModule Δ H₁ H₂ Z`: the Hecke coset module with coefficients in `Z`, the
/private/tmp/nla-lean-local-shared-20260916/.lake/packages/mathlib/Mathlib/NumberTheory/HeckeRing/Defs.lean:178:/-- The Hecke coset module with coefficients in `Z`: the finitely-supported `Z`-linear
/private/tmp/nla-lean-local-shared-20260916/.lake/packages/mathlib/Mathlib/NumberTheory/HeckeRing/Defs.lean:180:Hecke ring `𝕋 Δ H Z` (see `HeckeRing`). The coefficients `Z` need only carry a `Zero` for the
/private/tmp/nla-lean-local-shared-20260916/.lake/packages/mathlib/Mathlib/NumberTheory/HeckeRing/Defs.lean:186:/-- The Hecke ring `𝕋 Δ H Z` with coefficients in `Z`: the diagonal Hecke coset module
/private/tmp/nla-lean-local-shared-20260916/.lake/packages/mathlib/Mathlib/LinearAlgebra/FreeModule/Finite/Quotient.lean:119:  (quotients by the ideals generated by Smith coefficients of `N`). -/
/private/tmp/nla-lean-local-shared-20260916/.lake/packages/mathlib/Mathlib/LinearAlgebra/FreeModule/Norm.lean:29:coefficients of the ideal generated by `f`. -/
/private/tmp/nla-lean-local-shared-20260916/.lake/packages/mathlib/Mathlib/NumberTheory/LSeries/Basic.lean:22:* `LSeries f` is the L-series with a given sequence `f` as its coefficients. This is not the
/private/tmp/nla-lean-local-shared-20260916/.lake/packages/mathlib/Mathlib/NumberTheory/LSeries/Basic.lean:320:We relate summability of L-series with bounds on the coefficients in terms of powers of `n`.
/private/tmp/nla-lean-local-shared-20260916/.lake/packages/mathlib/Mathlib/LinearAlgebra/FreeModule/IdealQuotient.lean:55:  (quotients by the ideals generated by Smith coefficients of `I`). -/
/private/tmp/nla-lean-local-shared-20260916/.lake/packages/mathlib/Mathlib/NumberTheory/ModularForms/QExpansion.lean:40:* `UpperHalfPlane.qExpansion_coeff_unique` shows that q-expansion coefficients are uniquely
/private/tmp/nla-lean-local-shared-20260916/.lake/packages/mathlib/Mathlib/LinearAlgebra/LinearIndependent/Defs.lean:22:the linear combination of vectors from `v` with these coefficients.
/private/tmp/nla-lean-local-shared-20260916/.lake/packages/mathlib/Mathlib/LinearAlgebra/LinearIndependent/Basic.lean:512:  -- * `hg` is the fact that `g` are the coefficients of a linear combination summing to zero
/private/tmp/nla-lean-local-shared-20260916/.lake/packages/mathlib/Mathlib/LinearAlgebra/LinearIndependent/Lemmas.lean:543:belongs to the span of `f` with non-zero-divisor coefficients. -/
/private/tmp/nla-lean-local-shared-20260916/.lake/packages/mathlib/Mathlib/LinearAlgebra/Dual/Basis.lean:239:/-- The coefficients of `v` on the basis `e` -/
/private/tmp/nla-lean-local-shared-20260916/.lake/packages/mathlib/Mathlib/FieldTheory/IntermediateField/Adjoin/Basic.lean:482:`F` adjoin the coefficients of `minpoly K α` is equal to `K` itself. -/
/private/tmp/nla-lean-local-shared-20260916/.lake/packages/mathlib/Mathlib/LinearAlgebra/CliffordAlgebra/EvenEquiv.lean:49:/-- The quadratic form on the augmented vector space `M × R` sending `v + r•e0` to `Q v - r^2`. -/
/private/tmp/nla-lean-local-shared-20260916/.lake/packages/mathlib/Mathlib/NumberTheory/ModularForms/LevelOne/DimensionFormula.lean:210:constant term `1` and first-order coefficients `240` and `-504`, then `p = 0`. -/
/private/tmp/nla-lean-local-shared-20260916/.lake/packages/mathlib/Mathlib/LinearAlgebra/Reflection.lean:218:    /- Now, equate the coefficients on both sides. These linear combinations were
/private/tmp/nla-lean-local-shared-20260916/.lake/packages/mathlib/Mathlib/LinearAlgebra/Reflection.lean:296:    -- Equate coefficients of `x` and `y`.
/private/tmp/nla-lean-local-shared-20260916/.lake/packages/mathlib/Mathlib/LinearAlgebra/Reflection.lean:306:    -- Equate coefficients of `x` and `y`.
/private/tmp/nla-lean-local-shared-20260916/.lake/packages/mathlib/Mathlib/LinearAlgebra/Reflection.lean:328:  -- Equate coefficients of `x` and `y`.
/private/tmp/nla-lean-local-shared-20260916/.lake/packages/mathlib/Mathlib/FieldTheory/RatFunc/Luroth.lean:52:/-- The minimal polynomial of `X` with coefficients in `E`. -/
/private/tmp/nla-lean-local-shared-20260916/.lake/packages/mathlib/Mathlib/FieldTheory/RatFunc/Luroth.lean:65:/-- Since `X` is transcendental over `K`, not all coefficients of `φ` can be in `K`. -/
/private/tmp/nla-lean-local-shared-20260916/.lake/packages/mathlib/Mathlib/FieldTheory/RatFunc/Luroth.lean:168:/-- We have `c * φ = Φ` as polynomials with coefficients in `Ratfunc K`. See Equation
/private/tmp/nla-lean-local-shared-20260916/.lake/packages/mathlib/Mathlib/FieldTheory/RatFunc/Luroth.lean:303:-- A priori, it will be a polynomial with coefficients in `K⟮X⟯`, which we call `Q₀`.
/private/tmp/nla-lean-local-shared-20260916/.lake/packages/mathlib/Mathlib/FieldTheory/RatFunc/Luroth.lean:310:/-- A polynomial `Q₀` with coefficients in `K⟮X⟯` that satisfies `Q₀ * Φ = θ`. -/
/private/tmp/nla-lean-local-shared-20260916/.lake/packages/mathlib/Mathlib/FieldTheory/RatFunc/Luroth.lean:339:/-- Equation (11.3.8) from Cohn's proof, viewed as an equation of polynomials with coefficients
/private/tmp/nla-lean-local-shared-20260916/.lake/packages/mathlib/Mathlib/NumberTheory/ModularForms/EisensteinSeries/QExpansion.lean:27:We also identify the q-expansion coefficients as a `PowerSeries` via
/private/tmp/nla-lean-local-shared-20260916/.lake/packages/mathlib/Mathlib/NumberTheory/ModularForms/EisensteinSeries/QExpansion.lean:109:and q-expansion coefficients all `1`. -/
/private/tmp/nla-lean-local-shared-20260916/.lake/packages/mathlib/Mathlib/NumberTheory/ModularForms/EisensteinSeries/QExpansion.lean:320:/-- The q-expansion coefficients of the normalised Eisenstein series `E k`: the constant term is
/private/tmp/nla-lean-local-shared-20260916/.lake/packages/mathlib/Mathlib/FieldTheory/RatFunc/IntermediateField.lean:42:as a polynomial with coefficients in `A`, where `A` is a `K[f]`-algebra. -/
/private/tmp/nla-lean-local-shared-20260916/.lake/packages/mathlib/Mathlib/FieldTheory/SeparablyGenerated.lean:50:/-- View a multivariate polynomial `F(x₁,...,xₙ)` as a polynomial in `xᵢ` with coefficients
/private/tmp/nla-lean-local-shared-20260916/.lake/packages/mathlib/Mathlib/LinearAlgebra/Finsupp/LinearCombination.lean:18:  `v i` with coefficients `l i`;
/private/tmp/nla-lean-local-shared-20260916/.lake/packages/mathlib/Mathlib/LinearAlgebra/Finsupp/LinearCombination.lean:22:  `v i` with coefficients `l i` (for a finite type `ι`)
/private/tmp/nla-lean-local-shared-20260916/.lake/packages/mathlib/Mathlib/FieldTheory/AxGrothendieck.lean:57:  /- `s` is the set of all coefficients of the polynomial, as well as all of
/private/tmp/nla-lean-local-shared-20260916/.lake/packages/mathlib/Mathlib/LinearAlgebra/RootSystem/BaseExists.lean:26:The proof needs a set of ordered coefficients, even though the ultimate existence statement does
/private/tmp/nla-lean-local-shared-20260916/.lake/packages/mathlib/Mathlib/LinearAlgebra/RootSystem/BaseExists.lean:31:(b) Introduce a second set of ordered coefficients (ultimately taken to be `ℚ`) and develop a
/private/tmp/nla-lean-local-shared-20260916/.lake/packages/mathlib/Mathlib/LinearAlgebra/RootSystem/BaseExists.lean:32:    theory with two sets of coefficients simultaneously in play.
/private/tmp/nla-lean-local-shared-20260916/.lake/packages/mathlib/Mathlib/LinearAlgebra/RootSystem/BaseExists.lean:62:/-- This lemma is usually established for root systems with coefficients `R` equal to `ℚ` or `ℝ`, in
/private/tmp/nla-lean-local-shared-20260916/.lake/packages/mathlib/Mathlib/LinearAlgebra/RootSystem/BaseExists.lean:63:which case one may take `S = R`. However our statement allows for more general coefficients such as
/private/tmp/nla-lean-local-shared-20260916/.lake/packages/mathlib/Mathlib/FieldTheory/Separable.lean:174:See `PerfectField.separable_iff_squarefree` for the converse when the coefficients are a perfect
/private/tmp/nla-lean-local-shared-20260916/.lake/packages/mathlib/Mathlib/LinearAlgebra/RootSystem/BaseChange.lean:15:When the coefficients are a field, root pairings behave well with respect to restriction and
/private/tmp/nla-lean-local-shared-20260916/.lake/packages/mathlib/Mathlib/LinearAlgebra/RootSystem/BaseChange.lean:20:  get a root _system_ with coefficients in the subfield. Of particular interest is the case when
/private/tmp/nla-lean-local-shared-20260916/.lake/packages/mathlib/Mathlib/LinearAlgebra/RootSystem/Irreducible.lean:22:  coefficients are a field.
/private/tmp/nla-lean-local-shared-20260916/.lake/packages/mathlib/Mathlib/LinearAlgebra/RootSystem/Irreducible.lean:187:/-- When the coefficients are a field, the coroot conditions for irreducibility follow from those
/private/tmp/nla-lean-local-shared-20260916/.lake/packages/mathlib/Mathlib/LinearAlgebra/Ray.lean:468:/-- Two scalar multiples of a common vector whose coefficients have nonnegative product
/private/tmp/nla-lean-local-shared-20260916/.lake/packages/mathlib/Mathlib/LinearAlgebra/RootSystem/IsValuedIn.lean:77:coefficients.
/private/tmp/nla-lean-local-shared-20260916/.lake/packages/mathlib/Mathlib/LinearAlgebra/RootSystem/IsValuedIn.lean:321:coefficients.
/private/tmp/nla-lean-local-shared-20260916/.lake/packages/mathlib/Mathlib/LinearAlgebra/RootSystem/Defs.lean:102:/-- A root datum is a root pairing with coefficients in the integers and for which the root and
/private/tmp/nla-lean-local-shared-20260916/.lake/packages/mathlib/Mathlib/NumberTheory/SiegelsLemma.lean:19:coefficients.
/private/tmp/nla-lean-local-shared-20260916/.lake/packages/mathlib/Mathlib/LinearAlgebra/RootSystem/Finite/G2.lean:21:stronger assumptions on the coefficients than here.
/private/tmp/nla-lean-local-shared-20260916/.lake/packages/mathlib/Mathlib/LinearAlgebra/RootSystem/Finite/G2.lean:307:/-- The coefficients of each root in the `𝔤₂` root pairing, relative to the base. -/
/private/tmp/nla-lean-local-shared-20260916/.lake/packages/mathlib/Mathlib/FieldTheory/Minpoly/Field.lean:109:/-- If a subfield `F` of `E` contains all the coefficients of `minpoly E a`, then
/private/tmp/nla-lean-local-shared-20260916/.lake/packages/mathlib/Mathlib/NumberTheory/Bertrand.lean:39:Bertrand, prime, binomial coefficients
/private/tmp/nla-lean-local-shared-20260916/.lake/packages/mathlib/Mathlib/LinearAlgebra/RootSystem/Finite/Nondegenerate.lean:36:  the coefficients are ordered.
/private/tmp/nla-lean-local-shared-20260916/.lake/packages/mathlib/Mathlib/LinearAlgebra/RootSystem/Finite/Nondegenerate.lean:38:  non-degenerate if the coefficients are a field and the pairing is crystallographic.
/private/tmp/nla-lean-local-shared-20260916/.lake/packages/mathlib/Mathlib/NumberTheory/BernoulliPolynomials.lean:33:  coefficients up to `n` is `(n + 1) * X^n`.
/private/tmp/nla-lean-local-shared-20260916/.lake/packages/mathlib/Mathlib/NumberTheory/BernoulliPolynomials.lean:264:  -- check equality of power series by checking coefficients of X^n
/private/tmp/nla-lean-local-shared-20260916/.lake/packages/mathlib/Mathlib/NumberTheory/BernoulliPolynomials.lean:268:  -- n ≥ 1, the coefficients is a sum to n+2, so use `sum_range_succ` to write as
/private/tmp/nla-lean-local-shared-20260916/.lake/packages/mathlib/Mathlib/NumberTheory/BernoulliPolynomials.lean:289:  -- factorials and binomial coefficients between ℕ and ℚ and A.
/private/tmp/nla-lean-local-shared-20260916/.lake/packages/mathlib/Mathlib/NumberTheory/BernoulliPolynomials.lean:291:  -- deal with coefficients of e^X-1
/private/tmp/nla-lean-local-shared-20260916/.lake/packages/mathlib/Mathlib/FieldTheory/IsAlgClosed/AlgebraicClosure.lean:22:  polynomials `f` with coefficients in `k`, and quotienting out by a maximal
/private/tmp/nla-lean-local-shared-20260916/.lake/packages/mathlib/Mathlib/FieldTheory/IsAlgClosed/AlgebraicClosure.lean:56:/-- The span of all coefficients of `subProdXSubC f` as `f` ranges all polynomials in `k[X]`. -/
/private/tmp/nla-lean-local-shared-20260916/.lake/packages/mathlib/Mathlib/LinearAlgebra/RootSystem/RootPositive.lean:127:/-- Given a root-positive form associated to a root pairing with coefficients in `R` but taking
/private/tmp/nla-lean-local-shared-20260916/.lake/packages/mathlib/Mathlib/FieldTheory/Minpoly/Basic.lean:34:is a monic polynomial with coefficients in `A` of smallest degree that has `x` as its root,
/private/tmp/nla-lean-local-shared-20260916/.lake/packages/mathlib/Mathlib/FieldTheory/Minpoly/MinpolyDiv.lean:22:- `span_coeff_minpolyDiv`: The coefficients of `minpolyDiv` span `R<x>`.
/private/tmp/nla-lean-local-shared-20260916/.lake/packages/mathlib/Mathlib/LinearAlgebra/AffineSpace/Slope.lean:97:explicitly provides coefficients. If `a ≠ c`, then the sum of the coefficients is `1`, so it is
/private/tmp/nla-lean-local-shared-20260916/.lake/packages/mathlib/Mathlib/LinearAlgebra/AffineSpace/Independent.lean:913:coefficients in the first point in the span are zero and those in the second point in the span
/private/tmp/nla-lean-local-shared-20260916/.lake/packages/mathlib/Mathlib/LinearAlgebra/AffineSpace/Independent.lean:914:have the same sign. Then the coefficients in the combination lying in the span have the same
/private/tmp/nla-lean-local-shared-20260916/.lake/packages/mathlib/Mathlib/LinearAlgebra/AffineSpace/Independent.lean:931:by `lineMap` with coefficient between 0 and 1. Then the coefficients of those two points in the
/private/tmp/nla-lean-local-shared-20260916/.lake/packages/mathlib/Mathlib/FieldTheory/NormalizedTrace.lean:174:/-- If all the coefficients of `minpoly E a` are in `F`, then the normalized trace of `a` from `K`
/private/tmp/nla-lean-local-shared-20260916/.lake/packages/mathlib/Mathlib/LinearAlgebra/PID.lean:13:# Linear maps of modules with coefficients in a principal ideal domain
/private/tmp/nla-lean-local-shared-20260916/.lake/packages/mathlib/Mathlib/LinearAlgebra/PID.lean:16:developed only for vector spaces may be generalised to any module with coefficients in a PID.
/private/tmp/nla-lean-local-shared-20260916/.lake/packages/mathlib/Mathlib/NumberTheory/Padics/MahlerBasis.lean:77:/-- The p-adic integers are a binomial ring, i.e. a ring where binomial coefficients make sense. -/
/private/tmp/nla-lean-local-shared-20260916/.lake/packages/mathlib/Mathlib/NumberTheory/Padics/MahlerBasis.lean:199:Explicit bound for the decay rate of the Mahler coefficients of a continuous function on `ℤ_[p]`.
/private/tmp/nla-lean-local-shared-20260916/.lake/packages/mathlib/Mathlib/NumberTheory/Padics/MahlerBasis.lean:284:/-- A Mahler series whose coefficients tend to 0 is convergent. -/
/private/tmp/nla-lean-local-shared-20260916/.lake/packages/mathlib/Mathlib/NumberTheory/Padics/MahlerBasis.lean:310:The coefficients of a Mahler series can be recovered from the sum by taking forward differences at
/private/tmp/nla-lean-local-shared-20260916/.lake/packages/mathlib/Mathlib/NumberTheory/Padics/MahlerBasis.lean:337:Mahler series with coefficients `n ↦ Δ_[1]^[n] f 0` converges to the original function `f`.
/private/tmp/nla-lean-local-shared-20260916/.lake/packages/mathlib/Mathlib/CategoryTheory/LocallyCartesianClosed/ChosenPullbacksAlong.lean:321:`CategoryTheory.Square.IsPullback` (a `Prop`). -/
/private/tmp/nla-lean-local-shared-20260916/.lake/packages/mathlib/Mathlib/Analysis/Analytic/Binomial.lean:45:/-- **Binomial series**: the (scalar) formal multilinear series with coefficients given
/private/tmp/nla-lean-local-shared-20260916/.lake/packages/mathlib/Mathlib/Analysis/Analytic/OfScalars.lean:244:This requires that the coefficients are eventually non-zero as
/private/tmp/nla-lean-local-shared-20260916/.lake/packages/mathlib/Mathlib/NumberTheory/Harmonic/ZetaAsymp.lean:454:Since `ζ` has real Dirichlet coefficients, `conj (ζ (conj z)) = ζ z` holds termwise for
/private/tmp/nla-lean-local-shared-20260916/.lake/packages/mathlib/Mathlib/Analysis/Analytic/Uniqueness.lean:174:    contained in `B (x, r)`. All the coefficients in this series expansion vanish, as `f` is zero
/private/tmp/nla-lean-local-shared-20260916/.lake/packages/mathlib/Mathlib/Analysis/Analytic/Composition.lean:263:first coefficients seen as continuous linear maps. -/
/private/tmp/nla-lean-local-shared-20260916/.lake/packages/mathlib/Mathlib/Analysis/Analytic/Composition.lean:340:/-- The identity formal multilinear series, with all coefficients equal to `0` except for `n = 1`
/private/tmp/nla-lean-local-shared-20260916/.lake/packages/mathlib/Mathlib/Analysis/Analytic/Inverse.lean:335:hence its coefficients grow at most geometrically (by a contour integral argument), and therefore
/private/tmp/nla-lean-local-shared-20260916/.lake/packages/mathlib/Mathlib/Analysis/Analytic/Inverse.lean:340:coefficients) to obtain an explicit geometric bound, but this would be very painful.
/private/tmp/nla-lean-local-shared-20260916/.lake/packages/mathlib/Mathlib/Analysis/Analytic/Inverse.lean:363:/-- First technical lemma to control the growth of coefficients of the inverse. Bound the explicit
/private/tmp/nla-lean-local-shared-20260916/.lake/packages/mathlib/Mathlib/Analysis/Analytic/Inverse.lean:424:/-- Second technical lemma to control the growth of coefficients of the inverse. Bound the explicit
/private/tmp/nla-lean-local-shared-20260916/.lake/packages/mathlib/Mathlib/Analysis/Analytic/Inverse.lean:536:  -- conclude that all coefficients satisfy `aⁿ Qₙ ≤ (I + 1) a`.
/private/tmp/nla-lean-local-shared-20260916/.lake/packages/mathlib/Mathlib/Analysis/Polynomial/MahlerMeasure.lean:29:  ring `A` whose coefficients are mapped to `ℂ` via `v : A →+* ℂ`
/private/tmp/nla-lean-local-shared-20260916/.lake/packages/mathlib/Mathlib/Analysis/Polynomial/MahlerMeasure.lean:257:is at least 1. This holds in particular for nonzero polynomials with integer coefficients,
/private/tmp/nla-lean-local-shared-20260916/.lake/packages/mathlib/Mathlib/Analysis/Polynomial/MahlerMeasure.lean:264:/-- The Mahler measure of a polynomial is bounded above by the sum of the norms of its coefficients.
/private/tmp/nla-lean-local-shared-20260916/.lake/packages/mathlib/Mathlib/Analysis/Polynomial/MahlerMeasure.lean:298:Mahler measure (`mahlerMeasure_mul`), it gives the Mignotte bound on coefficients of polynomial
/private/tmp/nla-lean-local-shared-20260916/.lake/packages/mathlib/Mathlib/Analysis/Polynomial/MahlerMeasure.lean:424:(which holds in particular when `h` has integer coefficients with nonzero leading coefficient),
/private/tmp/nla-lean-local-shared-20260916/.lake/packages/mathlib/Mathlib/Analysis/Polynomial/MahlerMeasure.lean:425:then the coefficients of `g` are bounded by a binomial coefficient times the Mahler measure
/private/tmp/nla-lean-local-shared-20260916/.lake/packages/mathlib/Mathlib/Analysis/Polynomial/MahlerMeasure.lean:448:polynomials with coefficients in subrings of `ℂ`. To do so, we introduce `mapMahlerMeasure`. This
/private/tmp/nla-lean-local-shared-20260916/.lake/packages/mathlib/Mathlib/Analysis/Polynomial/Basic.lean:21:functions, depending on the degrees and leading coefficients of the considered
/private/tmp/nla-lean-local-shared-20260916/.lake/packages/mathlib/Mathlib/Analysis/Polynomial/Norm.lean:16:In this file we define the sup norm on `Polynomial`s based on their coefficients as well as several
/private/tmp/nla-lean-local-shared-20260916/.lake/packages/mathlib/Mathlib/Analysis/Polynomial/Norm.lean:25:- `Polynomial.supNorm p`: the sup norm of the coefficients of the polynomial, equal to the
/private/tmp/nla-lean-local-shared-20260916/.lake/packages/mathlib/Mathlib/Analysis/Polynomial/Norm.lean:26:  maximum of the norm of its coefficients (or zero for the zero polynomial)
/private/tmp/nla-lean-local-shared-20260916/.lake/packages/mathlib/Mathlib/Analysis/Polynomial/Norm.lean:49:/-- The sup norm of a polynomial on a semi-normed ring, defined as the maximum of its coefficients.
/private/tmp/nla-lean-local-shared-20260916/.lake/packages/mathlib/Mathlib/Analysis/Polynomial/Fourier.lean:12:# Fourier Coefficients of Polynomials
/private/tmp/nla-lean-local-shared-20260916/.lake/packages/mathlib/Mathlib/Analysis/Polynomial/Fourier.lean:16:coefficients match Fourier coefficients and prove Parseval's identity for polynomials.
/private/tmp/nla-lean-local-shared-20260916/.lake/packages/mathlib/Mathlib/Analysis/Polynomial/Fourier.lean:30:  of the norms of the coefficients of a polynomial equals the average over the circle of the norm
/private/tmp/nla-lean-local-shared-20260916/.lake/packages/mathlib/Mathlib/Analysis/Polynomial/Fourier.lean:92:  -- Rewrite coefficients as Fourier coefficients
/private/tmp/nla-lean-local-shared-20260916/.lake/packages/mathlib/Mathlib/Analysis/Normed/Algebra/Spectrum.lean:326:power series with coefficients `a ^ n` represents the function `(1 - z • a)⁻¹` in a disk of
/private/tmp/nla-lean-local-shared-20260916/.lake/packages/mathlib/Mathlib/Analysis/Normed/Algebra/GelfandMazur.lean:75:and hence `‖aeval x p‖` gets large when `p` has large coefficients.
/private/tmp/nla-lean-local-shared-20260916/.lake/packages/mathlib/Mathlib/Analysis/Normed/Algebra/GelfandMazur.lean:383:with real coefficients. -/
/private/tmp/nla-lean-local-shared-20260916/.lake/packages/mathlib/Mathlib/Analysis/Normed/Unbundled/FiniteExtension.lean:24:  coefficients with respect to the `K`-basis `B` of `L`.
/private/tmp/nla-lean-local-shared-20260916/.lake/packages/mathlib/Mathlib/Analysis/Normed/Unbundled/FiniteExtension.lean:57:/-- The function sending an element `x : L` to the maximum of the norms of its coefficients
/private/tmp/nla-lean-local-shared-20260916/.lake/packages/mathlib/Mathlib/Analysis/Normed/Unbundled/SpectralNorm.lean:201:if all of its coefficients have norm less than or equal to 1. -/
/private/tmp/nla-lean-local-shared-20260916/.lake/packages/mathlib/Mathlib/Analysis/Normed/Field/Approximation.lean:19:Let `f` and `g` be two monic polynomials such that `g` splits. If the coefficients of two
/private/tmp/nla-lean-local-shared-20260916/.lake/packages/mathlib/Mathlib/Analysis/Normed/Field/Approximation.lean:28:Use the fact that `f.discr` is polynomial of the coefficients of `f` to show that
/private/tmp/nla-lean-local-shared-20260916/.lake/packages/mathlib/Mathlib/Analysis/Normed/Field/Approximation.lean:49:If the coefficients of two polynomials `f` and `g` are sufficiently close, then every root of `f`
/private/tmp/nla-lean-local-shared-20260916/.lake/packages/mathlib/Mathlib/Analysis/Normed/Field/Dense.lean:92:  -- We can find a `g ∈ K[X]` whose coefficients sufficiently close to coefficients of `f`.
/private/tmp/nla-lean-local-shared-20260916/.lake/packages/mathlib/Mathlib/CategoryTheory/Square.lean:16:objects in a category `Square C`.
/private/tmp/nla-lean-local-shared-20260916/.lake/packages/mathlib/Mathlib/CategoryTheory/Square.lean:47:structure Square where
/private/tmp/nla-lean-local-shared-20260916/.lake/packages/mathlib/Mathlib/CategoryTheory/Square.lean:66:namespace Square
/private/tmp/nla-lean-local-shared-20260916/.lake/packages/mathlib/Mathlib/CategoryTheory/Square.lean:70:lemma commSq (sq : Square C) : CommSq sq.f₁₂ sq.f₁₃ sq.f₂₄ sq.f₃₄ where
/private/tmp/nla-lean-local-shared-20260916/.lake/packages/mathlib/Mathlib/CategoryTheory/Square.lean:76:structure Hom (sq₁ sq₂ : Square C) where
/private/tmp/nla-lean-local-shared-20260916/.lake/packages/mathlib/Mathlib/CategoryTheory/Square.lean:96:def id (sq : Square C) : Hom sq sq where
/private/tmp/nla-lean-local-shared-20260916/.lake/packages/mathlib/Mathlib/CategoryTheory/Square.lean:104:def comp {sq₁ sq₂ sq₃ : Square C} (f : Hom sq₁ sq₂) (g : Hom sq₂ sq₃) : Hom sq₁ sq₃ where
/private/tmp/nla-lean-local-shared-20260916/.lake/packages/mathlib/Mathlib/CategoryTheory/Square.lean:113:instance category : Category (Square C) where
/private/tmp/nla-lean-local-shared-20260916/.lake/packages/mathlib/Mathlib/CategoryTheory/Square.lean:119:lemma hom_ext {sq₁ sq₂ : Square C} {f g : sq₁ ⟶ sq₂}
/private/tmp/nla-lean-local-shared-20260916/.lake/packages/mathlib/Mathlib/CategoryTheory/Square.lean:124:/-- Constructor for isomorphisms in `Square C` -/
/private/tmp/nla-lean-local-shared-20260916/.lake/packages/mathlib/Mathlib/CategoryTheory/Square.lean:125:def isoMk {sq₁ sq₂ : Square C} (e₁ : sq₁.X₁ ≅ sq₂.X₁) (e₂ : sq₁.X₂ ≅ sq₂.X₂)
/private/tmp/nla-lean-local-shared-20260916/.lake/packages/mathlib/Mathlib/CategoryTheory/Square.lean:153:def flip (sq : Square C) : Square C where
/private/tmp/nla-lean-local-shared-20260916/.lake/packages/mathlib/Mathlib/CategoryTheory/Square.lean:163:def flipFunctor : Square C ⥤ Square C where
/private/tmp/nla-lean-local-shared-20260916/.lake/packages/mathlib/Mathlib/CategoryTheory/Square.lean:175:def flipEquivalence : Square C ≌ Square C where
/private/tmp/nla-lean-local-shared-20260916/.lake/packages/mathlib/Mathlib/CategoryTheory/Square.lean:183:/-- The functor `Square C ⥤ Arrow (Arrow C)` which sends a
/private/tmp/nla-lean-local-shared-20260916/.lake/packages/mathlib/Mathlib/CategoryTheory/Square.lean:187:def toArrowArrowFunctor : Square C ⥤ Arrow (Arrow C) where
/private/tmp/nla-lean-local-shared-20260916/.lake/packages/mathlib/Mathlib/CategoryTheory/Square.lean:192:/-- The functor `Arrow (Arrow C) ⥤ Square C` which sends
/private/tmp/nla-lean-local-shared-20260916/.lake/packages/mathlib/Mathlib/CategoryTheory/Square.lean:196:def fromArrowArrowFunctor : Arrow (Arrow C) ⥤ Square C where
/private/tmp/nla-lean-local-shared-20260916/.lake/packages/mathlib/Mathlib/CategoryTheory/Square.lean:210:/-- The equivalence `Square C ≌ Arrow (Arrow C)` which sends a
/private/tmp/nla-lean-local-shared-20260916/.lake/packages/mathlib/Mathlib/CategoryTheory/Square.lean:214:def arrowArrowEquivalence : Square C ≌ Arrow (Arrow C) where
/private/tmp/nla-lean-local-shared-20260916/.lake/packages/mathlib/Mathlib/CategoryTheory/Square.lean:222:/-- The functor `Square C ⥤ Arrow (Arrow C)` which sends a
/private/tmp/nla-lean-local-shared-20260916/.lake/packages/mathlib/Mathlib/CategoryTheory/Square.lean:226:def toArrowArrowFunctor' : Square C ⥤ Arrow (Arrow C) where
/private/tmp/nla-lean-local-shared-20260916/.lake/packages/mathlib/Mathlib/CategoryTheory/Square.lean:231:/-- The functor `Arrow (Arrow C) ⥤ Square C` which sends
/private/tmp/nla-lean-local-shared-20260916/.lake/packages/mathlib/Mathlib/CategoryTheory/Square.lean:235:def fromArrowArrowFunctor' : Arrow (Arrow C) ⥤ Square C where
/private/tmp/nla-lean-local-shared-20260916/.lake/packages/mathlib/Mathlib/CategoryTheory/Square.lean:249:/-- The equivalence `Square C ≌ Arrow (Arrow C)` which sends a
/private/tmp/nla-lean-local-shared-20260916/.lake/packages/mathlib/Mathlib/CategoryTheory/Square.lean:253:def arrowArrowEquivalence' : Square C ≌ Arrow (Arrow C) where
/private/tmp/nla-lean-local-shared-20260916/.lake/packages/mathlib/Mathlib/CategoryTheory/Square.lean:259:/-- The top-left evaluation `Square C ⥤ C`. -/
/private/tmp/nla-lean-local-shared-20260916/.lake/packages/mathlib/Mathlib/CategoryTheory/Square.lean:261:def evaluation₁ : Square C ⥤ C where
/private/tmp/nla-lean-local-shared-20260916/.lake/packages/mathlib/Mathlib/CategoryTheory/Square.lean:265:/-- The top-right evaluation `Square C ⥤ C`. -/
/private/tmp/nla-lean-local-shared-20260916/.lake/packages/mathlib/Mathlib/CategoryTheory/Square.lean:267:def evaluation₂ : Square C ⥤ C where
/private/tmp/nla-lean-local-shared-20260916/.lake/packages/mathlib/Mathlib/CategoryTheory/Square.lean:271:/-- The bottom-left evaluation `Square C ⥤ C`. -/
/private/tmp/nla-lean-local-shared-20260916/.lake/packages/mathlib/Mathlib/CategoryTheory/Square.lean:273:def evaluation₃ : Square C ⥤ C where
/private/tmp/nla-lean-local-shared-20260916/.lake/packages/mathlib/Mathlib/CategoryTheory/Square.lean:277:/-- The bottom-right evaluation `Square C ⥤ C`. -/
/private/tmp/nla-lean-local-shared-20260916/.lake/packages/mathlib/Mathlib/CategoryTheory/Square.lean:279:def evaluation₄ : Square C ⥤ C where
/private/tmp/nla-lean-local-shared-20260916/.lake/packages/mathlib/Mathlib/CategoryTheory/Square.lean:283:/-- The map `Square C → Square Cᵒᵖ` which switches `X₁` and `X₃`, but
/private/tmp/nla-lean-local-shared-20260916/.lake/packages/mathlib/Mathlib/CategoryTheory/Square.lean:286:protected def op (sq : Square C) : Square Cᵒᵖ where
/private/tmp/nla-lean-local-shared-20260916/.lake/packages/mathlib/Mathlib/CategoryTheory/Square.lean:293:/-- The map `Square Cᵒᵖ → Square C` which switches `X₁` and `X₃`, but
/private/tmp/nla-lean-local-shared-20260916/.lake/packages/mathlib/Mathlib/CategoryTheory/Square.lean:296:protected def unop (sq : Square Cᵒᵖ) : Square C where
/private/tmp/nla-lean-local-shared-20260916/.lake/packages/mathlib/Mathlib/CategoryTheory/Square.lean:304:/-- The functor `(Square C)ᵒᵖ ⥤ Square Cᵒᵖ`. -/
/private/tmp/nla-lean-local-shared-20260916/.lake/packages/mathlib/Mathlib/CategoryTheory/Square.lean:306:def opFunctor : (Square C)ᵒᵖ ⥤ Square Cᵒᵖ where
/private/tmp/nla-lean-local-shared-20260916/.lake/packages/mathlib/Mathlib/CategoryTheory/Square.lean:319:/-- The functor `(Square Cᵒᵖ)ᵒᵖ ⥤ Square Cᵒᵖ`. -/
/private/tmp/nla-lean-local-shared-20260916/.lake/packages/mathlib/Mathlib/CategoryTheory/Square.lean:320:def unopFunctor : (Square Cᵒᵖ)ᵒᵖ ⥤ Square C where
/private/tmp/nla-lean-local-shared-20260916/.lake/packages/mathlib/Mathlib/CategoryTheory/Square.lean:333:/-- The equivalence `(Square C)ᵒᵖ ≌ Square Cᵒᵖ`. -/
/private/tmp/nla-lean-local-shared-20260916/.lake/packages/mathlib/Mathlib/CategoryTheory/Square.lean:334:def opEquivalence : (Square C)ᵒᵖ ≌ Square Cᵒᵖ where
/private/tmp/nla-lean-local-shared-20260916/.lake/packages/mathlib/Mathlib/CategoryTheory/Square.lean:342:def map (sq : Square C) (F : C ⥤ D) : Square D where
/private/tmp/nla-lean-local-shared-20260916/.lake/packages/mathlib/Mathlib/CategoryTheory/Square.lean:349:end Square
/private/tmp/nla-lean-local-shared-20260916/.lake/packages/mathlib/Mathlib/CategoryTheory/Square.lean:355:/-- The functor `Square C ⥤ Square D` induced by a functor `C ⥤ D`. -/
/private/tmp/nla-lean-local-shared-20260916/.lake/packages/mathlib/Mathlib/CategoryTheory/Square.lean:357:def mapSquare (F : C ⥤ D) : Square C ⥤ Square D where
/private/tmp/nla-lean-local-shared-20260916/.lake/packages/mathlib/Mathlib/CategoryTheory/Square.lean:385:/-- The functor `(C ⥤ D) ⥤ Square C ⥤ Square D`. -/
/private/tmp/nla-lean-local-shared-20260916/.lake/packages/mathlib/Mathlib/CategoryTheory/Square.lean:387:def Square.mapFunctor : (C ⥤ D) ⥤ Square C ⥤ Square D where
/private/tmp/nla-lean-local-shared-20260916/.lake/packages/mathlib/Mathlib/Analysis/Calculus/FormalMultilinearSeries.lean:275:/-- The index of the first non-zero coefficient in `p` (or `0` if all coefficients are zero). This
/private/tmp/nla-lean-local-shared-20260916/.lake/packages/mathlib/Mathlib/RepresentationTheory/Homological/Resolution.lean:125:/-- The universal cover of the classifying space of `G` as a simplicial set, augmented by the map
/private/tmp/nla-lean-local-shared-20260916/.lake/packages/mathlib/Mathlib/RepresentationTheory/Homological/Resolution.lean:132:/-- The augmented Čech nerve of the map from `Fin 1 → G` to the terminal object in `Type u` has an
/private/tmp/nla-lean-local-shared-20260916/.lake/packages/mathlib/Mathlib/RepresentationTheory/Homological/Resolution.lean:139:/-- The universal cover of the classifying space of `G` as a simplicial set, augmented by the map
/private/tmp/nla-lean-local-shared-20260916/.lake/packages/mathlib/Mathlib/RepresentationTheory/Homological/Resolution.lean:150:space of `G` as a simplicial set, augmented by the map from `Fin 1 → G` to the terminal object
/private/tmp/nla-lean-local-shared-20260916/.lake/packages/mathlib/Mathlib/RepresentationTheory/Homological/Resolution.lean:158:`Type u ⥤ ModuleCat.{u} k`, the resulting augmented simplicial `k`-module has an extra
/private/tmp/nla-lean-local-shared-20260916/.lake/packages/mathlib/Mathlib/RepresentationTheory/Homological/FiniteCyclic.lean:196:projective resolution of `k`. It sends `x : k[G]` to the sum of its coefficients. -/
/private/tmp/nla-lean-local-shared-20260916/.lake/packages/mathlib/Mathlib/Analysis/Calculus/Rademacher.lean:205:coefficients. -/
/private/tmp/nla-lean-local-shared-20260916/.lake/packages/mathlib/Mathlib/CategoryTheory/Limits/Preserves/Shapes/Square.lean:8:public import Mathlib.CategoryTheory.Limits.Shapes.Pullback.Square
/private/tmp/nla-lean-local-shared-20260916/.lake/packages/mathlib/Mathlib/CategoryTheory/Limits/Preserves/Shapes/Square.lean:16:and `sq : Square C` is a pullback square (resp. a pushout square)
/private/tmp/nla-lean-local-shared-20260916/.lake/packages/mathlib/Mathlib/CategoryTheory/Limits/Preserves/Shapes/Square.lean:19:The lemma `Square.isPullback_iff_map_coyoneda_isPullback` also
/private/tmp/nla-lean-local-shared-20260916/.lake/packages/mathlib/Mathlib/CategoryTheory/Limits/Preserves/Shapes/Square.lean:38:namespace Square
/private/tmp/nla-lean-local-shared-20260916/.lake/packages/mathlib/Mathlib/CategoryTheory/Limits/Preserves/Shapes/Square.lean:40:variable {sq : Square C}
/private/tmp/nla-lean-local-shared-20260916/.lake/packages/mathlib/Mathlib/CategoryTheory/Limits/Preserves/Shapes/Square.lean:44:  Square.IsPullback.mk _ (isLimitPullbackConeMapOfIsLimit F sq.fac h.isLimit)
/private/tmp/nla-lean-local-shared-20260916/.lake/packages/mathlib/Mathlib/CategoryTheory/Limits/Preserves/Shapes/Square.lean:58:  Square.IsPushout.mk _ (isColimitPushoutCoconeMapOfIsColimit F sq.fac h.isColimit)
/private/tmp/nla-lean-local-shared-20260916/.lake/packages/mathlib/Mathlib/CategoryTheory/Limits/Preserves/Shapes/Square.lean:85:variable {sq₁ : Square (Type v)} {sq₂ : Square (Type u)}
/private/tmp/nla-lean-local-shared-20260916/.lake/packages/mathlib/Mathlib/CategoryTheory/Limits/Preserves/Shapes/Square.lean:100:  refine iff_of_iso (Square.isoMk
/private/tmp/nla-lean-local-shared-20260916/.lake/packages/mathlib/Mathlib/CategoryTheory/Limits/Preserves/Shapes/Square.lean:117:end Square
/private/tmp/nla-lean-local-shared-20260916/.lake/packages/mathlib/Mathlib/RepresentationTheory/Homological/GroupHomology/Functoriality.lean:656:/- Then `b` has coefficients in `I(S)A := ⟨{ρ(s)(a) - a | s ∈ S, a ∈ A}⟩`, since
/private/tmp/nla-lean-local-shared-20260916/.lake/packages/mathlib/Mathlib/CategoryTheory/Limits/FormalCoproducts/ExtraDegeneracy.lean:19:This isomorphism is used in order to show that, as an augmented object (over `T`),
/private/tmp/nla-lean-local-shared-20260916/.lake/packages/mathlib/Mathlib/Analysis/Meromorphic/TrailingCoefficient.lean:182:If two functions agree in a punctured neighborhood, then their trailing coefficients agree.
/private/tmp/nla-lean-local-shared-20260916/.lake/packages/mathlib/Mathlib/Analysis/Meromorphic/TrailingCoefficient.lean:293:If `f₁` and `f₂` have equal order at `x` and if their trailing coefficients do not cancel, then the
/private/tmp/nla-lean-local-shared-20260916/.lake/packages/mathlib/Mathlib/Analysis/Meromorphic/TrailingCoefficient.lean:294:trailing coefficient of `f₁ + f₂` at `x` is the sum of the trailing coefficients.
/private/tmp/nla-lean-local-shared-20260916/.lake/packages/mathlib/Mathlib/Analysis/Meromorphic/TrailingCoefficient.lean:322:If `f₁` and `f₂` have equal order at `x` and if their trailing coefficients do not cancel, then the
/private/tmp/nla-lean-local-shared-20260916/.lake/packages/mathlib/Mathlib/Analysis/Meromorphic/TrailingCoefficient.lean:323:trailing coefficient of `f₁ + f₂` at `x` is the sum of the trailing coefficients.
/private/tmp/nla-lean-local-shared-20260916/.lake/packages/mathlib/Mathlib/Analysis/Meromorphic/TrailingCoefficient.lean:334:If `f₁` and `f₂` have equal order at `x` and if their trailing coefficients do not cancel, then the
/private/tmp/nla-lean-local-shared-20260916/.lake/packages/mathlib/Mathlib/Analysis/Meromorphic/TrailingCoefficient.lean:335:trailing coefficient of `f₁ - f₂` at `x` is the sum of the trailing coefficients.
/private/tmp/nla-lean-local-shared-20260916/.lake/packages/mathlib/Mathlib/Analysis/Meromorphic/TrailingCoefficient.lean:349:If `f₁` and `f₂` have equal order at `x` and if their trailing coefficients do not cancel, then the
/private/tmp/nla-lean-local-shared-20260916/.lake/packages/mathlib/Mathlib/Analysis/Meromorphic/TrailingCoefficient.lean:350:trailing coefficient of `f₁ - f₂` at `x` is the sum of the trailing coefficients.
/private/tmp/nla-lean-local-shared-20260916/.lake/packages/mathlib/Mathlib/Analysis/Meromorphic/TrailingCoefficient.lean:361:The trailing coefficient of a scalar product is the scalar product of the trailing coefficients.
/private/tmp/nla-lean-local-shared-20260916/.lake/packages/mathlib/Mathlib/Analysis/Meromorphic/TrailingCoefficient.lean:384:The trailing coefficient of a scalar product is the scalar product of the trailing coefficients.
/private/tmp/nla-lean-local-shared-20260916/.lake/packages/mathlib/Mathlib/Analysis/Meromorphic/TrailingCoefficient.lean:393:The trailing coefficient of a product is the product of the trailing coefficients.
/private/tmp/nla-lean-local-shared-20260916/.lake/packages/mathlib/Mathlib/Analysis/Meromorphic/TrailingCoefficient.lean:402:The trailing coefficient of a product is the product of the trailing coefficients.
/private/tmp/nla-lean-local-shared-20260916/.lake/packages/mathlib/Mathlib/Analysis/Meromorphic/TrailingCoefficient.lean:411:The trailing coefficient of a product is the product of the trailing coefficients.
/private/tmp/nla-lean-local-shared-20260916/.lake/packages/mathlib/Mathlib/Analysis/Meromorphic/TrailingCoefficient.lean:429:The trailing coefficient of a product is the product of the trailing coefficients.
/private/tmp/nla-lean-local-shared-20260916/.lake/packages/mathlib/Mathlib/Analysis/SpecialFunctions/Choose.lean:14:# Binomial coefficients and factorial variants
/private/tmp/nla-lean-local-shared-20260916/.lake/packages/mathlib/Mathlib/Analysis/SpecialFunctions/Choose.lean:16:This file proves asymptotic theorems for binomial coefficients and factorial variants.
/private/tmp/nla-lean-local-shared-20260916/.lake/packages/mathlib/Mathlib/Analysis/SpecialFunctions/SmoothTransition.lean:84:coefficients. First we show that $g_p(x)$ tends to zero at zero, then we show that it is
/private/tmp/nla-lean-local-shared-20260916/.lake/packages/mathlib/Mathlib/Analysis/SpecialFunctions/RegularizedHypergeometric.lean:19:the coefficients are divides by `∏ i, Gamma (b i)`, giving in the case of the Gaussian
/private/tmp/nla-lean-local-shared-20260916/.lake/packages/mathlib/Mathlib/Analysis/SpecialFunctions/RegularizedHypergeometric.lean:32:* `Complex.regularizedHGFunCoeff`: the coefficients
/private/tmp/nla-lean-local-shared-20260916/.lake/packages/mathlib/Mathlib/Analysis/SpecialFunctions/RegularizedHypergeometric.lean:65:/-- The coefficients of the regularized hypergeometric series. -/
/private/tmp/nla-lean-local-shared-20260916/.lake/packages/mathlib/Mathlib/Analysis/SpecialFunctions/RegularizedHypergeometric.lean:88:/-- Recursion formula for the coefficients of the hypergeometric series.
/private/tmp/nla-lean-local-shared-20260916/.lake/packages/mathlib/Mathlib/Analysis/SpecialFunctions/RegularizedHypergeometric.lean:110:/-- Recursion formula for the coefficients of the hypergeometric series.
/private/tmp/nla-lean-local-shared-20260916/.lake/packages/mathlib/Mathlib/Analysis/SpecialFunctions/RegularizedHypergeometric.lean:177:/-- If for all `j` and `k : ℕ`, `a j ≠ -k`, then the coefficients of the hypergeometric series
/private/tmp/nla-lean-local-shared-20260916/.lake/packages/mathlib/Mathlib/CategoryTheory/Abelian/Preradical/Colon.lean:11:public import Mathlib.CategoryTheory.Limits.Preserves.Shapes.Square
/private/tmp/nla-lean-local-shared-20260916/.lake/packages/mathlib/Mathlib/Analysis/SpecialFunctions/ContinuousFunctionalCalculus/Rpow/Basic.lean:235:/-- Square roots of operators, based on the non-unital continuous functional calculus. -/
/private/tmp/nla-lean-local-shared-20260916/.lake/packages/mathlib/Mathlib/Combinatorics/Enumerative/Partition/GenFun.lean:53:each `n` is assigned a value, which we use as the coefficients of the power series.
/private/tmp/nla-lean-local-shared-20260916/.lake/packages/mathlib/Mathlib/Analysis/SpecialFunctions/Trigonometric/Chebyshev/Extremal.lean:40:coefficients of the linear combination (negOnePow_mul_leadingCoeffC_pos).
/private/tmp/nla-lean-local-shared-20260916/.lake/packages/mathlib/Mathlib/Analysis/SpecialFunctions/Trigonometric/Chebyshev/Extremal.lean:114:of `P` evaluated at the `n`'th order Chebyshev nodes, with coefficients taken from `c`. -/
/private/tmp/nla-lean-local-shared-20260916/.lake/packages/mathlib/Mathlib/Analysis/SpecialFunctions/Trigonometric/Chebyshev/Extremal.lean:165:/-- Coefficients use to reproduce the leading coefficient of a polynomial given its values on the
/private/tmp/nla-lean-local-shared-20260916/.lake/packages/mathlib/Mathlib/Analysis/SpecialFunctions/Trigonometric/Chebyshev/Extremal.lean:238:/-- Coefficients used to compute the iterated derivative of a polynomial given its values on the
/private/tmp/nla-lean-local-shared-20260916/.lake/packages/mathlib/Mathlib/Combinatorics/Enumerative/Pentagonal/PowerSeries.lean:23:introducing the intermediate power series `PowerSeries.pentagonalSeries`, whose coefficients are
/private/tmp/nla-lean-local-shared-20260916/.lake/packages/mathlib/Mathlib/Combinatorics/Enumerative/Pentagonal/PowerSeries.lean:156:/-- **Pentagonal number theorem** for power series, expressed as the statement that the coefficients
/private/tmp/nla-lean-local-shared-20260916/.lake/packages/mathlib/Mathlib/Analysis/SpecialFunctions/Pow/Real.lean:974:## Square roots of reals
/private/tmp/nla-lean-local-shared-20260916/.lake/packages/mathlib/Mathlib/Analysis/SpecialFunctions/OrdinaryHypergeometric.lean:64:/-- The coefficients in the ordinary hypergeometric sum. -/
/private/tmp/nla-lean-local-shared-20260916/.lake/packages/mathlib/Mathlib/CategoryTheory/Limits/Shapes/Pullback/Square.lean:9:public import Mathlib.CategoryTheory.Square
/private/tmp/nla-lean-local-shared-20260916/.lake/packages/mathlib/Mathlib/CategoryTheory/Limits/Shapes/Pullback/Square.lean:15:API for the objects of the category `Square C` of commutative
/private/tmp/nla-lean-local-shared-20260916/.lake/packages/mathlib/Mathlib/CategoryTheory/Limits/Shapes/Pullback/Square.lean:32:namespace Square
/private/tmp/nla-lean-local-shared-20260916/.lake/packages/mathlib/Mathlib/CategoryTheory/Limits/Shapes/Pullback/Square.lean:34:variable (sq : Square C)
/private/tmp/nla-lean-local-shared-20260916/.lake/packages/mathlib/Mathlib/CategoryTheory/Limits/Shapes/Pullback/Square.lean:80:lemma IsPullback.of_iso {sq₁ sq₂ : Square C} (h : sq₁.IsPullback)
/private/tmp/nla-lean-local-shared-20260916/.lake/packages/mathlib/Mathlib/CategoryTheory/Limits/Shapes/Pullback/Square.lean:87:lemma IsPullback.iff_of_iso {sq₁ sq₂ : Square C} (e : sq₁ ≅ sq₂) :
/private/tmp/nla-lean-local-shared-20260916/.lake/packages/mathlib/Mathlib/CategoryTheory/Limits/Shapes/Pullback/Square.lean:91:lemma IsPushout.of_iso {sq₁ sq₂ : Square C} (h : sq₁.IsPushout)
/private/tmp/nla-lean-local-shared-20260916/.lake/packages/mathlib/Mathlib/CategoryTheory/Limits/Shapes/Pullback/Square.lean:98:lemma IsPushout.iff_of_iso {sq₁ sq₂ : Square C} (e : sq₁ ≅ sq₂) :
/private/tmp/nla-lean-local-shared-20260916/.lake/packages/mathlib/Mathlib/CategoryTheory/Limits/Shapes/Pullback/Square.lean:102:lemma IsPushout.op {sq : Square C} (h : sq.IsPushout) : sq.op.IsPullback :=
/private/tmp/nla-lean-local-shared-20260916/.lake/packages/mathlib/Mathlib/CategoryTheory/Limits/Shapes/Pullback/Square.lean:105:lemma IsPushout.unop {sq : Square Cᵒᵖ} (h : sq.IsPushout) : sq.unop.IsPullback :=
/private/tmp/nla-lean-local-shared-20260916/.lake/packages/mathlib/Mathlib/CategoryTheory/Limits/Shapes/Pullback/Square.lean:108:lemma IsPullback.op {sq : Square C} (h : sq.IsPullback) : sq.op.IsPushout :=
/private/tmp/nla-lean-local-shared-20260916/.lake/packages/mathlib/Mathlib/CategoryTheory/Limits/Shapes/Pullback/Square.lean:111:lemma IsPullback.unop {sq : Square Cᵒᵖ} (h : sq.IsPullback) : sq.unop.IsPushout :=
/private/tmp/nla-lean-local-shared-20260916/.lake/packages/mathlib/Mathlib/CategoryTheory/Limits/Shapes/Pullback/Square.lean:150:end Square
/private/tmp/nla-lean-local-shared-20260916/.lake/packages/mathlib/Mathlib/Analysis/Convex/StrictConvexSpace.lean:143:positive coefficients belongs to the corresponding open ball. -/
/private/tmp/nla-lean-local-shared-20260916/.lake/packages/mathlib/Mathlib/Analysis/Convex/StrictConvexSpace.lean:159:and `y` with positive coefficients has norm strictly less than `r`. -/
/private/tmp/nla-lean-local-shared-20260916/.lake/packages/mathlib/Mathlib/Analysis/Convex/Independent.lean:17:written as a combination of others. When the combination is affine (that is, any coefficients), this
/private/tmp/nla-lean-local-shared-20260916/.lake/packages/mathlib/Mathlib/Analysis/Convex/Independent.lean:18:yields affine independence. When the combination is convex (that is, all coefficients are
/private/tmp/nla-lean-local-shared-20260916/.lake/packages/mathlib/Mathlib/Analysis/Convex/Birkhoff.lean:145:the permutation matrices, and this lemma is instead most useful for accessing the coefficients of
/private/tmp/nla-lean-local-shared-20260916/.lake/packages/mathlib/Mathlib/Analysis/Convex/Side.lean:360:coefficients have nonnegative product, they are weakly on the same side of `s`. -/
/private/tmp/nla-lean-local-shared-20260916/.lake/packages/mathlib/Mathlib/Analysis/Convex/Side.lean:369:coefficients have nonpositive product, they are weakly on opposite sides of `s`. -/
/private/tmp/nla-lean-local-shared-20260916/.lake/packages/mathlib/Mathlib/Analysis/Convex/Side.lean:379:vector whose coefficients have nonnegative product, they are strictly on the same side of `s`. -/
/private/tmp/nla-lean-local-shared-20260916/.lake/packages/mathlib/Mathlib/Analysis/Convex/Side.lean:386:vector whose coefficients have nonpositive product, they are strictly on opposite sides of `s`. -/
/private/tmp/nla-lean-local-shared-20260916/.lake/packages/mathlib/Mathlib/Analysis/Real/Pi/Irrational.lean:24:* Define polynomials with integer coefficients `sinPoly n` and `cosPoly n` such that
/private/tmp/nla-lean-local-shared-20260916/.lake/packages/mathlib/Mathlib/Analysis/Real/Pi/Irrational.lean:195:`cos`, with coefficients given by the polynomials `sinPoly` and `cosPoly`.
/private/tmp/nla-lean-local-shared-20260916/.lake/packages/mathlib/Mathlib/Analysis/Real/Pi/Irrational.lean:211:For a polynomial `p` with natural degree `≤ k` and integer coefficients, evaluating `p` at a
/private/tmp/nla-lean-local-shared-20260916/.lake/packages/mathlib/Mathlib/Analysis/Real/Sqrt.lean:12:# Square root of a real number
/private/tmp/nla-lean-local-shared-20260916/.lake/packages/mathlib/Mathlib/Analysis/Real/Sqrt.lean:44:/-- Square root of a nonnegative real number. -/
/private/tmp/nla-lean-local-shared-20260916/.lake/packages/mathlib/Mathlib/MeasureTheory/Integral/CircleIntegral.lean:31:  `w - c`. The coefficients of this power series depend only on `f ∘ circleMap c R`, and the power
/private/tmp/nla-lean-local-shared-20260916/.lake/packages/mathlib/Mathlib/MeasureTheory/Integral/CircleIntegral.lean:619:`w - c`. The coefficients of this power series depend only on `f ∘ circleMap c R`, and the power
/private/tmp/nla-lean-local-shared-20260916/.lake/packages/mathlib/Mathlib/CategoryTheory/Sites/MayerVietorisSquare.lean:11:public import Mathlib.Algebra.Homology.Square
/private/tmp/nla-lean-local-shared-20260916/.lake/packages/mathlib/Mathlib/CategoryTheory/Sites/MayerVietorisSquare.lean:13:public import Mathlib.CategoryTheory.Limits.Preserves.Shapes.Square
/private/tmp/nla-lean-local-shared-20260916/.lake/packages/mathlib/Mathlib/CategoryTheory/Sites/MayerVietorisSquare.lean:30:`GrothendieckTopology.MayerVietorisSquare` which extends `Square C`,
/private/tmp/nla-lean-local-shared-20260916/.lake/packages/mathlib/Mathlib/CategoryTheory/Sites/MayerVietorisSquare.lean:68:    (F : Sheaf J (Type v)) (sq : Square C) :
/private/tmp/nla-lean-local-shared-20260916/.lake/packages/mathlib/Mathlib/CategoryTheory/Sites/MayerVietorisSquare.lean:71:  refine Square.IsPullback.iff_of_equiv _ _
/private/tmp/nla-lean-local-shared-20260916/.lake/packages/mathlib/Mathlib/CategoryTheory/Sites/MayerVietorisSquare.lean:88:structure MayerVietorisSquare [HasWeakSheafify J (Type v)] extends Square C where
/private/tmp/nla-lean-local-shared-20260916/.lake/packages/mathlib/Mathlib/CategoryTheory/Sites/MayerVietorisSquare.lean:107:noncomputable def mk' (sq : Square C) [Mono sq.f₁₃]
/private/tmp/nla-lean-local-shared-20260916/.lake/packages/mathlib/Mathlib/CategoryTheory/Sites/MayerVietorisSquare.lean:112:    rw [Square.isPushout_iff_op_map_yoneda_isPullback]
/private/tmp/nla-lean-local-shared-20260916/.lake/packages/mathlib/Mathlib/CategoryTheory/Sites/MayerVietorisSquare.lean:121:noncomputable def mk_of_isPullback (sq : Square C) [Mono sq.f₂₄] [Mono sq.f₃₄]
/private/tmp/nla-lean-local-shared-20260916/.lake/packages/mathlib/Mathlib/CategoryTheory/Sites/MayerVietorisSquare.lean:126:    apply Square.IsPullback.mk
/private/tmp/nla-lean-local-shared-20260916/.lake/packages/mathlib/Mathlib/CategoryTheory/Sites/MayerVietorisSquare.lean:155:    ((Square.mapFunctor.mapIso
/private/tmp/nla-lean-local-shared-20260916/.lake/packages/mathlib/Mathlib/CategoryTheory/Sites/MayerVietorisSquare.lean:166:  Square.isPullback_iff_map_coyoneda_isPullback (S.op.map P)
/private/tmp/nla-lean-local-shared-20260916/.lake/packages/mathlib/Mathlib/CategoryTheory/Sites/MayerVietorisSquare.lean:178:  exact ⟨fun h ↦ this h.isLimit, fun h ↦ Square.IsPullback.mk _ (this.symm h)⟩
/private/tmp/nla-lean-local-shared-20260916/.lake/packages/mathlib/Mathlib/Analysis/Fourier/AddCircle.lean:60:coefficients of `f` is summable, then the Fourier series `∑ (i : ℤ), fourierCoeff f i * fourier i`
/private/tmp/nla-lean-local-shared-20260916/.lake/packages/mathlib/Mathlib/Analysis/Fourier/AddCircle.lean:301:/-- The Fourier coefficients of a function on `AddCircle T` can be computed as an integral
/private/tmp/nla-lean-local-shared-20260916/.lake/packages/mathlib/Mathlib/Analysis/Fourier/AddCircle.lean:351:/-- For a function on `ℝ`, the Fourier coefficients of `f` on `[a, b]` are defined as the
/private/tmp/nla-lean-local-shared-20260916/.lake/packages/mathlib/Mathlib/Analysis/Fourier/AddCircle.lean:352:Fourier coefficients of the unique periodic function agreeing with `f` on `Ioc a b`. -/
/private/tmp/nla-lean-local-shared-20260916/.lake/packages/mathlib/Mathlib/Analysis/Fourier/AddCircle.lean:439:norms of the Fourier coefficients equals the `L²` norm of `f`. -/
/private/tmp/nla-lean-local-shared-20260916/.lake/packages/mathlib/Mathlib/Analysis/Fourier/AddCircle.lean:458:the sum of the squared norms of the Fourier coefficients equals the `L²` norm of `f`. -/
/private/tmp/nla-lean-local-shared-20260916/.lake/packages/mathlib/Mathlib/Analysis/Fourier/AddCircle.lean:492:/-- If the sequence of Fourier coefficients of `f` is summable, then the Fourier series converges
/private/tmp/nla-lean-local-shared-20260916/.lake/packages/mathlib/Mathlib/Analysis/Fourier/AddCircle.lean:502:/-- If the sequence of Fourier coefficients of `f` is summable, then the Fourier series of `f`
/private/tmp/nla-lean-local-shared-20260916/.lake/packages/mathlib/Mathlib/Analysis/Fourier/AddCircle.lean:557:/-- Express Fourier coefficients of `f` on an interval in terms of those of its derivative. -/
/private/tmp/nla-lean-local-shared-20260916/.lake/packages/mathlib/Mathlib/Analysis/Fourier/AddCircle.lean:585:/-- Express Fourier coefficients of `f` on an interval in terms of those of its derivative. -/
/private/tmp/nla-lean-local-shared-20260916/.lake/packages/mathlib/Mathlib/Analysis/Fourier/AddCircle.lean:595:/-- Express Fourier coefficients of `f` on an interval in terms of those of its derivative. -/
/private/tmp/nla-lean-local-shared-20260916/.lake/packages/mathlib/Mathlib/Analysis/Fourier/AddCircleMulti.lean:16:Fourier series if `f` is continuous and the sequence of its Fourier coefficients is summable.
/private/tmp/nla-lean-local-shared-20260916/.lake/packages/mathlib/Mathlib/Analysis/Fourier/AddCircleMulti.lean:249:/-- The Fourier coefficients of a function on `UnitAddTorus d` can be computed as integrals
/private/tmp/nla-lean-local-shared-20260916/.lake/packages/mathlib/Mathlib/Analysis/Fourier/AddCircleMulti.lean:291:inner product of the Fourier coefficients of `f` and `g` is the inner product of `f` and `g`. -/
/private/tmp/nla-lean-local-shared-20260916/.lake/packages/mathlib/Mathlib/Analysis/Fourier/AddCircleMulti.lean:300:squared norms of the Fourier coefficients equals the `L²` norm of `f`. -/
/private/tmp/nla-lean-local-shared-20260916/.lake/packages/mathlib/Mathlib/Analysis/Fourier/AddCircleMulti.lean:318:/-- If the sequence of Fourier coefficients of `f` is summable, then the Fourier series converges
/private/tmp/nla-lean-local-shared-20260916/.lake/packages/mathlib/Mathlib/Analysis/Fourier/AddCircleMulti.lean:327:/-- If the sequence of Fourier coefficients of `f` is summable, then the Fourier series of `f`
/private/tmp/nla-lean-local-shared-20260916/.lake/packages/mathlib/Mathlib/Analysis/Complex/Polynomial/GaussLucas.lean:54:/-- *Gauss-Lucas Theorem*: if $P$ is a nonconstant polynomial with complex coefficients,
/private/tmp/nla-lean-local-shared-20260916/.lake/packages/mathlib/Mathlib/Analysis/Complex/Polynomial/GaussLucas.lean:57:This version provides explicit formulas for the coefficients of the convex combination.
/private/tmp/nla-lean-local-shared-20260916/.lake/packages/mathlib/Mathlib/Analysis/Complex/Polynomial/GaussLucas.lean:91:/-- *Gauss-Lucas Theorem*: if $P$ is a nonconstant polynomial with complex coefficients,
/private/tmp/nla-lean-local-shared-20260916/.lake/packages/mathlib/Mathlib/Analysis/Complex/Polynomial/GaussLucas.lean:95:for a version that provides explicit coefficients of the convex combination.
/private/tmp/nla-lean-local-shared-20260916/.lake/packages/mathlib/Mathlib/Analysis/Complex/AbelLimit.lean:127:whose coefficients are tail sums of `l`. -/
/private/tmp/nla-lean-local-shared-20260916/.lake/packages/mathlib/Mathlib/Analysis/Complex/UpperHalfPlane/FixedPoints.lean:113:encoded as `OnePoint R`, where `R` is the ring of coefficients.
/private/tmp/nla-lean-local-shared-20260916/.lake/packages/mathlib/Mathlib/Analysis/Complex/CauchyIntegral.lean:68:  then it is analytic on the corresponding open disc, and the coefficients of the power series are
/private/tmp/nla-lean-local-shared-20260916/.lake/packages/mathlib/Mathlib/Analysis/Complex/CauchyIntegral.lean:73:  coefficients of the power series are given by Cauchy integral formulas.
/private/tmp/nla-lean-local-shared-20260916/.lake/packages/mathlib/Mathlib/Analysis/Complex/CauchyIntegral.lean:588:coefficients of the power series given by Cauchy integral formulas. -/
/private/tmp/nla-lean-local-shared-20260916/.lake/packages/mathlib/Mathlib/Analysis/Complex/CauchyIntegral.lean:605:on its closure, then it is analytic on the open disc with coefficients of the power series given by
/private/tmp/nla-lean-local-shared-20260916/.lake/packages/mathlib/Mathlib/Analysis/Complex/CauchyIntegral.lean:614:analytic on the corresponding open disc, and the coefficients of the power series are given by
/private/tmp/nla-lean-local-shared-20260916/.lake/packages/mathlib/Mathlib/Analysis/InnerProductSpace/l2Space.lean:82:  `b i`, with coefficients given by the entries `b.repr x i` of `x`'s representation in `ℓ²(ι, 𝕜)`.
/private/tmp/nla-lean-local-shared-20260916/.lake/packages/mathlib/Mathlib/Analysis/InnerProductSpace/GramSchmidtOrtho.lean:365:size of the index set is the dimension of `E`, the matrix of coefficients of `f` with respect to the
/private/tmp/nla-lean-local-shared-20260916/.lake/packages/mathlib/Mathlib/Analysis/RCLike/Sqrt.lean:14:# Square root on `RCLike`
/private/tmp/nla-lean-local-shared-20260916/.lake/packages/mathlib/Mathlib/RingTheory/HahnSeries/Binomial.lean:20:  * coefficients of powers of binomials
/private/tmp/nla-lean-local-shared-20260916/.lake/packages/mathlib/Mathlib/RingTheory/HahnSeries/HEval.lean:19:  are non-negative powers of a fixed positive-order Hahn series multiplied by the coefficients of a
/private/tmp/nla-lean-local-shared-20260916/.lake/packages/mathlib/Mathlib/RingTheory/HahnSeries/HEval.lean:50:The scalar multiples are given by the coefficients of a power series. -/
/private/tmp/nla-lean-local-shared-20260916/.lake/packages/mathlib/Mathlib/RingTheory/HahnSeries/Basic.lean:17:consists of formal series over `Γ` with coefficients in `R`, whose supports are partially
/private/tmp/nla-lean-local-shared-20260916/.lake/packages/mathlib/Mathlib/RingTheory/HahnSeries/Basic.lean:28:  formal series over `Γ` with coefficients in `R`, whose supports are partially well-ordered.
/private/tmp/nla-lean-local-shared-20260916/.lake/packages/mathlib/Mathlib/RingTheory/HahnSeries/Basic.lean:29:* `support x` is the subset of `Γ` whose coefficients are nonzero.
/private/tmp/nla-lean-local-shared-20260916/.lake/packages/mathlib/Mathlib/RingTheory/HahnSeries/Basic.lean:36:* `embDomain` preserves coefficients, but embeds the index set `Γ` in a larger poset.
/private/tmp/nla-lean-local-shared-20260916/.lake/packages/mathlib/Mathlib/RingTheory/HahnSeries/Basic.lean:51:  formal series over `Γ` with coefficients in `R`, whose supports are well-founded. -/
/private/tmp/nla-lean-local-shared-20260916/.lake/packages/mathlib/Mathlib/RingTheory/HahnSeries/Basic.lean:84:/-- The support of a Hahn series is just the set of indices whose coefficients are nonzero.
/private/tmp/nla-lean-local-shared-20260916/.lake/packages/mathlib/Mathlib/RingTheory/HahnSeries/Basic.lean:155:/-- Change a `HahnSeries` with coefficients in a `HahnSeries` to a `HahnSeries` on a Lex product. -/
/private/tmp/nla-lean-local-shared-20260916/.lake/packages/mathlib/Mathlib/RingTheory/HahnSeries/Basic.lean:170:/-- Change a `HahnSeries` on a Lex product to a `HahnSeries` with coefficients in a `HahnSeries`. -/
/private/tmp/nla-lean-local-shared-20260916/.lake/packages/mathlib/Mathlib/RingTheory/HahnSeries/Basic.lean:421:/-- Create a `HahnSeries` with a `Finsupp` as coefficients. -/
/private/tmp/nla-lean-local-shared-20260916/.lake/packages/mathlib/Mathlib/RingTheory/HahnSeries/Basic.lean:603:/-- Zeroes out coefficients of a `HahnSeries` at indices not less than `c`. -/
/private/tmp/nla-lean-local-shared-20260916/.lake/packages/mathlib/Mathlib/Topology/Sheaves/MayerVietoris.lean:38:noncomputable def mayerVietorisSquare' (sq : Square (Opens T))
/private/tmp/nla-lean-local-shared-20260916/.lake/packages/mathlib/Mathlib/Topology/Sheaves/MayerVietoris.lean:43:    (Square.IsPullback.mk _ (by
/private/tmp/nla-lean-local-shared-20260916/.lake/packages/mathlib/Mathlib/RingTheory/HahnSeries/Multiplication.lean:20:coefficients in `R`, whose supports are partially well-ordered. This module introduces
/private/tmp/nla-lean-local-shared-20260916/.lake/packages/mathlib/Mathlib/RingTheory/HahnSeries/Addition.lean:20:If `Γ` is ordered and `R` has zero, then `R⟦Γ⟧` consists of formal series over `Γ` with coefficients
/private/tmp/nla-lean-local-shared-20260916/.lake/packages/mathlib/Mathlib/RingTheory/HahnSeries/Addition.lean:23:coefficients.
/private/tmp/nla-lean-local-shared-20260916/.lake/packages/mathlib/Mathlib/RingTheory/HahnSeries/Addition.lean:134:Hahn series over `Γ` with coefficients in the opposite additive monoid `Rᵃᵒᵖ`
/private/tmp/nla-lean-local-shared-20260916/.lake/packages/mathlib/Mathlib/RingTheory/HahnSeries/Addition.lean:135:and the additive opposite of Hahn series over `Γ` with coefficients `R`.
/private/tmp/nla-lean-local-shared-20260916/.lake/packages/mathlib/Mathlib/RingTheory/HahnSeries/PowerSeries.lean:17:coefficients in `R`, whose supports are partially well-ordered. With further structure on `R` and
/private/tmp/nla-lean-local-shared-20260916/.lake/packages/mathlib/Mathlib/RingTheory/HahnSeries/PowerSeries.lean:19:we get the more familiar semiring of formal power series with coefficients in `R`.
/private/tmp/nla-lean-local-shared-20260916/.lake/packages/mathlib/Mathlib/RingTheory/HahnSeries/PowerSeries.lean:89:/-- Casts a power series as a Hahn series with coefficients from a strictly ordered semiring. -/
/private/tmp/nla-lean-local-shared-20260916/.lake/packages/mathlib/Mathlib/RingTheory/HahnSeries/PowerSeries.lean:210:/-- Casting a power series as a Hahn series with coefficients from a strictly ordered semiring. -/
/private/tmp/nla-lean-local-shared-20260916/.lake/packages/mathlib/Mathlib/RingTheory/HahnSeries/Lex.lean:198:    · -- impossible case: `x` and `y` differ before their leading coefficients
/private/tmp/nla-lean-local-shared-20260916/.lake/packages/mathlib/Mathlib/RingTheory/HahnSeries/Lex.lean:207:    · -- all coefficients before the leading coefficient are zero
/private/tmp/nla-lean-local-shared-20260916/.lake/packages/mathlib/Mathlib/RingTheory/HahnSeries/Lex.lean:330:/-- For `Archimedean` coefficients, there is a correspondence between finite
/private/tmp/nla-lean-local-shared-20260916/.lake/packages/mathlib/Mathlib/RingTheory/HahnSeries/Lex.lean:343:/-- For `Archimedean` coefficients, there is a correspondence between
/private/tmp/nla-lean-local-shared-20260916/.lake/packages/mathlib/Mathlib/RingTheory/HahnSeries/Summable.lean:16:function. This theory is applied to characterize invertible Hahn series whose coefficients are in a
/private/tmp/nla-lean-local-shared-20260916/.lake/packages/mathlib/Mathlib/RingTheory/FreeRing.lean:52:with coefficients in the integers and variables indexed by `α`.
/private/tmp/nla-lean-local-shared-20260916/.lake/packages/mathlib/Mathlib/RingTheory/WittVector/Teichmuller.lean:14:`0`-th component of a Witt vector whose other coefficients are `0`.
/private/tmp/nla-lean-local-shared-20260916/.lake/packages/mathlib/Mathlib/RingTheory/WittVector/MulP.lean:43:the coefficients of `x * n` in terms of the coefficients of the Witt vector `x`. -/
/private/tmp/nla-lean-local-shared-20260916/.lake/packages/mathlib/Mathlib/RingTheory/WittVector/FrobeniusFractionField.lean:24:The construction proceeds by recursively defining a sequence of coefficients as solutions to a
/private/tmp/nla-lean-local-shared-20260916/.lake/packages/mathlib/Mathlib/RingTheory/WittVector/FrobeniusFractionField.lean:29:to isolate the `n+1`st coefficients of `x` and `y` in the `n+1`st coefficient of `x*y`.
/private/tmp/nla-lean-local-shared-20260916/.lake/packages/mathlib/Mathlib/RingTheory/WittVector/FrobeniusFractionField.lean:55:## The recursive case of the vector coefficients
/private/tmp/nla-lean-local-shared-20260916/.lake/packages/mathlib/Mathlib/RingTheory/WittVector/FrobeniusFractionField.lean:179:/-- Recursively defines the sequence of coefficients for `WittVector.frobeniusRotation`. -/
/private/tmp/nla-lean-local-shared-20260916/.lake/packages/mathlib/Mathlib/RingTheory/WittVector/Truncated.lean:15:It retains the first `n` coefficients of each Witt vector.
/private/tmp/nla-lean-local-shared-20260916/.lake/packages/mathlib/Mathlib/RingTheory/WittVector/Truncated.lean:51:i.e., the first `n` coefficients of a Witt vector.
/private/tmp/nla-lean-local-shared-20260916/.lake/packages/mathlib/Mathlib/RingTheory/WittVector/Truncated.lean:96:by setting all coefficients after `x` to be 0.
/private/tmp/nla-lean-local-shared-20260916/.lake/packages/mathlib/Mathlib/RingTheory/WittVector/IsPoly.lean:17:such that the `n`th coefficient of `f x` is equal to `φ n` evaluated on the coefficients of `x`.
/private/tmp/nla-lean-local-shared-20260916/.lake/packages/mathlib/Mathlib/RingTheory/WittVector/IsPoly.lean:41:  is polynomial in the coefficients of the input values.
/private/tmp/nla-lean-local-shared-20260916/.lake/packages/mathlib/Mathlib/RingTheory/WittVector/IsPoly.lean:142:coefficient of `f x` is given by evaluating `φₙ` at the coefficients of `x`.
/private/tmp/nla-lean-local-shared-20260916/.lake/packages/mathlib/Mathlib/RingTheory/WittVector/IsPoly.lean:208:coefficient of `f x y` is given by evaluating `φₙ` at the coefficients of `x` and `y`.
/private/tmp/nla-lean-local-shared-20260916/.lake/packages/mathlib/Mathlib/RingTheory/WittVector/IsPoly.lean:281:/-- The coefficients of `1 : 𝕎 R` as polynomials. -/
/private/tmp/nla-lean-local-shared-20260916/.lake/packages/mathlib/Mathlib/RingTheory/WittVector/Defs.lean:26:* `WittVector p R`: the type of `p`-typical Witt vectors with coefficients in `R`.
/private/tmp/nla-lean-local-shared-20260916/.lake/packages/mathlib/Mathlib/RingTheory/WittVector/InitTail.lean:22:* `WittVector.init n x`: the first `n` coefficients of `x`, as a Witt vector. All coefficients at
/private/tmp/nla-lean-local-shared-20260916/.lake/packages/mathlib/Mathlib/RingTheory/WittVector/InitTail.lean:24:* `WittVector.tail n x`: the complementary part to `init`. All coefficients at indices < `n` are 0,
/private/tmp/nla-lean-local-shared-20260916/.lake/packages/mathlib/Mathlib/RingTheory/WittVector/InitTail.lean:27:  the `n`-th coefficient of `x` or of `y` is `0`, then the coefficients of `x + y`
/private/tmp/nla-lean-local-shared-20260916/.lake/packages/mathlib/Mathlib/RingTheory/WittVector/InitTail.lean:135:/-- `WittVector.init n x` is the Witt vector of which the first `n` coefficients are those from `x`
/private/tmp/nla-lean-local-shared-20260916/.lake/packages/mathlib/Mathlib/RingTheory/WittVector/InitTail.lean:136:and all other coefficients are `0`.
/private/tmp/nla-lean-local-shared-20260916/.lake/packages/mathlib/Mathlib/RingTheory/WittVector/InitTail.lean:142:/-- `WittVector.tail n x` is the Witt vector of which the first `n` coefficients are `0`
/private/tmp/nla-lean-local-shared-20260916/.lake/packages/mathlib/Mathlib/RingTheory/WittVector/InitTail.lean:143:and all other coefficients are those from `x`.
/private/tmp/nla-lean-local-shared-20260916/.lake/packages/mathlib/Mathlib/RingTheory/WittVector/InitTail.lean:218:/-- `WittVector.init n x` is polynomial in the coefficients of `x`. -/
/private/tmp/nla-lean-local-shared-20260916/.lake/packages/mathlib/Mathlib/RingTheory/WittVector/Frobenius.lean:34:* `frobeniusPoly`: the polynomials that describe the coefficients of `frobeniusFun`;
/private/tmp/nla-lean-local-shared-20260916/.lake/packages/mathlib/Mathlib/RingTheory/WittVector/Frobenius.lean:65:/-- The rational polynomials that give the coefficients of `frobenius x`,
/private/tmp/nla-lean-local-shared-20260916/.lake/packages/mathlib/Mathlib/RingTheory/WittVector/Frobenius.lean:66:in terms of the coefficients of `x`.
/private/tmp/nla-lean-local-shared-20260916/.lake/packages/mathlib/Mathlib/RingTheory/WittVector/Frobenius.lean:67:These polynomials actually have integral coefficients,
/private/tmp/nla-lean-local-shared-20260916/.lake/packages/mathlib/Mathlib/RingTheory/WittVector/Frobenius.lean:101:/-- The polynomials that give the coefficients of `frobenius x`,
/private/tmp/nla-lean-local-shared-20260916/.lake/packages/mathlib/Mathlib/RingTheory/WittVector/Frobenius.lean:102:in terms of the coefficients of `x`. -/
/private/tmp/nla-lean-local-shared-20260916/.lake/packages/mathlib/Mathlib/Topology/Algebra/Polynomial.lean:199:/-- The coefficients of the monic polynomials of bounded degree with bounded roots are
/private/tmp/nla-lean-local-shared-20260916/.lake/packages/mathlib/Mathlib/RingTheory/WittVector/Basic.lean:22:  on the first `n` coefficients of `x`, producing a value in `R`.
/private/tmp/nla-lean-local-shared-20260916/.lake/packages/mathlib/Mathlib/RingTheory/WittVector/Basic.lean:132:/-- Evaluates the `n`th Witt polynomial on the first `n` coefficients of `x`,
/private/tmp/nla-lean-local-shared-20260916/.lake/packages/mathlib/Mathlib/RingTheory/WittVector/Basic.lean:294:/-- Evaluates the `n`th Witt polynomial on the first `n` coefficients of `x`,
/private/tmp/nla-lean-local-shared-20260916/.lake/packages/mathlib/Mathlib/RingTheory/WittVector/Verschiebung.lean:34:/-- `verschiebungFun x` shifts the coefficients of `x` up by one,
/private/tmp/nla-lean-local-shared-20260916/.lake/packages/mathlib/Mathlib/RingTheory/WittVector/Verschiebung.lean:105:`verschiebung x` shifts the coefficients of `x` up by one, by inserting 0 as the 0th coefficient.
/private/tmp/nla-lean-local-shared-20260916/.lake/packages/mathlib/Mathlib/RingTheory/WittVector/MulCoeff.lean:16:We aim to isolate the `n+1`st coefficients of `x` and `y`, and express the rest of the product
/private/tmp/nla-lean-local-shared-20260916/.lake/packages/mathlib/Mathlib/RingTheory/WittVector/MulCoeff.lean:17:in terms of a function of the lower coefficients.
/private/tmp/nla-lean-local-shared-20260916/.lake/packages/mathlib/Mathlib/RingTheory/WittVector/MulCoeff.lean:26:  in terms of the previous coefficients of the multiplicands.
/private/tmp/nla-lean-local-shared-20260916/.lake/packages/mathlib/Mathlib/RingTheory/WittVector/MulCoeff.lean:273:coefficients of the inputs. -/
/private/tmp/nla-lean-local-shared-20260916/.lake/packages/mathlib/Mathlib/RingTheory/WittVector/DiscreteValuationRing.lean:51:Recursively defines the sequence of coefficients for the inverse to a Witt vector whose first entry
/private/tmp/nla-lean-local-shared-20260916/.lake/packages/mathlib/Mathlib/RingTheory/WittVector/WittPolynomial.lean:76:with respect to a prime `p` with coefficients in a commutative ring `R`.
/private/tmp/nla-lean-local-shared-20260916/.lake/packages/mathlib/Mathlib/RingTheory/WittVector/WittPolynomial.lean:94:-- Notation with ring of coefficients explicit
/private/tmp/nla-lean-local-shared-20260916/.lake/packages/mathlib/Mathlib/RingTheory/WittVector/WittPolynomial.lean:99:-- Notation with ring of coefficients implicit
/private/tmp/nla-lean-local-shared-20260916/.lake/packages/mathlib/Mathlib/RingTheory/WittVector/WittPolynomial.lean:107:If we map the coefficients through a ring homomorphism, we obtain the corresponding Witt polynomial
/private/tmp/nla-lean-local-shared-20260916/.lake/packages/mathlib/Mathlib/RingTheory/WittVector/StructurePolynomial.lean:42:We start by proving the analogous version for polynomials with rational coefficients,
/private/tmp/nla-lean-local-shared-20260916/.lake/packages/mathlib/Mathlib/RingTheory/WittVector/StructurePolynomial.lean:43:instead of integer coefficients.
/private/tmp/nla-lean-local-shared-20260916/.lake/packages/mathlib/Mathlib/RingTheory/WittVector/StructurePolynomial.lean:50:If `Φ` has integer coefficients, then the polynomials `wittStructureRat Φ n` do so as well.
/private/tmp/nla-lean-local-shared-20260916/.lake/packages/mathlib/Mathlib/RingTheory/WittVector/StructurePolynomial.lean:52:`map_wittStructureInt`, which proves that upon mapping the coefficients
/private/tmp/nla-lean-local-shared-20260916/.lake/packages/mathlib/Mathlib/RingTheory/WittVector/StructurePolynomial.lean:69:  are equal to `wittStructureRat Φ` when mapped to polynomials with rational coefficients.
/private/tmp/nla-lean-local-shared-20260916/.lake/packages/mathlib/Mathlib/RingTheory/WittVector/StructurePolynomial.lean:112:-- Notation with ring of coefficients explicit
/private/tmp/nla-lean-local-shared-20260916/.lake/packages/mathlib/Mathlib/RingTheory/WittVector/StructurePolynomial.lean:117:-- Notation with ring of coefficients implicit
/private/tmp/nla-lean-local-shared-20260916/.lake/packages/mathlib/Mathlib/RingTheory/WittVector/StructurePolynomial.lean:135:These polynomials turn out to have integral coefficients,
/private/tmp/nla-lean-local-shared-20260916/.lake/packages/mathlib/Mathlib/RingTheory/WittVector/StructurePolynomial.lean:137:See `wittStructureInt` for the version with integral coefficients,
/private/tmp/nla-lean-local-shared-20260916/.lake/packages/mathlib/Mathlib/RingTheory/WittVector/Complete.lean:78:`p ^ n` if and only if its initial `n` coefficients are `0`.
/private/tmp/nla-lean-local-shared-20260916/.lake/packages/mathlib/Mathlib/Topology/ContinuousMap/Polynomial.lean:41:Every polynomial with coefficients in a topological semiring gives a (bundled) continuous function.
/private/tmp/nla-lean-local-shared-20260916/.lake/packages/mathlib/Mathlib/Topology/ContinuousMap/Polynomial.lean:52:with domain restricted to some subset of the semiring of coefficients.
/private/tmp/nla-lean-local-shared-20260916/.lake/packages/mathlib/Mathlib/RingTheory/Localization/Integral.lean:48:/-- `integerNormalization p` normalizes `p` to have integer coefficients
/private/tmp/nla-lean-local-shared-20260916/.lake/packages/mathlib/Mathlib/RingTheory/Localization/Integral.lean:62:/-- `coeffIntegerNormalization p` gives the coefficients of the polynomial
/private/tmp/nla-lean-local-shared-20260916/.lake/packages/mathlib/Mathlib/Topology/UnitInterval.lean:364:Helper definition for `convexComb_assoc`, giving one of the coefficients appearing
/private/tmp/nla-lean-local-shared-20260916/.lake/packages/mathlib/Mathlib/Topology/UnitInterval.lean:379:Helper definition for `convexComb_assoc`, giving one of the coefficients appearing
/private/tmp/nla-lean-local-shared-20260916/.lake/packages/mathlib/Mathlib/Topology/UnitInterval.lean:406:Helper definition for `convexComb_assoc'`, giving one of the coefficients appearing
/private/tmp/nla-lean-local-shared-20260916/.lake/packages/mathlib/Mathlib/Topology/UnitInterval.lean:413:Helper definition for `convexComb_assoc'`, giving one of the coefficients appearing
/private/tmp/nla-lean-local-shared-20260916/.lake/packages/mathlib/Mathlib/RingTheory/DividedPowers/Basic.lean:29:  this is the binomial theorem without binomial coefficients.
/private/tmp/nla-lean-local-shared-20260916/.lake/packages/mathlib/Mathlib/RingTheory/DividedPowers/Basic.lean:37:  without multinomial coefficients.
/private/tmp/nla-lean-local-shared-20260916/.lake/packages/mathlib/Mathlib/RingTheory/DividedPowers/Basic.lean:328:/-- A “multinomial” theorem for divided powers — without multinomial coefficients. -/
/private/tmp/nla-lean-local-shared-20260916/.lake/packages/mathlib/Mathlib/RingTheory/DividedPowers/Basic.lean:334:/-- A "multinomial" theorem for divided powers — without multinomial coefficients — for finitely
/private/tmp/nla-lean-local-shared-20260916/.lake/packages/mathlib/Mathlib/RingTheory/Extension/Presentation/Core.lean:15:the (sub)ring `R₀` contains the coefficients of the relations of `P`.
/private/tmp/nla-lean-local-shared-20260916/.lake/packages/mathlib/Mathlib/RingTheory/Extension/Presentation/Core.lean:16:subring `R₀` of `R` that contains the coefficients of the relations
/private/tmp/nla-lean-local-shared-20260916/.lake/packages/mathlib/Mathlib/RingTheory/Extension/Presentation/Core.lean:36:/-- The coefficients of a presentation are the coefficients of the relations. -/
/private/tmp/nla-lean-local-shared-20260916/.lake/packages/mathlib/Mathlib/RingTheory/Extension/Presentation/Core.lean:49:/-- The core of a presentation is the subalgebra generated by the coefficients of the relations. -/
/private/tmp/nla-lean-local-shared-20260916/.lake/packages/mathlib/Mathlib/RingTheory/Extension/Presentation/Core.lean:83:A ring `R₀` has the coefficients of the presentation `P` if the coefficients of the relations of `P`
/private/tmp/nla-lean-local-shared-20260916/.lake/packages/mathlib/Mathlib/RingTheory/Extension/Presentation/Core.lean:140:/-- The model of `S` over a `R₀` that contains the coefficients of `P` is `R₀[X]` quotiented by the
/private/tmp/nla-lean-local-shared-20260916/.lake/packages/mathlib/Mathlib/RingTheory/Extension/Presentation/Core.lean:258:/-- An arbitrarily chosen relation exhibiting the fact that `P.jacobian` is invertible. -/
/private/tmp/nla-lean-local-shared-20260916/.lake/packages/mathlib/Mathlib/RingTheory/Extension/Presentation/Core.lean:271:/-- The set of coefficients that is enough to descend a submersive presentation `P`. -/
/private/tmp/nla-lean-local-shared-20260916/.lake/packages/mathlib/Mathlib/RingTheory/Extension/Presentation/Core.lean:285:/-- A type class witnessing the fact that `R₀` contains enough coefficients to descend
/private/tmp/nla-lean-local-shared-20260916/.lake/packages/mathlib/Mathlib/RingTheory/Extension/Presentation/Core.lean:297:/-- The jacobian of a presentation in the smaller coefficient ring, provided `P.HasCoeffs R₀`. -/
/private/tmp/nla-lean-local-shared-20260916/.lake/packages/mathlib/Mathlib/RingTheory/Extension/Presentation/Core.lean:315:    MvPolynomial.aeval P.val (P.jacobianOfHasCoeffs R₀) = P.jacobian := by
/private/tmp/nla-lean-local-shared-20260916/.lake/packages/mathlib/Mathlib/RingTheory/Extension/Presentation/Core.lean:321:/-- The inverse jacobian of a presentation in the smaller coefficient ring,
/private/tmp/nla-lean-local-shared-20260916/.lake/packages/mathlib/Mathlib/RingTheory/Extension/Presentation/Core.lean:342:/-- An arbitrarily chosen relation exhibiting the fact that `P.jacobian` is invertible,
/private/tmp/nla-lean-local-shared-20260916/.lake/packages/mathlib/Mathlib/RingTheory/Extension/Presentation/Submersive.lean:37:- `PreSubmersivePresentation.jacobian`: The determinant of `P.differential`.
/private/tmp/nla-lean-local-shared-20260916/.lake/packages/mathlib/Mathlib/RingTheory/Extension/Presentation/Submersive.lean:39:  the matrix corresponding to `P.differential`. Its determinant is `P.jacobian`.
/private/tmp/nla-lean-local-shared-20260916/.lake/packages/mathlib/Mathlib/RingTheory/Extension/Presentation/Submersive.lean:99:is submersive. See `PreSubmersivePresentation.jacobian`.
/private/tmp/nla-lean-local-shared-20260916/.lake/packages/mathlib/Mathlib/RingTheory/Extension/Presentation/Submersive.lean:118:noncomputable def jacobian : S :=
/private/tmp/nla-lean-local-shared-20260916/.lake/packages/mathlib/Mathlib/RingTheory/Extension/Presentation/Submersive.lean:134:lemma jacobian_eq_jacobiMatrix_det : P.jacobian = algebraMap P.Ring S P.jacobiMatrix.det := by
/private/tmp/nla-lean-local-shared-20260916/.lake/packages/mathlib/Mathlib/RingTheory/Extension/Presentation/Submersive.lean:135:  simp [jacobiMatrix, jacobian]
/private/tmp/nla-lean-local-shared-20260916/.lake/packages/mathlib/Mathlib/RingTheory/Extension/Presentation/Submersive.lean:154:lemma jacobian_eq_det_aevalDifferential : P.jacobian = P.aevalDifferential.det := by
/private/tmp/nla-lean-local-shared-20260916/.lake/packages/mathlib/Mathlib/RingTheory/Extension/Presentation/Submersive.lean:161:    IsUnit P.jacobian ↔ Function.Bijective P.aevalDifferential := by
/private/tmp/nla-lean-local-shared-20260916/.lake/packages/mathlib/Mathlib/RingTheory/Extension/Presentation/Submersive.lean:169:    IsUnit P.jacobian := by
/private/tmp/nla-lean-local-shared-20260916/.lake/packages/mathlib/Mathlib/RingTheory/Extension/Presentation/Submersive.lean:197:    (P.ofAlgEquiv e).jacobian = e P.jacobian := by
/private/tmp/nla-lean-local-shared-20260916/.lake/packages/mathlib/Mathlib/RingTheory/Extension/Presentation/Submersive.lean:216:    (ofBijectiveAlgebraMap h).jacobian = 1 := by
/private/tmp/nla-lean-local-shared-20260916/.lake/packages/mathlib/Mathlib/RingTheory/Extension/Presentation/Submersive.lean:244:lemma localizationAway_jacobian : (localizationAway S r).jacobian = algebraMap R S r := by
/private/tmp/nla-lean-local-shared-20260916/.lake/packages/mathlib/Mathlib/RingTheory/Extension/Presentation/Submersive.lean:321:    (aeval (Q.comp P).val) (Q.comp P).jacobiMatrix.toBlocks₁₁.det = Q.jacobian := by
/private/tmp/nla-lean-local-shared-20260916/.lake/packages/mathlib/Mathlib/RingTheory/Extension/Presentation/Submersive.lean:343:    (aeval (Q.comp P).val) (Q.comp P).jacobiMatrix.toBlocks₂₂.det = algebraMap S T P.jacobian := by
/private/tmp/nla-lean-local-shared-20260916/.lake/packages/mathlib/Mathlib/RingTheory/Extension/Presentation/Submersive.lean:368:    (Q.comp P).jacobian = P.jacobian • Q.jacobian := by
/private/tmp/nla-lean-local-shared-20260916/.lake/packages/mathlib/Mathlib/RingTheory/Extension/Presentation/Submersive.lean:376:    (aeval (Q.comp P).val) (Q.comp P).jacobiMatrix.toBlocks₂₂.det = P.jacobian • Q.jacobian
/private/tmp/nla-lean-local-shared-20260916/.lake/packages/mathlib/Mathlib/RingTheory/Extension/Presentation/Submersive.lean:404:lemma baseChange_jacobian [Finite σ] : (P.baseChange T).jacobian = 1 ⊗ₜ P.jacobian := by
/private/tmp/nla-lean-local-shared-20260916/.lake/packages/mathlib/Mathlib/RingTheory/Extension/Presentation/Submersive.lean:443:    (P.reindex e f).jacobian = P.jacobian := by
/private/tmp/nla-lean-local-shared-20260916/.lake/packages/mathlib/Mathlib/RingTheory/Extension/Presentation/Submersive.lean:496:  jacobian_isUnit : IsUnit toPreSubmersivePresentation.jacobian
/private/tmp/nla-lean-local-shared-20260916/.lake/packages/mathlib/Mathlib/ModelTheory/Algebra/Field/IsAlgClosed.lean:59:of the `n` non-leading coefficients of the polynomial and one variable (`Fin.last n`)
/private/tmp/nla-lean-local-shared-20260916/.lake/packages/mathlib/Mathlib/RingTheory/Extension/Cotangent/Free.lean:121:    IsUnit P.jacobian := by
/private/tmp/nla-lean-local-shared-20260916/.lake/packages/mathlib/Mathlib/RingTheory/MvPowerSeries/LinearTopology.lean:17:  all coefficients the exponent of which is smaller than some bound vanish.
/private/tmp/nla-lean-local-shared-20260916/.lake/packages/mathlib/Mathlib/RingTheory/MvPowerSeries/LinearTopology.lean:138:  when the ring of coefficients has a linear topology. -/
/private/tmp/nla-lean-local-shared-20260916/.lake/packages/mathlib/Mathlib/RingTheory/MvPowerSeries/LinearTopology.lean:144:  when the ring of coefficients has a linear topology. -/
/private/tmp/nla-lean-local-shared-20260916/.lake/packages/mathlib/Mathlib/RingTheory/MvPowerSeries/Equiv.lean:27:  in `Option σ` and power series with coefficients in `MvPowerSeries σ R`.
/private/tmp/nla-lean-local-shared-20260916/.lake/packages/mathlib/Mathlib/RingTheory/MvPowerSeries/Equiv.lean:118:  power series with coefficients in `MvPowerSeries σ R`. -/
/private/tmp/nla-lean-local-shared-20260916/.lake/packages/mathlib/Mathlib/RingTheory/MvPowerSeries/Basic.lean:31:  the coefficients of a `MvPowerSeries`, its constant coefficient
/private/tmp/nla-lean-local-shared-20260916/.lake/packages/mathlib/Mathlib/RingTheory/MvPowerSeries/Basic.lean:35:- `MvPowerSeries.coeff_mul`: computes the coefficients of the product of two `MvPowerSeries`
/private/tmp/nla-lean-local-shared-20260916/.lake/packages/mathlib/Mathlib/RingTheory/MvPowerSeries/Basic.lean:37:- `MvPowerSeries.coeff_prod` : computes the coefficients of products of `MvPowerSeries`
/private/tmp/nla-lean-local-shared-20260916/.lake/packages/mathlib/Mathlib/RingTheory/MvPowerSeries/Basic.lean:39:- `MvPowerSeries.coeff_pow` : computes the coefficients of powers of a `MvPowerSeries`
/private/tmp/nla-lean-local-shared-20260916/.lake/packages/mathlib/Mathlib/RingTheory/MvPowerSeries/Basic.lean:42:  of a `MvPowerSeries` is nilpotent, then some coefficients of its powers are automatically zero
/private/tmp/nla-lean-local-shared-20260916/.lake/packages/mathlib/Mathlib/RingTheory/MvPowerSeries/Basic.lean:44:- `MvPowerSeries.map`: apply a `RingHom` to the coefficients of a `MvPowerSeries` (as a `RingHom`).
/private/tmp/nla-lean-local-shared-20260916/.lake/packages/mathlib/Mathlib/RingTheory/MvPowerSeries/Basic.lean:68:variables indexed by `σ` and coefficients in `R` as
/private/tmp/nla-lean-local-shared-20260916/.lake/packages/mathlib/Mathlib/RingTheory/MvPowerSeries/Basic.lean:143:/-- Two multivariate formal power series are equal if all their coefficients are equal. -/
/private/tmp/nla-lean-local-shared-20260916/.lake/packages/mathlib/Mathlib/RingTheory/MvPowerSeries/Basic.lean:149:if and only if all their coefficients are equal. -/
/private/tmp/nla-lean-local-shared-20260916/.lake/packages/mathlib/Mathlib/RingTheory/MvPowerSeries/Basic.lean:512:/-- The map between multivariate formal power series induced by a map on the coefficients. -/
/private/tmp/nla-lean-local-shared-20260916/.lake/packages/mathlib/Mathlib/RingTheory/MvPowerSeries/Basic.lean:577:coefficients of `p`, return the corresponding multivariate formal power series
/private/tmp/nla-lean-local-shared-20260916/.lake/packages/mathlib/Mathlib/RingTheory/MvPowerSeries/Basic.lean:578:whose coefficients are in `T`. -/
/private/tmp/nla-lean-local-shared-20260916/.lake/packages/mathlib/Mathlib/RingTheory/MvPowerSeries/Basic.lean:674:/-- Coefficients of a product of power series -/
/private/tmp/nla-lean-local-shared-20260916/.lake/packages/mathlib/Mathlib/RingTheory/MvPowerSeries/Basic.lean:717:is the sum, indexed by `finsuppAntidiag (Finset.range n) d`, of products of coefficients -/
/private/tmp/nla-lean-local-shared-20260916/.lake/packages/mathlib/Mathlib/RingTheory/MvPowerSeries/Basic.lean:731:/-- Vanishing of coefficients of powers of multivariate power series
/private/tmp/nla-lean-local-shared-20260916/.lake/packages/mathlib/Mathlib/RingTheory/MvPowerSeries/Basic.lean:794:/-- Change of coefficients in mv power series, as an `AlgHom` -/
/private/tmp/nla-lean-local-shared-20260916/.lake/packages/mathlib/Mathlib/RingTheory/MvPowerSeries/Trunc.lean:23:  to the multivariate polynomial that has the same coefficients as `φ`,
/private/tmp/nla-lean-local-shared-20260916/.lake/packages/mathlib/Mathlib/RingTheory/MvPowerSeries/Trunc.lean:36:  to the multivariate polynomial that has the same coefficients as `φ`,
/private/tmp/nla-lean-local-shared-20260916/.lake/packages/mathlib/Mathlib/RingTheory/MvPowerSeries/Trunc.lean:42:* `MvPowerSeries.coeff_mul_eq_coeff_trunc'_mul_trunc'` : compares the coefficients
/private/tmp/nla-lean-local-shared-20260916/.lake/packages/mathlib/Mathlib/RingTheory/MvPowerSeries/Trunc.lean:241:/-- Coefficients of the truncation of a multivariate power series. -/
/private/tmp/nla-lean-local-shared-20260916/.lake/packages/mathlib/Mathlib/RingTheory/MvPowerSeries/Order.lean:32:- `MvPowerSeries.coeff_eq_zero_of_lt_weightedOrder`: all coefficients of weights strictly less
/private/tmp/nla-lean-local-shared-20260916/.lake/packages/mathlib/Mathlib/RingTheory/MvPowerSeries/Order.lean:37:- `MvPowerSeries.nat_le_weightedOrder`: if all coefficients of weight `< n` vanish, then the
/private/tmp/nla-lean-local-shared-20260916/.lake/packages/mathlib/Mathlib/RingTheory/MvPowerSeries/Order.lean:41:  exists a nonzero coefficient of weight `n`, and all coefficients of strictly smaller weight
/private/tmp/nla-lean-local-shared-20260916/.lake/packages/mathlib/Mathlib/RingTheory/MvPowerSeries/Order.lean:57:  `MvPowerSeries.coeff_mul_right_one_sub_of_lt_weightedOrder`: the coefficients of `f * (1 - g)`
/private/tmp/nla-lean-local-shared-20260916/.lake/packages/mathlib/Mathlib/RingTheory/MvPowerSeries/Order.lean:60:- `MvPowerSeries.coeff_mul_prod_one_sub_of_lt_weightedOrder`: the coefficients of
/private/tmp/nla-lean-local-shared-20260916/.lake/packages/mathlib/Mathlib/RingTheory/MvPowerSeries/Order.lean:78:- `MvPowerSeries.nat_le_order`: if all coefficients of degree strictly smaller than some integer
/private/tmp/nla-lean-local-shared-20260916/.lake/packages/mathlib/Mathlib/RingTheory/MvPowerSeries/Order.lean:82:  a nonzero coefficient in that degree, and all coefficients below that degree vanish.
/private/tmp/nla-lean-local-shared-20260916/.lake/packages/mathlib/Mathlib/RingTheory/MvPowerSeries/Order.lean:97:  `MvPowerSeries.coeff_mul_right_one_sub_of_lt_order`: the coefficients of `f * (1 - g)` and
/private/tmp/nla-lean-local-shared-20260916/.lake/packages/mathlib/Mathlib/RingTheory/MvPowerSeries/Order.lean:100:- `MvPowerSeries.coeff_mul_prod_one_sub_of_lt_order`: the coefficients of `f * Π i in s, (1 - g i)`
/private/tmp/nla-lean-local-shared-20260916/.lake/packages/mathlib/Mathlib/RingTheory/MvPowerSeries/Order.lean:114:series, all of which coefficients are `1`, is the sum of all indeterminates.)
/private/tmp/nla-lean-local-shared-20260916/.lake/packages/mathlib/Mathlib/RingTheory/MvPowerSeries/PiTopology.lean:23:that corresponds to the simple convergence on its coefficients.
/private/tmp/nla-lean-local-shared-20260916/.lake/packages/mathlib/Mathlib/RingTheory/MvPowerSeries/PiTopology.lean:30:When the type of coefficients has the discrete topology, it corresponds to the topology defined by
/private/tmp/nla-lean-local-shared-20260916/.lake/packages/mathlib/Mathlib/RingTheory/MvPowerSeries/PiTopology.lean:374:/-- Coefficients of a multivariate power series are uniformly continuous -/
/private/tmp/nla-lean-local-shared-20260916/.lake/packages/mathlib/Mathlib/RingTheory/MvPowerSeries/Inverse.lean:23:relation and solving and for its coefficients by induction.
/private/tmp/nla-lean-local-shared-20260916/.lake/packages/mathlib/Mathlib/RingTheory/MvPowerSeries/Inverse.lean:59:well-founded recursion on the coefficients of the inverse.
/private/tmp/nla-lean-local-shared-20260916/.lake/packages/mathlib/Mathlib/RingTheory/MvPowerSeries/Substitution.lean:26:    - For every `d : σ →₀ ℕ`, all but finitely many of the coefficients
/private/tmp/nla-lean-local-shared-20260916/.lake/packages/mathlib/Mathlib/RingTheory/MvPowerSeries/Substitution.lean:45:* The ring of coefficients is endowed the discrete topology.
/private/tmp/nla-lean-local-shared-20260916/.lake/packages/mathlib/Mathlib/RingTheory/MvPowerSeries/Substitution.lean:90:it can be evaluated when the topology on the coefficients ring is the discrete topology. -/
/private/tmp/nla-lean-local-shared-20260916/.lake/packages/mathlib/Mathlib/Topology/Instances/Matrix.lean:95:/-- To show a function into matrices is continuous it suffices to show the coefficients of the
/private/tmp/nla-lean-local-shared-20260916/.lake/packages/mathlib/Mathlib/Topology/MetricSpace/HausdorffDimension.lean:311:but possibly different coefficients, then the Hausdorff dimension of the image `f '' s` is at most
/private/tmp/nla-lean-local-shared-20260916/.lake/packages/mathlib/Mathlib/Topology/MetricSpace/HausdorffDimension.lean:323:positive exponent `r` but possibly different coefficients, then the Hausdorff dimension of the range
/private/tmp/nla-lean-local-shared-20260916/.lake/packages/mathlib/Mathlib/RingTheory/Etale/StandardEtale.lean:326:    P.toSubmersivePresentation.jacobian = aeval P.x P.f.derivative * aeval P.x P.g := by
/private/tmp/nla-lean-local-shared-20260916/.lake/packages/mathlib/Mathlib/RingTheory/PowerSeries/Ideal.lean:18:a prime ideal `I` of `R⟦X⟧`, if the ideal generated by the constant coefficients of the `f ∈ I` is
/private/tmp/nla-lean-local-shared-20260916/.lake/packages/mathlib/Mathlib/RingTheory/PowerSeries/CoeffMulMem.lean:14:# Some results on the coefficients of multiplication of two power series
/private/tmp/nla-lean-local-shared-20260916/.lake/packages/mathlib/Mathlib/RingTheory/PowerSeries/CoeffMulMem.lean:20:  if for all `i ≤ n` (resp. for all `i`), the `i`-th coefficients of power series `f` and `g` are
/private/tmp/nla-lean-local-shared-20260916/.lake/packages/mathlib/Mathlib/RingTheory/PowerSeries/CoeffMulMem.lean:22:  coefficients of `f * g` are in `I * J`.
/private/tmp/nla-lean-local-shared-20260916/.lake/packages/mathlib/Mathlib/RingTheory/PowerSeries/CoeffMulMem.lean:26:  if for all `i ≤ n` (resp. for all `i`), the `i`-th coefficients of power series `g` are
/private/tmp/nla-lean-local-shared-20260916/.lake/packages/mathlib/Mathlib/RingTheory/PowerSeries/CoeffMulMem.lean:27:  in ideal `I`, then for all `i ≤ n` (resp. for all `i`), the `i`-th coefficients of `f * g` are
/private/tmp/nla-lean-local-shared-20260916/.lake/packages/mathlib/Mathlib/RingTheory/PowerSeries/CoeffMulMem.lean:32:  if for all `i ≤ n` (resp. for all `i`), the `i`-th coefficients of power series `f` are
/private/tmp/nla-lean-local-shared-20260916/.lake/packages/mathlib/Mathlib/RingTheory/PowerSeries/CoeffMulMem.lean:33:  in ideal `I`, then for all `i ≤ n` (resp. for all `i`), the `i`-th coefficients of `f * g` are
/private/tmp/nla-lean-local-shared-20260916/.lake/packages/mathlib/Mathlib/RingTheory/Polynomial/Resultant/Basic.lean:47:`(m+n) × (m+n)` matrix with the coefficients of `f` and `g` arranged in a specific way. Here, `m`
/private/tmp/nla-lean-local-shared-20260916/.lake/packages/mathlib/Mathlib/RingTheory/Coalgebra/MonoidAlgebra.lean:16:corresponding structure on its coefficients, defined in `Mathlib/RingTheory/Coalgebra/Basic.lean`.
/private/tmp/nla-lean-local-shared-20260916/.lake/packages/mathlib/Mathlib/RingTheory/PowerSeries/Basic.lean:95:/-- Two formal power series are equal if all their coefficients are equal. -/
/private/tmp/nla-lean-local-shared-20260916/.lake/packages/mathlib/Mathlib/RingTheory/PowerSeries/Basic.lean:107:/-- Two formal power series are equal if all their coefficients are equal. -/
/private/tmp/nla-lean-local-shared-20260916/.lake/packages/mathlib/Mathlib/RingTheory/PowerSeries/Basic.lean:449:/-- The map between formal power series induced by a map on the coefficients. -/
/private/tmp/nla-lean-local-shared-20260916/.lake/packages/mathlib/Mathlib/RingTheory/PowerSeries/Basic.lean:519:coefficients of `p`, return the corresponding formal power series
/private/tmp/nla-lean-local-shared-20260916/.lake/packages/mathlib/Mathlib/RingTheory/PowerSeries/Basic.lean:520:whose coefficients are in `T`. -/
/private/tmp/nla-lean-local-shared-20260916/.lake/packages/mathlib/Mathlib/RingTheory/PowerSeries/Basic.lean:618:/-- Coefficients of a product of power series -/
/private/tmp/nla-lean-local-shared-20260916/.lake/packages/mathlib/Mathlib/RingTheory/PowerSeries/Basic.lean:732:/-- Change of coefficients in power series, as an `AlgHom` -/
/private/tmp/nla-lean-local-shared-20260916/.lake/packages/mathlib/Mathlib/RingTheory/Polynomial/Eisenstein/IsIntegral.lean:255:  -- It is enough to prove that all coefficients of `Q` are divisible by `p`, by induction.
/private/tmp/nla-lean-local-shared-20260916/.lake/packages/mathlib/Mathlib/RingTheory/TensorProduct/MvPolynomial.lean:88:  coefficients in that algebra -/
/private/tmp/nla-lean-local-shared-20260916/.lake/packages/mathlib/Mathlib/RingTheory/PowerSeries/Trunc.lean:17:to the polynomial that has the same coefficients as `φ`, for all `m < n`,
/private/tmp/nla-lean-local-shared-20260916/.lake/packages/mathlib/Mathlib/RingTheory/PowerSeries/Trunc.lean:134:/-- Split off the first `n` coefficients. -/
/private/tmp/nla-lean-local-shared-20260916/.lake/packages/mathlib/Mathlib/RingTheory/PowerSeries/Trunc.lean:142:/-- Split off the first `n` coefficients. -/
/private/tmp/nla-lean-local-shared-20260916/.lake/packages/mathlib/Mathlib/RingTheory/Polynomial/Eisenstein/Criterion.lean:43:the leading coefficients of `f` and `q` do not belong to `P`.
/private/tmp/nla-lean-local-shared-20260916/.lake/packages/mathlib/Mathlib/RingTheory/Polynomial/Eisenstein/Criterion.lean:44:(By localization at `P`, make these coefficients invertible.)
/private/tmp/nla-lean-local-shared-20260916/.lake/packages/mathlib/Mathlib/RingTheory/Polynomial/Eisenstein/Criterion.lean:151:      -- Since the coefficients of `r` and `s` are in `P`, those of `r * s` are in `P ^ 2`
/private/tmp/nla-lean-local-shared-20260916/.lake/packages/mathlib/Mathlib/RingTheory/Polynomial/Eisenstein/Criterion.lean:172:/-- If `f` is a nonconstant polynomial with coefficients in `R`, and `P` is a prime ideal in `R`,
/private/tmp/nla-lean-local-shared-20260916/.lake/packages/mathlib/Mathlib/RingTheory/PowerSeries/Order.lean:17:If the coefficients form an integral domain, then `PowerSeries.order` is an
/private/tmp/nla-lean-local-shared-20260916/.lake/packages/mathlib/Mathlib/RingTheory/PowerSeries/Order.lean:20:We prove that if the commutative ring `R` of coefficients is an integral domain,
/private/tmp/nla-lean-local-shared-20260916/.lake/packages/mathlib/Mathlib/RingTheory/Derivation/ToSquareZero.lean:12:# Derivations into Square-Zero Ideals
/private/tmp/nla-lean-local-shared-20260916/.lake/packages/mathlib/Mathlib/RingTheory/RingHom/Finite.lean:111:  -- denominators of both the generating set and the coefficients.
/private/tmp/nla-lean-local-shared-20260916/.lake/packages/mathlib/Mathlib/RingTheory/PowerSeries/WellKnown.lean:75:function so that `mk 1` is the power series with all coefficients equal to one.
/private/tmp/nla-lean-local-shared-20260916/.lake/packages/mathlib/Mathlib/RingTheory/Derivation/MapCoeffs.lean:16:In this file we define applying a derivation on the coefficients of a polynomial,
/private/tmp/nla-lean-local-shared-20260916/.lake/packages/mathlib/Mathlib/RingTheory/Derivation/MapCoeffs.lean:37:of the coefficients.
/private/tmp/nla-lean-local-shared-20260916/.lake/packages/mathlib/Mathlib/RingTheory/Polynomial/UniversalFactorizationRing.lean:312:    (universalFactorizationMapPresentation R n m k hn).jacobian =
/private/tmp/nla-lean-local-shared-20260916/.lake/packages/mathlib/Mathlib/RingTheory/Polynomial/UniversalFactorizationRing.lean:510:Its jacobian is the resultant of the two factors (up to sign). -/
/private/tmp/nla-lean-local-shared-20260916/.lake/packages/mathlib/Mathlib/RingTheory/Polynomial/UniversalFactorizationRing.lean:519:    (presentation m k hn p).jacobian =
/private/tmp/nla-lean-local-shared-20260916/.lake/packages/mathlib/Mathlib/RingTheory/Polynomial/UniversalFactorizationRing.lean:544:  Localization.Away (M := 𝓡) (presentation m k hn p).jacobian
/private/tmp/nla-lean-local-shared-20260916/.lake/packages/mathlib/Mathlib/RingTheory/Polynomial/UniversalFactorizationRing.lean:575:  let Δ : 𝓡 := (presentation m k hn p).jacobian
/private/tmp/nla-lean-local-shared-20260916/.lake/packages/mathlib/Mathlib/RingTheory/Polynomial/UniversalFactorizationRing.lean:603:      (UniversalFactorizationRing.presentation m k hn p).jacobian
/private/tmp/nla-lean-local-shared-20260916/.lake/packages/mathlib/Mathlib/RingTheory/Polynomial/UniversalFactorizationRing.lean:617:      (.powers (UniversalFactorizationRing.presentation m k hn p).jacobian)
/private/tmp/nla-lean-local-shared-20260916/.lake/packages/mathlib/Mathlib/RingTheory/PowerSeries/PiTopology.lean:19:that corresponds to the simple convergence on its coefficients.
/private/tmp/nla-lean-local-shared-20260916/.lake/packages/mathlib/Mathlib/RingTheory/PowerSeries/PiTopology.lean:20:It is the coarsest topology for which all coefficients maps are continuous.
/private/tmp/nla-lean-local-shared-20260916/.lake/packages/mathlib/Mathlib/RingTheory/PowerSeries/PiTopology.lean:26:When the type of coefficients has the discrete topology, it corresponds to the topology defined by
/private/tmp/nla-lean-local-shared-20260916/.lake/packages/mathlib/Mathlib/RingTheory/PowerSeries/PiTopology.lean:92:/-- Coefficients are continuous -/
/private/tmp/nla-lean-local-shared-20260916/.lake/packages/mathlib/Mathlib/RingTheory/PowerSeries/PiTopology.lean:259:/-- Coefficients are uniformly continuous -/
/private/tmp/nla-lean-local-shared-20260916/.lake/packages/mathlib/Mathlib/RingTheory/Polynomial/Chebyshev.lean:20:with integral coefficients.
/private/tmp/nla-lean-local-shared-20260916/.lake/packages/mathlib/Mathlib/RingTheory/Polynomial/Chebyshev.lean:45:we define them to have coefficients in an arbitrary commutative ring, even though
/private/tmp/nla-lean-local-shared-20260916/.lake/packages/mathlib/Mathlib/RingTheory/Polynomial/HilbertPoly.lean:105:`p : ℚ[X]` with integer coefficients, then `Polynomial.hilbertPoly p d` is the Hilbert
/private/tmp/nla-lean-local-shared-20260916/.lake/packages/mathlib/Mathlib/RingTheory/PowerSeries/Exp.lean:86:The proof uses induction on coefficients: if `f' = f` and `f(0) = 1`, then
/private/tmp/nla-lean-local-shared-20260916/.lake/packages/mathlib/Mathlib/RingTheory/PowerSeries/Exp.lean:87:`coeff (n+1) f * (n+1) = coeff n f`, which determines all coefficients uniquely. -/
/private/tmp/nla-lean-local-shared-20260916/.lake/packages/mathlib/Mathlib/RingTheory/MvPolynomial/MonomialOrder.lean:61:* `m.degree_mul_of_mul_leadingCoeff_ne_zero` : if the product of the leading coefficients
/private/tmp/nla-lean-local-shared-20260916/.lake/packages/mathlib/Mathlib/RingTheory/MvPolynomial/MonomialOrder.lean:64:* `m.leadingCoeff_mul_of_mul_leadingCoeff_ne_zero` : if the product of the leading coefficients
/private/tmp/nla-lean-local-shared-20260916/.lake/packages/mathlib/Mathlib/RingTheory/MvPolynomial/MonomialOrder.lean:82:  coefficients aren't zero divisors is the sum of their degrees.
/private/tmp/nla-lean-local-shared-20260916/.lake/packages/mathlib/Mathlib/RingTheory/MvPolynomial/MonomialOrder.lean:85:  whose leading coefficients aren't zero divisors is the product of their leading coefficients.
/private/tmp/nla-lean-local-shared-20260916/.lake/packages/mathlib/Mathlib/RingTheory/MvPolynomial/MonomialOrder.lean:412:/-- Multiplicativity of leading coefficients -/
/private/tmp/nla-lean-local-shared-20260916/.lake/packages/mathlib/Mathlib/RingTheory/MvPolynomial/MonomialOrder.lean:438:/-- Multiplicativity of leading coefficients -/
/private/tmp/nla-lean-local-shared-20260916/.lake/packages/mathlib/Mathlib/RingTheory/MvPolynomial/MonomialOrder.lean:453:/-- Multiplicativity of leading coefficients -/
/private/tmp/nla-lean-local-shared-20260916/.lake/packages/mathlib/Mathlib/RingTheory/MvPolynomial/MonomialOrder.lean:494:/-- Multiplicativity of leading coefficients -/
/private/tmp/nla-lean-local-shared-20260916/.lake/packages/mathlib/Mathlib/RingTheory/MvPolynomial/MonomialOrder.lean:508:/-- Multiplicativity of leading coefficients -/
/private/tmp/nla-lean-local-shared-20260916/.lake/packages/mathlib/Mathlib/RingTheory/MvPolynomial/MonomialOrder.lean:533:/-- Multiplicativity of leading coefficients -/
/private/tmp/nla-lean-local-shared-20260916/.lake/packages/mathlib/Mathlib/RingTheory/MvPolynomial/MonomialOrder.lean:657:-- TODO : it suffices that all leading coefficients but one are regular
/private/tmp/nla-lean-local-shared-20260916/.lake/packages/mathlib/Mathlib/RingTheory/MvPolynomial/MonomialOrder.lean:694:-- TODO : it suffices that all leading coefficients but one are regular
/private/tmp/nla-lean-local-shared-20260916/.lake/packages/mathlib/Mathlib/RingTheory/Algebraic/Defs.lean:43:with coefficients in R. -/
/private/tmp/nla-lean-local-shared-20260916/.lake/packages/mathlib/Mathlib/RingTheory/Polynomial/Vieta.lean:23:we derive `Polynomial.coeff_eq_esymm_roots_of_card`, the relationship between the coefficients and
/private/tmp/nla-lean-local-shared-20260916/.lake/packages/mathlib/Mathlib/RingTheory/Polynomial/Vieta.lean:54:/-- Vieta's formula for the coefficients of the product of linear terms `X + λ` where `λ` runs
/private/tmp/nla-lean-local-shared-20260916/.lake/packages/mathlib/Mathlib/RingTheory/Polynomial/Vieta.lean:116:/-- Vieta's formula for the coefficients and the roots of a polynomial over an integral domain
/private/tmp/nla-lean-local-shared-20260916/.lake/packages/mathlib/Mathlib/RingTheory/Polynomial/GaussNorm.lean:19:the Gauss norm corresponds to the maximum of the absolute values of the coefficients of `p`. When
/private/tmp/nla-lean-local-shared-20260916/.lake/packages/mathlib/Mathlib/RingTheory/MvPolynomial/IrreducibleQuadratic.lean:17:  if its coefficients are relatively prime.
/private/tmp/nla-lean-local-shared-20260916/.lake/packages/mathlib/Mathlib/RingTheory/Polynomial/Content.lean:21:- `p.content` is the `gcd` of the coefficients of `p`.
/private/tmp/nla-lean-local-shared-20260916/.lake/packages/mathlib/Mathlib/RingTheory/Polynomial/Content.lean:89:/-- `p.content` is the `gcd` of the coefficients of `p`. -/
/private/tmp/nla-lean-local-shared-20260916/.lake/packages/mathlib/Mathlib/RingTheory/MvPolynomial/Groebner.lean:21:Consider a family of polynomials `b : ι → MvPolynomial σ R` with invertible leading coefficients
/private/tmp/nla-lean-local-shared-20260916/.lake/packages/mathlib/Mathlib/RingTheory/MvPolynomial/Groebner.lean:127:whose leading coefficients are invertible with respect to a monomial order -/
/private/tmp/nla-lean-local-shared-20260916/.lake/packages/mathlib/Mathlib/RingTheory/MvPolynomial/Groebner.lean:231:whose leading coefficients are invertible with respect to a monomial order -/
/private/tmp/nla-lean-local-shared-20260916/.lake/packages/mathlib/Mathlib/RingTheory/Polynomial/Hermite/Basic.lean:24:* `Polynomial.coeff_hermite_explicit`: a closed formula for (nonvanishing) coefficients in terms
/private/tmp/nla-lean-local-shared-20260916/.lake/packages/mathlib/Mathlib/RingTheory/Polynomial/Hermite/Basic.lean:25:  of binomial coefficients and double factorials.
/private/tmp/nla-lean-local-shared-20260916/.lake/packages/mathlib/Mathlib/RingTheory/Polynomial/Hermite/Basic.lean:172:      -- Match up binomial coefficients using `Nat.choose_succ_right_eq`.
/private/tmp/nla-lean-local-shared-20260916/.lake/packages/mathlib/Mathlib/RingTheory/Bialgebra/MonoidAlgebra.lean:18:coefficients, building upon results in `Mathlib/RingTheory/Coalgebra/MonoidAlgebra.lean` about the
/private/tmp/nla-lean-local-shared-20260916/.lake/packages/mathlib/Mathlib/RingTheory/FormalGroup/Basic.lean:181:formal group law formal group law over `S`. This is constructed by applying `f` to all coefficients
/private/tmp/nla-lean-local-shared-20260916/.lake/packages/mathlib/Mathlib/RingTheory/FreeCommRing.lean:76:with coefficients in the integers and variables indexed by `α`.
/private/tmp/nla-lean-local-shared-20260916/.lake/packages/mathlib/Mathlib/RingTheory/Polynomial/IsIntegral.lean:15:# Results about coefficients of polynomials being integral
/private/tmp/nla-lean-local-shared-20260916/.lake/packages/mathlib/Mathlib/RingTheory/Polynomial/IsIntegral.lean:19:  with integral coefficients, then the coefficients of `p` are themselves integral.
/private/tmp/nla-lean-local-shared-20260916/.lake/packages/mathlib/Mathlib/RingTheory/Polynomial/IsIntegral.lean:21:  `p : S[X]` is integral over `R[X]` iff the coefficients of `p` are integral over `R`.
/private/tmp/nla-lean-local-shared-20260916/.lake/packages/mathlib/Mathlib/RingTheory/Polynomial/IsIntegral.lean:23:  `MvPolynomial σ R` iff the coefficients of `p` are integral over `R`.
/private/tmp/nla-lean-local-shared-20260916/.lake/packages/mathlib/Mathlib/RingTheory/MvPolynomial/Symmetric/Defs.lean:48:+ `R S : Type*` `[CommSemiring R]` `[CommSemiring S]` (the coefficients)
/private/tmp/nla-lean-local-shared-20260916/.lake/packages/mathlib/Mathlib/RingTheory/Polynomial/Quotient.lean:104:where `map C I` contains exactly the polynomials whose coefficients all lie in `I`. -/
/private/tmp/nla-lean-local-shared-20260916/.lake/packages/mathlib/Mathlib/RingTheory/Polynomial/Bernstein.lean:53:Although the coefficients are integers, it is convenient to work over an arbitrary commutative ring.
/private/tmp/nla-lean-local-shared-20260916/.lake/packages/mathlib/Mathlib/RingTheory/Polynomial/Bernstein.lean:117:    -- Now it's just about binomial coefficients
/private/tmp/nla-lean-local-shared-20260916/.lake/packages/mathlib/Mathlib/RingTheory/Polynomial/Basic.lean:114:/-- The first `n` coefficients on `degreeLT n` form a linear equivalence with `Fin n → R`. -/
/private/tmp/nla-lean-local-shared-20260916/.lake/packages/mathlib/Mathlib/RingTheory/Polynomial/Basic.lean:272:/-- Given a polynomial, return the polynomial whose coefficients are in
/private/tmp/nla-lean-local-shared-20260916/.lake/packages/mathlib/Mathlib/RingTheory/Polynomial/Basic.lean:273:the ring closure of the original coefficients. -/
/private/tmp/nla-lean-local-shared-20260916/.lake/packages/mathlib/Mathlib/RingTheory/Polynomial/Basic.lean:371:leading coefficients of polynomials in `I` with degree ≤ `n`. -/
/private/tmp/nla-lean-local-shared-20260916/.lake/packages/mathlib/Mathlib/RingTheory/Polynomial/Basic.lean:376:leading coefficients in `I`. -/
/private/tmp/nla-lean-local-shared-20260916/.lake/packages/mathlib/Mathlib/RingTheory/Polynomial/Basic.lean:392:is exactly the set of polynomials whose coefficients are in `I` -/
/private/tmp/nla-lean-local-shared-20260916/.lake/packages/mathlib/Mathlib/RingTheory/Polynomial/Basic.lean:653:/-- If the coefficients of a polynomial belong to an ideal, then that ideal contains
/private/tmp/nla-lean-local-shared-20260916/.lake/packages/mathlib/Mathlib/RingTheory/Polynomial/Basic.lean:654:the ideal spanned by the coefficients of the polynomial. -/
/private/tmp/nla-lean-local-shared-20260916/.lake/packages/mathlib/Mathlib/RingTheory/Polynomial/Basic.lean:965:is exactly the set of polynomials whose coefficients are in `I` -/
/private/tmp/nla-lean-local-shared-20260916/.lake/packages/mathlib/Mathlib/RingTheory/Polynomial/Subring.lean:17:Given a ring `K` with a subring `R`, we construct a map from polynomials in `K[X]` with coefficients
/private/tmp/nla-lean-local-shared-20260916/.lake/packages/mathlib/Mathlib/RingTheory/Polynomial/Subring.lean:18:in `R` to `R[X]`. We provide several lemmas to deal with coefficients, degree, and evaluation of
/private/tmp/nla-lean-local-shared-20260916/.lake/packages/mathlib/Mathlib/RingTheory/Polynomial/Subring.lean:23:* `Polynomial.toSubring` : given a polynomial `P` in `K[X]` whose coefficients all belong to a
/private/tmp/nla-lean-local-shared-20260916/.lake/packages/mathlib/Mathlib/RingTheory/Polynomial/Subring.lean:33:/-- Given a polynomial `p` and a subring `T` that contains the coefficients of `p`,
/private/tmp/nla-lean-local-shared-20260916/.lake/packages/mathlib/Mathlib/RingTheory/Polynomial/Subring.lean:34:return the corresponding polynomial whose coefficients are in `T`. -/
/private/tmp/nla-lean-local-shared-20260916/.lake/packages/mathlib/Mathlib/RingTheory/Polynomial/Subring.lean:96:/-- Given a polynomial whose coefficients are in some subring, return
/private/tmp/nla-lean-local-shared-20260916/.lake/packages/mathlib/Mathlib/RingTheory/Polynomial/Subring.lean:97:the corresponding polynomial whose coefficients are in the ambient ring. -/
/private/tmp/nla-lean-local-shared-20260916/.lake/packages/mathlib/Mathlib/RingTheory/IntegralClosure/Algebra/Ideal.lean:18:  of some monic polynomial in `R[X]` whose non-leading coefficients are in `I`.
/private/tmp/nla-lean-local-shared-20260916/.lake/packages/mathlib/Mathlib/RingTheory/AdicCompletion/Completeness.lean:131:The LHS evaluates a linear combination with coefficients `f i` on
/private/tmp/nla-lean-local-shared-20260916/.lake/packages/mathlib/Mathlib/RingTheory/Polynomial/ContentIdeal.lean:15:coefficients, and we prove some basic properties about it.
/private/tmp/nla-lean-local-shared-20260916/.lake/packages/mathlib/Mathlib/RingTheory/Polynomial/ContentIdeal.lean:19:- `p.contentIdeal` is the `Ideal R` generated by the coefficients of `p`.
/private/tmp/nla-lean-local-shared-20260916/.lake/packages/mathlib/Mathlib/RingTheory/Polynomial/ContentIdeal.lean:50:/-- The content ideal of a polynomial `p` is the ideal generated by its coefficients. -/
/private/tmp/nla-lean-local-shared-20260916/.lake/packages/mathlib/Mathlib/RingTheory/Polynomial/ContentIdeal.lean:142:/-- If the coefficients of `p` generate the whole ring, then `p` is primitive. -/
/private/tmp/nla-lean-local-shared-20260916/.lake/packages/mathlib/Mathlib/RingTheory/Polynomial/ContentIdeal.lean:216:/-- The polynomial `p` is primitive if and only if the coefficients of `p` generate the whole ring.
/private/tmp/nla-lean-local-shared-20260916/.lake/packages/mathlib/Mathlib/RingTheory/Polynomial/Dickson.lean:20:with coefficients in a commutative ring `R` depending on an element `a∈R`. More precisely, the
/private/tmp/nla-lean-local-shared-20260916/.lake/packages/mathlib/Mathlib/RingTheory/IntegralClosure/IsIntegral/Defs.lean:16:with coefficients in R.
/private/tmp/nla-lean-local-shared-20260916/.lake/packages/mathlib/Mathlib/RingTheory/IntegralClosure/IsIntegral/Defs.lean:25:                          coefficients in `R`.
/private/tmp/nla-lean-local-shared-20260916/.lake/packages/mathlib/Mathlib/RingTheory/Binomial.lean:23:and `choose` functions generalizing binomial coefficients.
/private/tmp/nla-lean-local-shared-20260916/.lake/packages/mathlib/Mathlib/RingTheory/Binomial.lean:28:unambiguously, so we get uniquely defined binomial coefficients.
/private/tmp/nla-lean-local-shared-20260916/.lake/packages/mathlib/Mathlib/RingTheory/PolynomialLaw/Basic.lean:47:In further works, we construct the coefficients of a polynomial law and show the relation with
/private/tmp/nla-lean-local-shared-20260916/.lake/packages/mathlib/Mathlib/RingTheory/Polynomial/Cyclotomic/Roots.lean:220:coefficients `αᵢ` are equal. This follows from the irreducibility of the `p`-th cyclotomic
/private/tmp/nla-lean-local-shared-20260916/.lake/packages/mathlib/Mathlib/RingTheory/Polynomial/Cyclotomic/Roots.lean:239:/-- Variant of `sum_eq_zero_iff_forall_eq` with integer coefficients. -/
/private/tmp/nla-lean-local-shared-20260916/.lake/packages/mathlib/Mathlib/RingTheory/Ideal/GoingUp.lean:21:coefficients of a minimal polynomial.
/private/tmp/nla-lean-local-shared-20260916/.lake/packages/mathlib/Mathlib/RingTheory/Polynomial/Cyclotomic/Basic.lean:17:polynomial with coefficients in `R`, denoted `cyclotomic' n R`, as `∏ (X - μ)`, where `μ` varies
/private/tmp/nla-lean-local-shared-20260916/.lake/packages/mathlib/Mathlib/RingTheory/Polynomial/Cyclotomic/Basic.lean:20:with coefficients in any ring `R`.
/private/tmp/nla-lean-local-shared-20260916/.lake/packages/mathlib/Mathlib/RingTheory/Polynomial/Cyclotomic/Basic.lean:24:* `cyclotomic n R` : the `n`-th cyclotomic polynomial with coefficients in `R`.
/private/tmp/nla-lean-local-shared-20260916/.lake/packages/mathlib/Mathlib/RingTheory/Polynomial/Cyclotomic/Basic.lean:42:to get a polynomial with integer coefficients and then we map it to `R[X]`, for any ring `R`.
/private/tmp/nla-lean-local-shared-20260916/.lake/packages/mathlib/Mathlib/RingTheory/Polynomial/Cyclotomic/Basic.lean:62:/-- The modified `n`-th cyclotomic polynomial with coefficients in `R`, it is the usual cyclotomic
/private/tmp/nla-lean-local-shared-20260916/.lake/packages/mathlib/Mathlib/RingTheory/Polynomial/Cyclotomic/Basic.lean:178:monic polynomial with integer coefficients. -/
/private/tmp/nla-lean-local-shared-20260916/.lake/packages/mathlib/Mathlib/RingTheory/Polynomial/Cyclotomic/Basic.lean:214:then `cyclotomic n K` comes from a unique polynomial with integer coefficients. -/
/private/tmp/nla-lean-local-shared-20260916/.lake/packages/mathlib/Mathlib/RingTheory/Polynomial/Cyclotomic/Basic.lean:229:/-- The `n`-th cyclotomic polynomial with coefficients in `R`. -/
/private/tmp/nla-lean-local-shared-20260916/.lake/packages/mathlib/Mathlib/RingTheory/IntegralClosure/IsIntegralClosure/Basic.lean:612:    -- and `q` be `p` with coefficients reversed (so `q(a) = q'(a) * a + 1`).
/private/tmp/nla-lean-local-shared-20260916/.lake/packages/mathlib/Mathlib/RingTheory/Polynomial/GaussLemma.lean:21:  `g : K[X]` divides a monic polynomial with coefficients in `R`, then `g * (C g.leadingCoeff⁻¹)`
/private/tmp/nla-lean-local-shared-20260916/.lake/packages/mathlib/Mathlib/RingTheory/Polynomial/GaussLemma.lean:22:  has coefficients in `R`
/private/tmp/nla-lean-local-shared-20260916/.lake/packages/mathlib/Mathlib/RingTheory/Polynomial/GaussLemma.lean:78:/-- If `K = Frac(R)` and `g : K[X]` divides a monic polynomial with coefficients in `R`, then
/private/tmp/nla-lean-local-shared-20260916/.lake/packages/mathlib/Mathlib/RingTheory/Polynomial/GaussLemma.lean:79:`g * (C g.leadingCoeff⁻¹)` has coefficients in `R` -/
/private/tmp/nla-lean-local-shared-20260916/.lake/packages/mathlib/Mathlib/RingTheory/Spectrum/Prime/IsOpenComapC.lean:32:of the coefficients of `f` does not vanish.  Lemma `imageOfDf_eq_comap_C_compl_zeroLocus`
/private/tmp/nla-lean-local-shared-20260916/.lake/packages/mathlib/Mathlib/RingTheory/Spectrum/Prime/IsOpenComapC.lean:43:`Spec R` is contained in the open set where at least one of the coefficients of `f` is non-zero.
/private/tmp/nla-lean-local-shared-20260916/.lake/packages/mathlib/Mathlib/RingTheory/Unramified/Finite.lean:193:  -- And `G` such that `∑ₛ aᵢⱼfᵢ = ∑ Gᵢⱼbⱼ`, where `aᵢⱼ` are the coefficients `bᵢx = ∑ aᵢⱼbⱼ`.
/private/tmp/nla-lean-local-shared-20260916/.lake/packages/mathlib/Mathlib/RingTheory/Polynomial/Nilpotent.lean:107:/-- Let `P` be a polynomial over `R`. If its constant term is a unit and its other coefficients are
/private/tmp/nla-lean-local-shared-20260916/.lake/packages/mathlib/Mathlib/RingTheory/Polynomial/Nilpotent.lean:131:/-- Let `P` be a polynomial over `R`. If `P` is a unit, then all its coefficients are nilpotent,
/private/tmp/nla-lean-local-shared-20260916/.lake/packages/mathlib/Mathlib/RingTheory/Polynomial/Nilpotent.lean:155:/-- Let `P` be a polynomial over `R`. `P` is a unit if and only if all its coefficients are
/private/tmp/nla-lean-local-shared-20260916/.lake/packages/mathlib/Mathlib/RingTheory/Polynomial/Pochhammer.lean:26:As with many other families of polynomials, even though the coefficients are always in `ℕ` or `ℤ`,
/private/tmp/nla-lean-local-shared-20260916/.lake/packages/mathlib/Mathlib/RingTheory/Polynomial/Pochhammer.lean:27:we define the polynomial with coefficients in any `[Semiring S]` or `[Ring R]`.
/private/tmp/nla-lean-local-shared-20260916/.lake/packages/mathlib/Mathlib/RingTheory/Polynomial/Pochhammer.lean:49:with coefficients in the semiring `S`.
/private/tmp/nla-lean-local-shared-20260916/.lake/packages/mathlib/Mathlib/RingTheory/Polynomial/Pochhammer.lean:264:with coefficients in the ring `R`.
/private/tmp/nla-lean-local-shared-20260916/.lake/packages/mathlib/Mathlib/RingTheory/LaurentSeries.lean:28:* Defines `hasseDeriv` of a Laurent series with coefficients in a module over a ring.
/private/tmp/nla-lean-local-shared-20260916/.lake/packages/mathlib/Mathlib/RingTheory/LaurentSeries.lean:72:  coefficients is given in terms of `HahnSeries.coeff` and this forces sometimes to go
/private/tmp/nla-lean-local-shared-20260916/.lake/packages/mathlib/Mathlib/RingTheory/LaurentSeries.lean:98:/-- `LaurentSeries R` is the type of formal Laurent series with coefficients in `R`, denoted `R⸨X⸩`.
/private/tmp/nla-lean-local-shared-20260916/.lake/packages/mathlib/Mathlib/RingTheory/LaurentSeries.lean:504:/-- The coefficients of a power series vanish in degree strictly less than its valuation. -/
/private/tmp/nla-lean-local-shared-20260916/.lake/packages/mathlib/Mathlib/RingTheory/LaurentSeries.lean:524:/-- The coefficients of a Laurent series vanish in degree strictly less than its valuation. -/
/private/tmp/nla-lean-local-shared-20260916/.lake/packages/mathlib/Mathlib/RingTheory/LaurentSeries.lean:596:/-- Two Laurent series whose difference has small valuation have the same coefficients for
/private/tmp/nla-lean-local-shared-20260916/.lake/packages/mathlib/Mathlib/RingTheory/LaurentSeries.lean:663:/-- Since extracting coefficients is uniformly continuous, every Cauchy filter in
/private/tmp/nla-lean-local-shared-20260916/.lake/packages/mathlib/Mathlib/RingTheory/LaurentSeries.lean:731:again Cauchy but valued in the discrete space `K`. That sufficiently negative coefficients vanish
/private/tmp/nla-lean-local-shared-20260916/.lake/packages/mathlib/Mathlib/RingTheory/LaurentSeries.lean:746:filter the coefficients below `D` coincide with `Cauchy.coeff hℱ`. -/
/private/tmp/nla-lean-local-shared-20260916/.lake/packages/mathlib/Mathlib/RingTheory/LaurentSeries.lean:802:/-- Laurent Series with coefficients in a field are complete w.r.t. the `X`-adic valuation -/
/private/tmp/nla-lean-local-shared-20260916/.lake/packages/mathlib/Mathlib/RingTheory/Valuation/Minpoly.lean:15:We prove some results about valuations of zero coefficients of minimal polynomials.
/private/tmp/nla-lean-local-shared-20260916/.lake/packages/mathlib/Mathlib/RingTheory/Smooth/IntegralClosure.lean:192:/-- Let `S` be an `R`-algebra and `f : S[X]` be a monic polynomial with `R`-integral coefficients.
/private/tmp/nla-lean-local-shared-20260916/.lake/packages/mathlib/Mathlib/RingTheory/Smooth/IntegralClosure.lean:194:`R`-integral coefficients. -/
/private/tmp/nla-lean-local-shared-20260916/.lake/packages/mathlib/Mathlib/RingTheory/Smooth/IntegralClosure.lean:260:  -- So `y * f' mod f` is integral over `R[X]` (i.e. its coefficients are `R`-integral)
/private/tmp/nla-lean-local-shared-20260916/.lake/packages/mathlib/Mathlib/RingTheory/Smooth/IntegralClosure.lean:341:  -- with `R`-integral coefficients such that `f' * gᵏ * a = y` in `S ⊗[R] B`.
/private/tmp/nla-lean-local-shared-20260916/.lake/packages/mathlib/Mathlib/RingTheory/Smooth/IntegralClosure.lean:363:  -- which follows from the fact that `y` has `R`-integral coefficients.
/private/tmp/nla-lean-local-shared-20260916/.lake/packages/mathlib/Mathlib/RingTheory/Spectrum/Prime/ChevalleyComplexity.lean:50:which all coefficients of all used polynomials lie in.
/private/tmp/nla-lean-local-shared-20260916/.lake/packages/mathlib/Mathlib/RingTheory/Spectrum/Prime/ChevalleyComplexity.lean:97:/-- A subgroup containing all coefficients of all polynomials of a given induction object for
/private/tmp/nla-lean-local-shared-20260916/.lake/packages/mathlib/Mathlib/RingTheory/Spectrum/Prime/ChevalleyComplexity.lean:149:/-- The bound on the power of the subgroup generated by the coefficients of the polynomials used to
