2026-09-17T02:40:06.4423598Z Current runner version: '2.337.0'
2026-09-17T02:40:06.4446504Z ##[group]Runner Image Provisioner
2026-09-17T02:40:06.4447369Z Hosted Compute Agent
2026-09-17T02:40:06.4447936Z Version: 20260828.587
2026-09-17T02:40:06.4448572Z Commit: abac92662cab4cc7352de4f9f9d2e2419aad9c29
2026-09-17T02:40:06.4449557Z Build Date: 2026-08-28T16:44:25Z
2026-09-17T02:40:06.4450371Z Worker ID: {64fe9918-bc69-45aa-9cf9-221eb945fe17}
2026-09-17T02:40:06.4451047Z Azure Region: westus3
2026-09-17T02:40:06.4451666Z ##[endgroup]
2026-09-17T02:40:06.4453250Z ##[group]Operating System
2026-09-17T02:40:06.4453880Z Ubuntu
2026-09-17T02:40:06.4454692Z 24.04.5
2026-09-17T02:40:06.4455198Z LTS
2026-09-17T02:40:06.4455674Z ##[endgroup]
2026-09-17T02:40:06.4456176Z ##[group]Runner Image
2026-09-17T02:40:06.4456689Z Image: ubuntu-24.04
2026-09-17T02:40:06.4457155Z Version: 20260907.300.1
2026-09-17T02:40:06.4458257Z Included Software: https://github.com/actions/runner-images/blob/ubuntu24/20260907.300/images/ubuntu/Ubuntu2404-Readme.md
2026-09-17T02:40:06.4459675Z Image Release: https://github.com/actions/runner-images/releases/tag/ubuntu24%2F20260907.300
2026-09-17T02:40:06.4460479Z ##[endgroup]
2026-09-17T02:40:06.4461397Z ##[group]GITHUB_TOKEN Permissions
2026-09-17T02:40:06.4463447Z Contents: read
2026-09-17T02:40:06.4463935Z Metadata: read
2026-09-17T02:40:06.4464466Z ##[endgroup]
2026-09-17T02:40:06.4466223Z Secret source: Actions
2026-09-17T02:40:06.4467033Z Cache mode: write
2026-09-17T02:40:06.4467614Z Prepare workflow directory
2026-09-17T02:40:06.4772907Z Prepare all required actions
2026-09-17T02:40:06.4818515Z Getting action download info
2026-09-17T02:40:06.8313218Z Download action repository 'actions/checkout@11d5960a326750d5838078e36cf38b85af677262' (SHA:11d5960a326750d5838078e36cf38b85af677262)
2026-09-17T02:40:07.1028943Z Download action repository 'actions/setup-go@924ae3a1cded613372ab5595356fb5720e22ba16' (SHA:924ae3a1cded613372ab5595356fb5720e22ba16)
2026-09-17T02:40:07.9622825Z Download action repository 'leanprover/lean-action@96e06131c0e9943c780388fd166f55d1e2fa0433' (SHA:96e06131c0e9943c780388fd166f55d1e2fa0433)
2026-09-17T02:40:08.2660557Z Download action repository 'actions/upload-artifact@ea165f8d65b6e75b540449e92b4886f43607fa02' (SHA:ea165f8d65b6e75b540449e92b4886f43607fa02)
2026-09-17T02:40:08.6993845Z Getting action download info
2026-09-17T02:40:08.8194875Z Download action repository 'actions/cache@v5' (SHA:caa296126883cff596d87d8935842f9db880ef25)
2026-09-17T02:40:09.4600932Z Complete job name: verify (SF-01, matrix-functions-and-stability/SF-01/lean)
2026-09-17T02:40:09.5271457Z Node 20 is being deprecated. This workflow is running with Node 24 by default. If you need to temporarily use Node 20, you can set the ACTIONS_ALLOW_USE_UNSECURE_NODE_VERSION=true environment variable. For more information see: https://github.blog/changelog/2025-09-19-deprecation-of-node-20-on-github-actions-runners/
2026-09-17T02:40:09.5278004Z ##[group]Run actions/checkout@11d5960a326750d5838078e36cf38b85af677262
2026-09-17T02:40:09.5278670Z with:
2026-09-17T02:40:09.5279026Z   persist-credentials: false
2026-09-17T02:40:09.5279585Z   repository: sgstepaniants/OpenProblemsInNLA
2026-09-17T02:40:09.5281762Z   token: ***
2026-09-17T02:40:09.5282077Z   ssh-strict: true
2026-09-17T02:40:09.5282441Z   ssh-user: git
2026-09-17T02:40:09.5282771Z   clean: true
2026-09-17T02:40:09.5283105Z   sparse-checkout-cone-mode: true
2026-09-17T02:40:09.5283476Z   fetch-depth: 1
2026-09-17T02:40:09.5283783Z   fetch-tags: false
2026-09-17T02:40:09.5284109Z   show-progress: true
2026-09-17T02:40:09.5284539Z   lfs: false
2026-09-17T02:40:09.5284861Z   submodules: false
2026-09-17T02:40:09.5285175Z   set-safe-directory: true
2026-09-17T02:40:09.5285521Z   allow-unsafe-pr-checkout: false
2026-09-17T02:40:09.5286018Z ##[endgroup]
2026-09-17T02:40:09.6246507Z Syncing repository: sgstepaniants/OpenProblemsInNLA
2026-09-17T02:40:09.6248721Z ##[group]Getting Git version info
2026-09-17T02:40:09.6249722Z Working directory is '/home/runner/work/OpenProblemsInNLA/OpenProblemsInNLA'
2026-09-17T02:40:09.6264802Z [command]/usr/bin/git version
2026-09-17T02:40:09.6452133Z git version 2.55.0
2026-09-17T02:40:09.6470996Z ##[endgroup]
2026-09-17T02:40:09.6485779Z Temporarily overriding HOME='/home/runner/work/_temp/45f7ae63-9e53-4122-b5cd-cd1171f2945d' before making global git config changes
2026-09-17T02:40:09.6487225Z Adding repository directory to the temporary git global config as a safe directory
2026-09-17T02:40:09.6491861Z [command]/usr/bin/git config --global --add safe.directory /home/runner/work/OpenProblemsInNLA/OpenProblemsInNLA
2026-09-17T02:40:09.6538481Z Deleting the contents of '/home/runner/work/OpenProblemsInNLA/OpenProblemsInNLA'
2026-09-17T02:40:09.6546519Z ##[group]Initializing the repository
2026-09-17T02:40:09.6547344Z [command]/usr/bin/git init /home/runner/work/OpenProblemsInNLA/OpenProblemsInNLA
2026-09-17T02:40:09.6651044Z hint: Using 'master' as the name for the initial branch. This default branch name
2026-09-17T02:40:09.6652128Z hint: will change to "main" in Git 3.0. To configure the initial branch name
2026-09-17T02:40:09.6653343Z hint: to use in all of your new repositories, which will suppress this warning,
2026-09-17T02:40:09.6654048Z hint: call:
2026-09-17T02:40:09.6654502Z hint:
2026-09-17T02:40:09.6655068Z hint: 	git config --global init.defaultBranch <name>
2026-09-17T02:40:09.6655721Z hint:
2026-09-17T02:40:09.6656336Z hint: Names commonly chosen instead of 'master' are 'main', 'trunk' and
2026-09-17T02:40:09.6657276Z hint: 'development'. The just-created branch can be renamed via this command:
2026-09-17T02:40:09.6657962Z hint:
2026-09-17T02:40:09.6658367Z hint: 	git branch -m <name>
2026-09-17T02:40:09.6658924Z hint:
2026-09-17T02:40:09.6659721Z hint: Disable this message with "git config set advice.defaultBranchName false"
2026-09-17T02:40:09.6680945Z Initialized empty Git repository in /home/runner/work/OpenProblemsInNLA/OpenProblemsInNLA/.git/
2026-09-17T02:40:09.6682918Z [command]/usr/bin/git remote add origin https://github.com/sgstepaniants/OpenProblemsInNLA
2026-09-17T02:40:09.6712078Z ##[endgroup]
2026-09-17T02:40:09.6713439Z ##[group]Disabling automatic garbage collection
2026-09-17T02:40:09.6718210Z [command]/usr/bin/git config --local gc.auto 0
2026-09-17T02:40:09.6741658Z ##[endgroup]
2026-09-17T02:40:09.6742765Z ##[group]Setting up auth
2026-09-17T02:40:09.6748466Z [command]/usr/bin/git config --local --name-only --get-regexp core\.sshCommand
2026-09-17T02:40:09.6772755Z [command]/usr/bin/git submodule foreach --recursive sh -c "git config --local --name-only --get-regexp 'core\.sshCommand' && git config --local --unset-all 'core.sshCommand' || :"
2026-09-17T02:40:09.7187565Z [command]/usr/bin/git config --local --name-only --get-regexp http\.https\:\/\/github\.com\/\.extraheader
2026-09-17T02:40:09.7215027Z [command]/usr/bin/git submodule foreach --recursive sh -c "git config --local --name-only --get-regexp 'http\.https\:\/\/github\.com\/\.extraheader' && git config --local --unset-all 'http.https://github.com/.extraheader' || :"
2026-09-17T02:40:09.7379612Z [command]/usr/bin/git config --local --name-only --get-regexp ^includeIf\.gitdir:
2026-09-17T02:40:09.7406324Z [command]/usr/bin/git submodule foreach --recursive git config --local --show-origin --name-only --get-regexp remote.origin.url
2026-09-17T02:40:09.7569932Z [command]/usr/bin/git config --local http.https://github.com/.extraheader AUTHORIZATION: basic ***
2026-09-17T02:40:09.7598626Z ##[endgroup]
2026-09-17T02:40:09.7599579Z ##[group]Fetching the repository
2026-09-17T02:40:09.7607476Z [command]/usr/bin/git -c protocol.version=2 fetch --no-tags --prune --no-recurse-submodules --depth=1 origin +3312b0795873cfecade03fa421a5433651d47674:refs/remotes/origin/codex/lean-sf01-verification
2026-09-17T02:40:17.8876837Z From https://github.com/sgstepaniants/OpenProblemsInNLA
2026-09-17T02:40:17.8877768Z  * [new ref]           3312b0795873cfecade03fa421a5433651d47674 -> origin/codex/lean-sf01-verification
2026-09-17T02:40:17.8887586Z ##[endgroup]
2026-09-17T02:40:17.8888495Z ##[group]Determining the checkout info
2026-09-17T02:40:17.8889869Z ##[endgroup]
2026-09-17T02:40:17.8890293Z [command]/usr/bin/git sparse-checkout disable
2026-09-17T02:40:17.8933754Z [command]/usr/bin/git config --local --unset-all extensions.worktreeConfig
2026-09-17T02:40:17.8957248Z ##[group]Checking out the ref
2026-09-17T02:40:17.8961579Z [command]/usr/bin/git checkout --progress --force -B codex/lean-sf01-verification refs/remotes/origin/codex/lean-sf01-verification
2026-09-17T02:40:18.9366530Z Updating files:  62% (18924/30456)
2026-09-17T02:40:18.9518054Z Updating files:  63% (19188/30456)
2026-09-17T02:40:18.9641313Z Updating files:  64% (19492/30456)
2026-09-17T02:40:18.9747435Z Updating files:  65% (19797/30456)
2026-09-17T02:40:18.9854838Z Updating files:  66% (20101/30456)
2026-09-17T02:40:18.9987825Z Updating files:  67% (20406/30456)
2026-09-17T02:40:19.1518165Z Updating files:  68% (20711/30456)
2026-09-17T02:40:19.1605461Z Updating files:  69% (21015/30456)
2026-09-17T02:40:19.1694706Z Updating files:  70% (21320/30456)
2026-09-17T02:40:19.1836820Z Updating files:  71% (21624/30456)
2026-09-17T02:40:19.2006750Z Updating files:  72% (21929/30456)
2026-09-17T02:40:19.2101726Z Updating files:  73% (22233/30456)
2026-09-17T02:40:19.2201050Z Updating files:  74% (22538/30456)
2026-09-17T02:40:19.2386593Z Updating files:  75% (22842/30456)
2026-09-17T02:40:19.2467442Z Updating files:  76% (23147/30456)
2026-09-17T02:40:19.2563340Z Updating files:  77% (23452/30456)
2026-09-17T02:40:19.2687416Z Updating files:  78% (23756/30456)
2026-09-17T02:40:19.2994636Z Updating files:  79% (24061/30456)
2026-09-17T02:40:19.3195612Z Updating files:  80% (24365/30456)
2026-09-17T02:40:19.3367555Z Updating files:  81% (24670/30456)
2026-09-17T02:40:19.3736882Z Updating files:  82% (24974/30456)
2026-09-17T02:40:19.5280212Z Updating files:  83% (25279/30456)
2026-09-17T02:40:19.5642962Z Updating files:  84% (25584/30456)
2026-09-17T02:40:19.6122588Z Updating files:  85% (25888/30456)
2026-09-17T02:40:19.7594767Z Updating files:  86% (26193/30456)
2026-09-17T02:40:19.7950118Z Updating files:  87% (26497/30456)
2026-09-17T02:40:19.8279085Z Updating files:  88% (26802/30456)
2026-09-17T02:40:19.8975469Z Updating files:  89% (27106/30456)
2026-09-17T02:40:19.9253293Z Updating files:  90% (27411/30456)
2026-09-17T02:40:19.9476434Z Updating files:  90% (27645/30456)
2026-09-17T02:40:20.0153367Z Updating files:  91% (27715/30456)
2026-09-17T02:40:20.0459483Z Updating files:  92% (28020/30456)
2026-09-17T02:40:20.0663590Z Updating files:  93% (28325/30456)
2026-09-17T02:40:20.0833700Z Updating files:  94% (28629/30456)
2026-09-17T02:40:20.1065333Z Updating files:  95% (28934/30456)
2026-09-17T02:40:20.1212210Z Updating files:  96% (29238/30456)
2026-09-17T02:40:20.1323773Z Updating files:  97% (29543/30456)
2026-09-17T02:40:20.1450802Z Updating files:  98% (29847/30456)
2026-09-17T02:40:20.1569781Z Updating files:  99% (30152/30456)
2026-09-17T02:40:20.1570287Z Updating files: 100% (30456/30456)
2026-09-17T02:40:20.1570748Z Updating files: 100% (30456/30456), done.
2026-09-17T02:40:20.2473400Z Switched to a new branch 'codex/lean-sf01-verification'
2026-09-17T02:40:20.2476310Z branch 'codex/lean-sf01-verification' set up to track 'origin/codex/lean-sf01-verification'.
2026-09-17T02:40:20.2541441Z ##[endgroup]
2026-09-17T02:40:20.2565686Z [command]/usr/bin/git log -1 --format=%H
2026-09-17T02:40:20.2588374Z 3312b0795873cfecade03fa421a5433651d47674
2026-09-17T02:40:20.2597344Z ##[group]Removing auth
2026-09-17T02:40:20.2601132Z [command]/usr/bin/git config --local --name-only --get-regexp core\.sshCommand
2026-09-17T02:40:20.2626096Z [command]/usr/bin/git submodule foreach --recursive sh -c "git config --local --name-only --get-regexp 'core\.sshCommand' && git config --local --unset-all 'core.sshCommand' || :"
2026-09-17T02:40:20.2822526Z [command]/usr/bin/git config --local --name-only --get-regexp http\.https\:\/\/github\.com\/\.extraheader
2026-09-17T02:40:20.2842558Z http.https://github.com/.extraheader
2026-09-17T02:40:20.2849349Z [command]/usr/bin/git config --local --unset-all http.https://github.com/.extraheader
2026-09-17T02:40:20.2875492Z [command]/usr/bin/git submodule foreach --recursive sh -c "git config --local --name-only --get-regexp 'http\.https\:\/\/github\.com\/\.extraheader' && git config --local --unset-all 'http.https://github.com/.extraheader' || :"
2026-09-17T02:40:20.3078268Z [command]/usr/bin/git config --local --name-only --get-regexp ^includeIf\.gitdir:
2026-09-17T02:40:20.3103613Z [command]/usr/bin/git submodule foreach --recursive git config --local --show-origin --name-only --get-regexp remote.origin.url
2026-09-17T02:40:20.3305662Z ##[endgroup]
2026-09-17T02:40:20.3471055Z ##[group]Run python3 -m pip install -r tools/lean/requirements.txt
2026-09-17T02:40:20.3471611Z [36;1mpython3 -m pip install -r tools/lean/requirements.txt[0m
2026-09-17T02:40:20.3472079Z [36;1mpython3 tools/lean/validate_manifest.py "$LEAN_PROJECT"[0m
2026-09-17T02:40:20.3495258Z shell: /usr/bin/bash -e {0}
2026-09-17T02:40:20.3495579Z env:
2026-09-17T02:40:20.3495907Z   LEAN_PROJECT: matrix-functions-and-stability/SF-01/lean
2026-09-17T02:40:20.3496265Z ##[endgroup]
2026-09-17T02:40:21.8649629Z Defaulting to user installation because normal site-packages is not writeable
2026-09-17T02:40:23.1874566Z Collecting PyYAML==6.0.3 (from -r tools/lean/requirements.txt (line 1))
2026-09-17T02:40:23.2184766Z   Downloading pyyaml-6.0.3-cp312-cp312-manylinux2014_x86_64.manylinux_2_17_x86_64.manylinux_2_28_x86_64.whl.metadata (2.4 kB)
2026-09-17T02:40:23.2739535Z Collecting jsonschema==4.26.0 (from -r tools/lean/requirements.txt (line 2))
2026-09-17T02:40:23.2778418Z   Downloading jsonschema-4.26.0-py3-none-any.whl.metadata (7.6 kB)
2026-09-17T02:40:23.2937968Z Requirement already satisfied: attrs>=22.2.0 in /usr/lib/python3/dist-packages (from jsonschema==4.26.0->-r tools/lean/requirements.txt (line 2)) (23.2.0)
2026-09-17T02:40:23.3071618Z Collecting jsonschema-specifications>=2023.03.6 (from jsonschema==4.26.0->-r tools/lean/requirements.txt (line 2))
2026-09-17T02:40:23.3104531Z   Downloading jsonschema_specifications-2025.9.1-py3-none-any.whl.metadata (2.9 kB)
2026-09-17T02:40:23.3392107Z Collecting referencing>=0.28.4 (from jsonschema==4.26.0->-r tools/lean/requirements.txt (line 2))
2026-09-17T02:40:23.3422935Z   Downloading referencing-0.37.0-py3-none-any.whl.metadata (2.8 kB)
2026-09-17T02:40:23.5897405Z Collecting rpds-py>=0.25.0 (from jsonschema==4.26.0->-r tools/lean/requirements.txt (line 2))
2026-09-17T02:40:23.5932326Z   Downloading rpds_py-2026.6.3-cp312-cp312-manylinux_2_17_x86_64.manylinux2014_x86_64.whl.metadata (4.1 kB)
2026-09-17T02:40:23.6200215Z Requirement already satisfied: typing-extensions>=4.4.0 in /usr/lib/python3/dist-packages (from referencing>=0.28.4->jsonschema==4.26.0->-r tools/lean/requirements.txt (line 2)) (4.10.0)
2026-09-17T02:40:23.6256010Z Downloading pyyaml-6.0.3-cp312-cp312-manylinux2014_x86_64.manylinux_2_17_x86_64.manylinux_2_28_x86_64.whl (807 kB)
2026-09-17T02:40:23.6438044Z    ━━━━━━━━━━━━━━━━━━━━━━━━━━━━━━━━━━━━━━━━ 807.9/807.9 kB 49.9 MB/s eta 0:00:00
2026-09-17T02:40:23.6471567Z Downloading jsonschema-4.26.0-py3-none-any.whl (90 kB)
2026-09-17T02:40:23.6508412Z    ━━━━━━━━━━━━━━━━━━━━━━━━━━━━━━━━━━━━━━━━ 90.6/90.6 kB 36.7 MB/s eta 0:00:00
2026-09-17T02:40:23.6541904Z Downloading jsonschema_specifications-2025.9.1-py3-none-any.whl (18 kB)
2026-09-17T02:40:23.6596285Z Downloading referencing-0.37.0-py3-none-any.whl (26 kB)
2026-09-17T02:40:23.6647639Z Downloading rpds_py-2026.6.3-cp312-cp312-manylinux_2_17_x86_64.manylinux2014_x86_64.whl (366 kB)
2026-09-17T02:40:23.6715699Z    ━━━━━━━━━━━━━━━━━━━━━━━━━━━━━━━━━━━━━━━━ 366.2/366.2 kB 67.1 MB/s eta 0:00:00
2026-09-17T02:40:23.8950503Z Installing collected packages: rpds-py, PyYAML, referencing, jsonschema-specifications, jsonschema
2026-09-17T02:40:24.0411149Z Successfully installed PyYAML-6.0.3 jsonschema-4.26.0 jsonschema-specifications-2025.9.1 referencing-0.37.0 rpds-py-2026.6.3
2026-09-17T02:40:24.2772427Z Manifest schema and comparator coverage: PASS (24 declarations)
2026-09-17T02:40:24.2991455Z ##[group]Run actions/setup-go@924ae3a1cded613372ab5595356fb5720e22ba16
2026-09-17T02:40:24.2991828Z with:
2026-09-17T02:40:24.2992137Z   go-version: 1.27.1
2026-09-17T02:40:24.2992403Z   cache: false
2026-09-17T02:40:24.2992707Z   check-latest: false
2026-09-17T02:40:24.2994659Z   token: ***
2026-09-17T02:40:24.2994902Z ##[endgroup]
2026-09-17T02:40:24.4093592Z Setup go version spec 1.27.1
2026-09-17T02:40:24.4104730Z Attempting to download 1.27.1...
2026-09-17T02:40:25.3054631Z matching 1.27.1...
2026-09-17T02:40:25.3079091Z Acquiring 1.27.1 from https://github.com/actions/go-versions/releases/download/1.27.1-33583469715/go-1.27.1-linux-x64.tar.gz
2026-09-17T02:40:25.8360738Z Extracting Go...
2026-09-17T02:40:25.8445575Z [command]/usr/bin/tar xz --warning=no-unknown-keyword --overwrite -C /home/runner/work/_temp/decacae1-8c61-4789-9c57-050991d545e3 -f /home/runner/work/_temp/17f64eb7-5ec4-4b09-8c4a-66219d3f9773
2026-09-17T02:40:27.3789738Z Successfully extracted go to /home/runner/work/_temp/decacae1-8c61-4789-9c57-050991d545e3
2026-09-17T02:40:27.3790528Z Adding to the cache ...
2026-09-17T02:40:37.2555712Z Successfully cached go to /opt/hostedtoolcache/go/1.27.1/x64
2026-09-17T02:40:37.2556411Z Added go to the path
2026-09-17T02:40:37.2558672Z Successfully set up Go version 1.27.1
2026-09-17T02:40:37.2739687Z go version go1.27.1 linux/amd64
2026-09-17T02:40:37.2739953Z 
2026-09-17T02:40:37.2740288Z ##[group]go env
2026-09-17T02:40:37.5105471Z AR='ar'
2026-09-17T02:40:37.5105970Z CC='gcc'
2026-09-17T02:40:37.5106299Z CGO_CFLAGS='-O2 -g'
2026-09-17T02:40:37.5106629Z CGO_CPPFLAGS=''
2026-09-17T02:40:37.5106970Z CGO_CXXFLAGS='-O2 -g'
2026-09-17T02:40:37.5107291Z CGO_ENABLED='1'
2026-09-17T02:40:37.5107621Z CGO_FFLAGS='-O2 -g'
2026-09-17T02:40:37.5107927Z CGO_LDFLAGS='-O2 -g'
2026-09-17T02:40:37.5108240Z CXX='g++'
2026-09-17T02:40:37.5108539Z GCCGO='gccgo'
2026-09-17T02:40:37.5108823Z GO111MODULE=''
2026-09-17T02:40:37.5109382Z GOAMD64='v1'
2026-09-17T02:40:37.5109711Z GOARCH='amd64'
2026-09-17T02:40:37.5110160Z GOAUTH='netrc'
2026-09-17T02:40:37.5110521Z GOBIN='/home/runner/go/bin'
2026-09-17T02:40:37.5110916Z GOCACHE='/home/runner/.cache/go-build'
2026-09-17T02:40:37.5111449Z GOCACHEPROG=''
2026-09-17T02:40:37.5111719Z GODEBUG=''
2026-09-17T02:40:37.5112136Z GOENV='/home/runner/.config/go/env'
2026-09-17T02:40:37.5112533Z GOEXE=''
2026-09-17T02:40:37.5112835Z GOEXPERIMENT=''
2026-09-17T02:40:37.5113174Z GOFIPS140='off'
2026-09-17T02:40:37.5113645Z GOFLAGS=''
2026-09-17T02:40:37.5114316Z GOGCCFLAGS='-fPIC -m64 -pthread -Wl,--no-gc-sections -fmessage-length=0 -ffile-prefix-map=/tmp/go-build3431821666=/tmp/go-build -gno-record-gcc-switches'
2026-09-17T02:40:37.5114903Z GOHOSTARCH='amd64'
2026-09-17T02:40:37.5115152Z GOHOSTOS='linux'
2026-09-17T02:40:37.5115410Z GOINSECURE=''
2026-09-17T02:40:37.5115688Z GOMOD='/dev/null'
2026-09-17T02:40:37.5115938Z GOMODCACHE='/home/runner/go/pkg/mod'
2026-09-17T02:40:37.5116225Z GONOPROXY=''
2026-09-17T02:40:37.5116459Z GONOSUMDB=''
2026-09-17T02:40:37.5116726Z GOOS='linux'
2026-09-17T02:40:37.5116971Z GOPACKAGESDRIVER=''
2026-09-17T02:40:37.5117226Z GOPATH='/home/runner/go'
2026-09-17T02:40:37.5117475Z GOPRIVATE=''
2026-09-17T02:40:37.5117792Z GOPROXY='https://proxy.golang.org,direct'
2026-09-17T02:40:37.5118175Z GOROOT='/opt/hostedtoolcache/go/1.27.1/x64'
2026-09-17T02:40:37.5118513Z GOSUMDB='sum.golang.org'
2026-09-17T02:40:37.5118782Z GOTELEMETRY='local'
2026-09-17T02:40:37.5119085Z GOTELEMETRYDIR='/home/runner/.config/go/telemetry'
2026-09-17T02:40:37.5119800Z GOTMPDIR=''
2026-09-17T02:40:37.5120068Z GOTOOLCHAIN='local'
2026-09-17T02:40:37.5120403Z GOTOOLDIR='/opt/hostedtoolcache/go/1.27.1/x64/pkg/tool/linux_amd64'
2026-09-17T02:40:37.5120765Z GOVCS=''
2026-09-17T02:40:37.5121008Z GOVERSION='go1.27.1'
2026-09-17T02:40:37.5121271Z GOWORK=''
2026-09-17T02:40:37.5121564Z PKG_CONFIG='pkg-config'
2026-09-17T02:40:37.5121712Z 
2026-09-17T02:40:37.5122121Z ##[endgroup]
2026-09-17T02:40:37.5410722Z ##[group]Run leanprover/lean-action@96e06131c0e9943c780388fd166f55d1e2fa0433
2026-09-17T02:40:37.5411235Z with:
2026-09-17T02:40:37.5411599Z   lake-package-directory: matrix-functions-and-stability/SF-01/lean
2026-09-17T02:40:37.5411992Z   auto-config: false
2026-09-17T02:40:37.5412248Z   build: false
2026-09-17T02:40:37.5412498Z   test: false
2026-09-17T02:40:37.5412734Z   lint: false
2026-09-17T02:40:37.5412992Z   use-mathlib-cache: false
2026-09-17T02:40:37.5413322Z   use-github-cache: false
2026-09-17T02:40:37.5413592Z   mk_all-check: false
2026-09-17T02:40:37.5413877Z   check-reservoir-eligibility: false
2026-09-17T02:40:37.5414175Z   leanchecker: false
2026-09-17T02:40:37.5414457Z   lean4checker: false
2026-09-17T02:40:37.5414728Z   nanoda: false
2026-09-17T02:40:37.5414966Z   nanoda-allow-sorry: true
2026-09-17T02:40:37.5415259Z   axiom-audit: false
2026-09-17T02:40:37.5415571Z   axiom-audit-allow: propext,Classical.choice,Quot.sound
2026-09-17T02:40:37.5416145Z   reinstall-transient-toolchain: false
2026-09-17T02:40:37.5416477Z env:
2026-09-17T02:40:37.5416720Z   GOTOOLCHAIN: local
2026-09-17T02:40:37.5416976Z ##[endgroup]
2026-09-17T02:40:37.5477915Z ##[start-action display=install elan;id=__leanprover_lean-action.__run]
2026-09-17T02:40:37.5501284Z ##[group]Run : Install Elan
2026-09-17T02:40:37.5501811Z [36;1m: Install Elan[0m
2026-09-17T02:40:37.5502154Z [36;1m${GITHUB_ACTION_PATH}/scripts/install_elan.sh[0m
2026-09-17T02:40:37.5526370Z shell: /usr/bin/bash --noprofile --norc -e -o pipefail {0}
2026-09-17T02:40:37.5526739Z env:
2026-09-17T02:40:37.5527055Z   GOTOOLCHAIN: local
2026-09-17T02:40:37.5527345Z ##[endgroup]
2026-09-17T02:40:37.5591098Z ##[group]Elan Installation Output
2026-09-17T02:40:37.6823216Z info: downloading installer
2026-09-17T02:40:39.5300780Z info: downloading https://releases.lean-lang.org/lean4/v4.33.1/lean-4.33.1-linux.tar.zst
2026-09-17T02:40:44.0286028Z info: installing /home/runner/.elan/toolchains/leanprover--lean4---v4.33.1
2026-09-17T02:40:52.1251564Z Lean (version 4.33.1, x86_64-unknown-linux-gnu, commit 819816b2e0a3bf405af45ae5c7af2491d8f5bee6, Release)
2026-09-17T02:40:52.1632037Z Lake version 5.0.0-src+819816b (Lean version 4.33.1)
2026-09-17T02:40:52.1649763Z ##[endgroup]
2026-09-17T02:40:52.1650036Z 
2026-09-17T02:40:52.1670398Z ##[end-action id=__leanprover_lean-action.__run;outcome=success;conclusion=success;duration_ms=14619]
2026-09-17T02:40:52.1676529Z ##[start-action display=configure `lean-action`;id=__leanprover_lean-action.config]
2026-09-17T02:40:52.1698023Z ##[group]Run : Configure Lean Action
2026-09-17T02:40:52.1698559Z [36;1m: Configure Lean Action[0m
2026-09-17T02:40:52.1699033Z [36;1m${GITHUB_ACTION_PATH}/scripts/config.sh[0m
2026-09-17T02:40:52.1730619Z shell: /usr/bin/bash --noprofile --norc -e -o pipefail {0}
2026-09-17T02:40:52.1730997Z env:
2026-09-17T02:40:52.1731284Z   GOTOOLCHAIN: local
2026-09-17T02:40:52.1731601Z   AUTO_CONFIG: false
2026-09-17T02:40:52.1731852Z   BUILD: false
2026-09-17T02:40:52.1732146Z   TEST: false
2026-09-17T02:40:52.1732397Z   LINT: false
2026-09-17T02:40:52.1732683Z ##[endgroup]
2026-09-17T02:40:52.2999846Z ##[group]Configure lean-action
2026-09-17T02:40:52.3047772Z ##[end-action id=__leanprover_lean-action.config;outcome=success;conclusion=success;duration_ms=136]
2026-09-17T02:40:52.3053383Z ##[start-action display=reinstall transient toolchain;id=__leanprover_lean-action.__run_2]
2026-09-17T02:40:52.3060166Z ##[end-action id=__leanprover_lean-action.__run_2;outcome=skipped;conclusion=skipped;duration_ms=0]
2026-09-17T02:40:52.3063282Z ##[start-action display=ensure all files are imported;id=__leanprover_lean-action.mk_all]
2026-09-17T02:40:52.3067863Z ##[end-action id=__leanprover_lean-action.mk_all;outcome=skipped;conclusion=skipped;duration_ms=0]
2026-09-17T02:40:52.3070447Z ##[start-action display=Run actions/cache/restore@v5;id=__leanprover_lean-action.__actions_cache]
2026-09-17T02:40:52.3074517Z ##[end-action id=__leanprover_lean-action.__actions_cache;outcome=skipped;conclusion=skipped;duration_ms=0]
2026-09-17T02:40:52.3076406Z ##[start-action display=detect mathlib;id=__leanprover_lean-action.detect-mathlib]
2026-09-17T02:40:52.3080590Z ##[end-action id=__leanprover_lean-action.detect-mathlib;outcome=skipped;conclusion=skipped;duration_ms=0]
2026-09-17T02:40:52.3082478Z ##[start-action display=get mathlib cache;id=__leanprover_lean-action.__run_3]
2026-09-17T02:40:52.3099761Z ##[end-action id=__leanprover_lean-action.__run_3;outcome=skipped;conclusion=skipped;duration_ms=0]
2026-09-17T02:40:52.3122796Z ##[start-action display=build sgstepaniants/OpenProblemsInNLA;id=__leanprover_lean-action.build]
2026-09-17T02:40:52.3128711Z ##[end-action id=__leanprover_lean-action.build;outcome=skipped;conclusion=skipped;duration_ms=0]
2026-09-17T02:40:52.3131187Z ##[start-action display=Run actions/cache/save@v5;id=__leanprover_lean-action.__actions_cache_2]
2026-09-17T02:40:52.3135015Z ##[end-action id=__leanprover_lean-action.__actions_cache_2;outcome=skipped;conclusion=skipped;duration_ms=0]
2026-09-17T02:40:52.3138278Z ##[start-action display=test sgstepaniants/OpenProblemsInNLA;id=__leanprover_lean-action.test]
2026-09-17T02:40:52.3143916Z ##[end-action id=__leanprover_lean-action.test;outcome=skipped;conclusion=skipped;duration_ms=0]
2026-09-17T02:40:52.3146434Z ##[start-action display=lint sgstepaniants/OpenProblemsInNLA;id=__leanprover_lean-action.lint]
2026-09-17T02:40:52.3151520Z ##[end-action id=__leanprover_lean-action.lint;outcome=skipped;conclusion=skipped;duration_ms=0]
2026-09-17T02:40:52.3153329Z ##[start-action display=check reservoir eligibility;id=__leanprover_lean-action.__run_4]
2026-09-17T02:40:52.3156879Z ##[end-action id=__leanprover_lean-action.__run_4;outcome=skipped;conclusion=skipped;duration_ms=0]
2026-09-17T02:40:52.3159779Z ##[start-action display=check environment with leanchecker;id=__leanprover_lean-action.__run_5]
2026-09-17T02:40:52.3165300Z ##[end-action id=__leanprover_lean-action.__run_5;outcome=skipped;conclusion=skipped;duration_ms=0]
2026-09-17T02:40:52.3167586Z ##[start-action display=check environment with nanoda;id=__leanprover_lean-action.nanoda]
2026-09-17T02:40:52.3172003Z ##[end-action id=__leanprover_lean-action.nanoda;outcome=skipped;conclusion=skipped;duration_ms=0]
2026-09-17T02:40:52.3174622Z ##[start-action display=audit axioms with axiom-audit;id=__leanprover_lean-action.axiom-audit]
2026-09-17T02:40:52.3178051Z ##[end-action id=__leanprover_lean-action.axiom-audit;outcome=skipped;conclusion=skipped;duration_ms=0]
2026-09-17T02:40:52.3227813Z ##[group]Run sudo apt-get update
2026-09-17T02:40:52.3228224Z [36;1msudo apt-get update[0m
2026-09-17T02:40:52.3228579Z [36;1msudo apt-get install -y bubblewrap dbus-user-session[0m
2026-09-17T02:40:52.3229021Z [36;1msudo sysctl -w kernel.apparmor_restrict_unprivileged_userns=0[0m
2026-09-17T02:40:52.3229678Z [36;1msudo loginctl enable-linger "$(id -un)"[0m
2026-09-17T02:40:52.3230022Z [36;1msudo systemctl start "user@$(id -u).service"[0m
2026-09-17T02:40:52.3230445Z [36;1mecho "XDG_RUNTIME_DIR=/run/user/$(id -u)" >> "$GITHUB_ENV"[0m
2026-09-17T02:40:52.3230947Z [36;1mecho "DBUS_SESSION_BUS_ADDRESS=unix:path=/run/user/$(id -u)/bus" >> "$GITHUB_ENV"[0m
2026-09-17T02:40:52.3252506Z shell: /usr/bin/bash -e {0}
2026-09-17T02:40:52.3253009Z env:
2026-09-17T02:40:52.3253293Z   GOTOOLCHAIN: local
2026-09-17T02:40:52.3253668Z ##[endgroup]
2026-09-17T02:40:52.8335307Z Get:1 file:/etc/apt/apt-mirrors.txt Mirrorlist [144 B]
2026-09-17T02:40:52.8838110Z Hit:2 http://azure.archive.ubuntu.com/ubuntu noble InRelease
2026-09-17T02:40:52.8839057Z Get:6 https://packages.microsoft.com/ubuntu/24.04/prod noble InRelease [3600 B]
2026-09-17T02:40:52.8847398Z Get:3 http://azure.archive.ubuntu.com/ubuntu noble-updates InRelease [126 kB]
2026-09-17T02:40:52.9265670Z Get:4 http://azure.archive.ubuntu.com/ubuntu noble-backports InRelease [126 kB]
2026-09-17T02:40:52.9294391Z Get:5 http://azure.archive.ubuntu.com/ubuntu noble-security InRelease [126 kB]
2026-09-17T02:40:52.9680298Z Get:7 https://dl.google.com/linux/chrome-stable/deb stable InRelease [2548 B]
2026-09-17T02:40:53.0093344Z Get:8 https://packages.microsoft.com/ubuntu/24.04/prod noble/main arm64 Packages [425 kB]
2026-09-17T02:40:53.0294008Z Get:9 https://packages.microsoft.com/ubuntu/24.04/prod noble/main amd64 Packages [474 kB]
2026-09-17T02:40:53.0505768Z Get:10 http://azure.archive.ubuntu.com/ubuntu noble-updates/main amd64 Packages [1264 kB]
2026-09-17T02:40:53.0661123Z Get:11 http://azure.archive.ubuntu.com/ubuntu noble-updates/main Translation-en [292 kB]
2026-09-17T02:40:53.0893074Z Get:12 http://azure.archive.ubuntu.com/ubuntu noble-updates/main amd64 Components [181 kB]
2026-09-17T02:40:53.0950720Z Get:13 http://azure.archive.ubuntu.com/ubuntu noble-updates/universe amd64 Packages [1688 kB]
2026-09-17T02:40:53.1171966Z Get:14 http://azure.archive.ubuntu.com/ubuntu noble-updates/universe Translation-en [338 kB]
2026-09-17T02:40:53.1501327Z Get:15 http://azure.archive.ubuntu.com/ubuntu noble-updates/universe amd64 Components [388 kB]
2026-09-17T02:40:53.2060455Z Get:16 http://azure.archive.ubuntu.com/ubuntu noble-updates/restricted amd64 Packages [1550 kB]
2026-09-17T02:40:53.2723114Z Get:31 https://dl.google.com/linux/chrome-stable/deb stable/main amd64 Packages [1407 B]
2026-09-17T02:40:53.3021277Z Get:17 http://azure.archive.ubuntu.com/ubuntu noble-updates/restricted Translation-en [355 kB]
2026-09-17T02:40:53.3163874Z Get:18 http://azure.archive.ubuntu.com/ubuntu noble-updates/multiverse amd64 Packages [45.7 kB]
2026-09-17T02:40:53.3235520Z Get:19 http://azure.archive.ubuntu.com/ubuntu noble-updates/multiverse Translation-en [13.1 kB]
2026-09-17T02:40:53.3895462Z Get:20 http://azure.archive.ubuntu.com/ubuntu noble-updates/multiverse amd64 Components [940 B]
2026-09-17T02:40:53.4061971Z Get:21 http://azure.archive.ubuntu.com/ubuntu noble-backports/main amd64 Components [5776 B]
2026-09-17T02:40:53.4442781Z Get:22 http://azure.archive.ubuntu.com/ubuntu noble-backports/universe amd64 Components [12.6 kB]
2026-09-17T02:40:53.4673349Z Get:23 http://azure.archive.ubuntu.com/ubuntu noble-security/main amd64 Packages [1009 kB]
2026-09-17T02:40:53.4981854Z Get:24 http://azure.archive.ubuntu.com/ubuntu noble-security/main Translation-en [213 kB]
2026-09-17T02:40:53.5101067Z Get:25 http://azure.archive.ubuntu.com/ubuntu noble-security/main amd64 Components [46.4 kB]
2026-09-17T02:40:53.6171177Z Get:26 http://azure.archive.ubuntu.com/ubuntu noble-security/universe amd64 Packages [1207 kB]
2026-09-17T02:40:53.6720386Z Get:27 http://azure.archive.ubuntu.com/ubuntu noble-security/universe Translation-en [242 kB]
2026-09-17T02:40:53.7158175Z Get:28 http://azure.archive.ubuntu.com/ubuntu noble-security/universe amd64 Components [76.3 kB]
2026-09-17T02:40:53.7655174Z Get:29 http://azure.archive.ubuntu.com/ubuntu noble-security/restricted amd64 Packages [1449 kB]
2026-09-17T02:40:53.8948036Z Get:30 http://azure.archive.ubuntu.com/ubuntu noble-security/restricted Translation-en [336 kB]
2026-09-17T02:41:00.1370294Z Fetched 12.0 MB in 1s (9167 kB/s)
2026-09-17T02:41:00.9308020Z Reading package lists...
2026-09-17T02:41:00.9617671Z Reading package lists...
2026-09-17T02:41:01.1364681Z Building dependency tree...
2026-09-17T02:41:01.1371047Z Reading state information...
2026-09-17T02:41:01.3066883Z dbus-user-session is already the newest version (1.14.10-4ubuntu4.1).
2026-09-17T02:41:01.3067365Z dbus-user-session set to manually installed.
2026-09-17T02:41:01.3067895Z The following NEW packages will be installed:
2026-09-17T02:41:01.3072248Z   bubblewrap
2026-09-17T02:41:01.3219729Z 0 upgraded, 1 newly installed, 0 to remove and 72 not upgraded.
2026-09-17T02:41:01.3220188Z Need to get 50.2 kB of archives.
2026-09-17T02:41:01.3220569Z After this operation, 133 kB of additional disk space will be used.
2026-09-17T02:41:01.3221040Z Get:1 file:/etc/apt/apt-mirrors.txt Mirrorlist [144 B]
2026-09-17T02:41:01.4036126Z Get:2 http://azure.archive.ubuntu.com/ubuntu noble-updates/main amd64 bubblewrap amd64 0.9.0-1ubuntu0.1 [50.2 kB]
2026-09-17T02:41:01.6813655Z Fetched 50.2 kB in 0s (528 kB/s)
2026-09-17T02:41:02.0484179Z Selecting previously unselected package bubblewrap.
2026-09-17T02:41:02.0908464Z (Reading database ... 
2026-09-17T02:41:02.0908872Z (Reading database ... 5%
2026-09-17T02:41:02.0909813Z (Reading database ... 10%
2026-09-17T02:41:02.0910133Z (Reading database ... 15%
2026-09-17T02:41:02.0910567Z (Reading database ... 20%
2026-09-17T02:41:02.0910983Z (Reading database ... 25%
2026-09-17T02:41:02.0911374Z (Reading database ... 30%
2026-09-17T02:41:02.0911875Z (Reading database ... 35%
2026-09-17T02:41:02.0912324Z (Reading database ... 40%
2026-09-17T02:41:02.0912780Z (Reading database ... 45%
2026-09-17T02:41:02.0913173Z (Reading database ... 50%
2026-09-17T02:41:02.0976594Z (Reading database ... 55%
2026-09-17T02:41:02.3878497Z (Reading database ... 60%
2026-09-17T02:41:02.5349339Z (Reading database ... 65%
2026-09-17T02:41:02.7306725Z (Reading database ... 70%
2026-09-17T02:41:02.9875528Z (Reading database ... 75%
2026-09-17T02:41:03.2399094Z (Reading database ... 80%
2026-09-17T02:41:03.4786190Z (Reading database ... 85%
2026-09-17T02:41:03.8230631Z (Reading database ... 90%
2026-09-17T02:41:04.1056045Z (Reading database ... 95%
2026-09-17T02:41:04.1056505Z (Reading database ... 100%
2026-09-17T02:41:04.1056943Z (Reading database ... 201818 files and directories currently installed.)
2026-09-17T02:41:04.1105479Z Preparing to unpack .../bubblewrap_0.9.0-1ubuntu0.1_amd64.deb ...
2026-09-17T02:41:04.1774985Z Unpacking bubblewrap (0.9.0-1ubuntu0.1) ...
2026-09-17T02:41:05.1228361Z Setting up bubblewrap (0.9.0-1ubuntu0.1) ...
2026-09-17T02:41:06.0280436Z Processing triggers for man-db (2.12.0-4build2) ...
2026-09-17T02:41:06.2097030Z Not building database; man-db/auto-update is not 'true'.
2026-09-17T02:41:07.2580628Z 
2026-09-17T02:41:07.2581430Z Running kernel seems to be up-to-date.
2026-09-17T02:41:07.2581795Z 
2026-09-17T02:41:07.2582218Z No services need to be restarted.
2026-09-17T02:41:07.2582638Z 
2026-09-17T02:41:07.2582799Z No containers need to be restarted.
2026-09-17T02:41:07.2582971Z 
2026-09-17T02:41:07.2583128Z No user sessions are running outdated binaries.
2026-09-17T02:41:07.2583381Z 
2026-09-17T02:41:07.2583620Z No VM guests are running outdated hypervisor (qemu) binaries on this host.
2026-09-17T02:41:08.1645819Z kernel.apparmor_restrict_unprivileged_userns = 0
2026-09-17T02:41:08.1887492Z ##[group]Run ulimit -n 65536
2026-09-17T02:41:08.1887845Z [36;1mulimit -n 65536[0m
2026-09-17T02:41:08.1888219Z [36;1mtools/lean/bootstrap.sh "$RUNNER_TEMP/nla-lean-tools"[0m
2026-09-17T02:41:08.1888666Z [36;1mtools/lean/verify.sh "$LEAN_PROJECT" "$RUNNER_TEMP/nla-lean-tools"[0m
2026-09-17T02:41:08.1910334Z shell: /usr/bin/bash -e {0}
2026-09-17T02:41:08.1910657Z env:
2026-09-17T02:41:08.1910931Z   GOTOOLCHAIN: local
2026-09-17T02:41:08.1911226Z   XDG_RUNTIME_DIR: /run/user/1001
2026-09-17T02:41:08.1911564Z   DBUS_SESSION_BUS_ADDRESS: unix:path=/run/user/1001/bus
2026-09-17T02:41:08.1911986Z   LEAN_PROJECT: matrix-functions-and-stability/SF-01/lean
2026-09-17T02:41:08.1912347Z ##[endgroup]
2026-09-17T02:41:09.7861245Z Running elan toolchain install leanprover/lean4:v4.33.1
2026-09-17T02:41:09.7862109Z Log: /home/runner/work/_temp/nla-lean-tools/logs/bootstrap/elan.log
2026-09-17T02:41:09.7878291Z info: toolchain 'leanprover/lean4:v4.33.1' is already installed
2026-09-17T02:41:09.8622658Z Running go build -mod=readonly -buildvcs=false -o /home/runner/work/_temp/nla-lean-tools/.tools/bin/landrun ./cmd/landrun
2026-09-17T02:41:09.8623589Z Log: /home/runner/work/_temp/nla-lean-tools/logs/bootstrap/landrun-build.log
2026-09-17T02:41:09.8670006Z go: downloading github.com/urfave/cli/v3 v3.6.2
2026-09-17T02:41:09.8742410Z go: downloading github.com/landlock-lsm/go-landlock v0.9.0
2026-09-17T02:41:09.9609630Z go: downloading golang.org/x/sys v0.40.0
2026-09-17T02:41:09.9610454Z go: downloading kernel.org/pub/linux/libs/security/libcap/psx v1.2.77
2026-09-17T02:41:17.7501324Z Running lake build lean4export comparator
2026-09-17T02:41:17.7501869Z Log: /home/runner/work/_temp/nla-lean-tools/logs/bootstrap/comparator-build.log
2026-09-17T02:41:18.1961070Z ✔ [3/20] Built Comparator.Util (341ms)
2026-09-17T02:41:18.3938003Z ✔ [4/20] Built Comparator.Util:c.o (167ms)
2026-09-17T02:41:19.3961128Z ✔ [5/20] Built Export.Parse (1.6s)
2026-09-17T02:41:19.7971015Z ✔ [6/20] Built Comparator.Axioms (410ms)
2026-09-17T02:41:20.1989086Z ✔ [7/20] Built Comparator.Axioms:c.o (371ms)
2026-09-17T02:41:20.2987721Z ✔ [8/20] Built Export (2.5s)
2026-09-17T02:41:20.4988069Z ✔ [9/20] Built Comparator.Compare (660ms)
2026-09-17T02:41:21.0020981Z ✔ [10/20] Built Comparator.Compare:c.o (537ms)
2026-09-17T02:41:21.4001053Z ✔ [11/20] Built Comparator (367ms)
2026-09-17T02:41:21.5013153Z ✔ [12/20] Built Main (1.1s)
2026-09-17T02:41:21.5040827Z ✔ [13/20] Built Comparator:c.o (57ms)
2026-09-17T02:41:21.7014930Z ✔ [14/20] Built Main:c.o (243ms)
2026-09-17T02:41:23.0055687Z ✔ [15/20] Built Main (1.5s)
2026-09-17T02:41:23.6065724Z ✔ [16/20] Built Export.Parse:c.o (4.2s)
2026-09-17T02:41:23.7067874Z ✔ [17/20] Built Export:c.o (3.4s)
2026-09-17T02:41:24.1072607Z ✔ [18/20] Built Main:c.o (1.1s)
2026-09-17T02:41:24.5114348Z ✔ [19/20] Built lean4export:exe (879ms)
2026-09-17T02:41:24.8119355Z ✔ [20/20] Built comparator:exe (702ms)
2026-09-17T02:41:24.8122739Z Build completed successfully (20 jobs).
2026-09-17T02:41:25.1357551Z Tools built; isolation and checker controls run during verify. Receipt: /home/runner/work/_temp/nla-lean-tools/bootstrap.json
2026-09-17T02:41:25.5617956Z Running /usr/bin/timeout --kill-after=5s 45s systemd-run -p RuntimeMaxSec=40 --user --quiet --wait --pipe --collect -p 'RestrictAddressFamilies=~AF_UNIX' --working-directory /home/runner/work/_temp/nla-lean-tools /usr/bin/env -i PATH=/home/runner/.elan/toolchains/leanprover--lean4---v4.33.1/bin:/home/runner/.elan/bin:/home/runner/go/bin:/opt/hostedtoolcache/go/1.27.1/x64/bin:/snap/bin:/home/runner/.local/bin:/opt/pipx_bin:/home/runner/.cargo/bin:/home/runner/.config/composer/vendor/bin:/usr/local/.ghcup/bin:/home/runner/.dotnet/tools:/usr/local/sbin:/usr/local/bin:/usr/sbin:/usr/bin:/sbin:/bin:/usr/games:/usr/local/games:/snap/bin HOME=/home/runner LANG=C.UTF-8 XDG_RUNTIME_DIR=/run/user/1001 DBUS_SESSION_BUS_ADDRESS=unix:path=/run/user/1001/bus GIT_TERMINAL_PROMPT=0 GIT_CONFIG_NOSYSTEM=1 GIT_CONFIG_GLOBAL=/dev/null COMPARATOR_BIN=/home/runner/work/_temp/nla-lean-tools/.tools/comparator/.lake/build/bin/comparator COMPARATOR_LEAN4EXPORT=/home/runner/work/_temp/nla-lean-tools/.tools/lean4export/.lake/build/bin/lean4export COMPARATOR_LANDRUN=/home/runner/work/_temp/nla-lean-tools/scripts/strict_landrun.py XDG_CACHE_HOME=/home/runner/work/_temp/nla-lean-tools/.tools/cache TMPDIR=/home/runner/work/_temp/nla-lean-tools/.verification-tmp /usr/bin/true
2026-09-17T02:41:25.5622193Z Log: /home/runner/work/_temp/nla-lean-tools/logs/verify-20260917T024125Z-3974/user-service.log
2026-09-17T02:41:25.6680340Z Running python3 /home/runner/work/_temp/nla-lean-tools/reproduction/checks/sandbox_probe_ci.py
2026-09-17T02:41:25.6681019Z Log: /home/runner/work/_temp/nla-lean-tools/logs/verify-20260917T024125Z-3974/sandbox.log
2026-09-17T02:41:25.6982580Z START sandbox mode: build
2026-09-17T02:41:25.7741380Z START sandbox mode: export
2026-09-17T02:41:25.8437189Z START sandbox negative case: unknown option
2026-09-17T02:41:25.8760962Z START sandbox negative case: unexpected --rw
2026-09-17T02:41:25.9175673Z START sandbox negative case: unexpected --rwx
2026-09-17T02:41:25.9654044Z START sandbox negative case: relative --rwx
2026-09-17T02:41:26.0004200Z MODE build: exit=0
2026-09-17T02:41:26.0005111Z Running as unit: run-u2.service; invocation ID: c30eca1a7469416abba8d4dcd4151589
2026-09-17T02:41:26.0005981Z PASS outside .lake write-open: denied errno=30
2026-09-17T02:41:26.0006579Z PASS outside .lake truncate: denied errno=30
2026-09-17T02:41:26.0007057Z PASS outside .lake read-only truncate-open: denied errno=30
2026-09-17T02:41:26.0007645Z PASS symlink from .lake to outside write: denied errno=30
2026-09-17T02:41:26.0008260Z PASS outside .lake creation: denied errno=30
2026-09-17T02:41:26.0008708Z PASS build .lake write: allowed
2026-09-17T02:41:26.0009105Z PASS user namespace: private
2026-09-17T02:41:26.0009941Z PASS pid namespace: private
2026-09-17T02:41:26.0010315Z PASS mnt namespace: private
2026-09-17T02:41:26.0010766Z PASS net namespace: private
2026-09-17T02:41:26.0011135Z PASS ipc namespace: private
2026-09-17T02:41:26.0011521Z PASS uts namespace: private
2026-09-17T02:41:26.0012001Z PASS host parent: absent from private /proc
2026-09-17T02:41:26.0012512Z PASS host parent signal lookup: denied errno=3
2026-09-17T02:41:26.0013216Z PASS host loopback listener: unreachable errno=13
2026-09-17T02:41:26.0013771Z PASS AF_UNIX socket creation: denied errno=97
2026-09-17T02:41:26.0014329Z PASS effective capabilities: none
2026-09-17T02:41:26.0014793Z PASS no_new_privs: set
2026-09-17T02:41:26.0015174Z Sandbox UID: 1001
2026-09-17T02:41:26.0015506Z PASS nested namespace write attempt: rejected exit=1
2026-09-17T02:41:26.0015891Z bwrap: setting up uid map: Permission denied
2026-09-17T02:41:26.0016287Z Finished with result: success
2026-09-17T02:41:26.0016648Z Main processes terminated with: code=exited/status=0
2026-09-17T02:41:26.0017007Z Service runtime: 62ms
2026-09-17T02:41:26.0017340Z CPU time consumed: 63ms
2026-09-17T02:41:26.0017636Z Memory peak: 256.0K
2026-09-17T02:41:26.0017945Z Memory swap peak: 0B
2026-09-17T02:41:26.0018124Z 
2026-09-17T02:41:26.0018271Z MODE export: exit=0
2026-09-17T02:41:26.0018696Z Running as unit: run-u3.service; invocation ID: 9d2fc7d205c44335ac44c635353a055d
2026-09-17T02:41:26.0019542Z PASS outside .lake write-open: denied errno=30
2026-09-17T02:41:26.0019941Z PASS outside .lake truncate: denied errno=30
2026-09-17T02:41:26.0020365Z PASS outside .lake read-only truncate-open: denied errno=30
2026-09-17T02:41:26.0020806Z PASS symlink from .lake to outside write: denied errno=30
2026-09-17T02:41:26.0021193Z PASS outside .lake creation: denied errno=30
2026-09-17T02:41:26.0021611Z PASS export .lake write-open: denied errno=30
2026-09-17T02:41:26.0022008Z PASS export .lake truncate: denied errno=30
2026-09-17T02:41:26.0022366Z PASS user namespace: private
2026-09-17T02:41:26.0022686Z PASS pid namespace: private
2026-09-17T02:41:26.0023001Z PASS mnt namespace: private
2026-09-17T02:41:26.0023315Z PASS net namespace: private
2026-09-17T02:41:26.0023761Z PASS ipc namespace: private
2026-09-17T02:41:26.0024053Z PASS uts namespace: private
2026-09-17T02:41:26.0024378Z PASS host parent: absent from private /proc
2026-09-17T02:41:26.0024758Z PASS host parent signal lookup: denied errno=3
2026-09-17T02:41:26.0025168Z PASS host loopback listener: unreachable errno=13
2026-09-17T02:41:26.0025537Z PASS AF_UNIX socket creation: denied errno=97
2026-09-17T02:41:26.0025880Z PASS effective capabilities: none
2026-09-17T02:41:26.0026204Z PASS no_new_privs: set
2026-09-17T02:41:26.0026498Z Sandbox UID: 1001
2026-09-17T02:41:26.0026816Z PASS nested namespace write attempt: rejected exit=1
2026-09-17T02:41:26.0027185Z bwrap: setting up uid map: Permission denied
2026-09-17T02:41:26.0027506Z Finished with result: success
2026-09-17T02:41:26.0027866Z Main processes terminated with: code=exited/status=0
2026-09-17T02:41:26.0028256Z Service runtime: 59ms
2026-09-17T02:41:26.0028541Z CPU time consumed: 60ms
2026-09-17T02:41:26.0028816Z Memory peak: 512.0K
2026-09-17T02:41:26.0029077Z Memory swap peak: 0B
2026-09-17T02:41:26.0029627Z 
2026-09-17T02:41:26.0029907Z NEGATIVE unknown option: exit=2
2026-09-17T02:41:26.0030413Z Running as unit: run-u4.service; invocation ID: ede530cc91c2415199240fa1f9d0eb3c
2026-09-17T02:41:26.0031009Z strict Comparator sandbox: unsupported Comparator Landrun option: --unrestricted-filesystem
2026-09-17T02:41:26.0031498Z Finished with result: exit-code
2026-09-17T02:41:26.0031862Z Main processes terminated with: code=exited/status=2
2026-09-17T02:41:26.0032224Z Service runtime: 23ms
2026-09-17T02:41:26.0032525Z CPU time consumed: 23ms
2026-09-17T02:41:26.0032808Z Memory peak: 256.0K
2026-09-17T02:41:26.0033079Z Memory swap peak: 0B
2026-09-17T02:41:26.0033247Z 
2026-09-17T02:41:26.0033374Z NEGATIVE unexpected --rw: exit=2
2026-09-17T02:41:26.0033806Z Running as unit: run-u5.service; invocation ID: 1c05174c5fdd4beb92b85cbee4dae02b
2026-09-17T02:41:26.0034431Z strict Comparator sandbox: only private /dev may be passed with --rw
2026-09-17T02:41:26.0034828Z Finished with result: exit-code
2026-09-17T02:41:26.0035228Z Main processes terminated with: code=exited/status=2
2026-09-17T02:41:26.0035573Z Service runtime: 22ms
2026-09-17T02:41:26.0035885Z CPU time consumed: 22ms
2026-09-17T02:41:26.0036162Z Memory peak: 256.0K
2026-09-17T02:41:26.0036418Z Memory swap peak: 0B
2026-09-17T02:41:26.0036622Z 
2026-09-17T02:41:26.0036752Z NEGATIVE unexpected --rwx: exit=2
2026-09-17T02:41:26.0037169Z Running as unit: run-u6.service; invocation ID: 58751a5609fb45dd8a2f041238a07545
2026-09-17T02:41:26.0037695Z strict Comparator sandbox: only this project's existing .lake may be writable
2026-09-17T02:41:26.0038189Z Finished with result: exit-code
2026-09-17T02:41:26.0038528Z Main processes terminated with: code=exited/status=2
2026-09-17T02:41:26.0038888Z Service runtime: 22ms
2026-09-17T02:41:26.0039295Z CPU time consumed: 22ms
2026-09-17T02:41:26.0039599Z Memory peak: 256.0K
2026-09-17T02:41:26.0039899Z Memory swap peak: 0B
2026-09-17T02:41:26.0040064Z 
2026-09-17T02:41:26.0040191Z NEGATIVE relative --rwx: exit=2
2026-09-17T02:41:26.0040608Z Running as unit: run-u7.service; invocation ID: 33a6563e6f40444f8d49f80073b79107
2026-09-17T02:41:26.0041118Z strict Comparator sandbox: only this project's existing .lake may be writable
2026-09-17T02:41:26.0041589Z Finished with result: exit-code
2026-09-17T02:41:26.0041928Z Main processes terminated with: code=exited/status=2
2026-09-17T02:41:26.0042262Z Service runtime: 23ms
2026-09-17T02:41:26.0042543Z CPU time consumed: 23ms
2026-09-17T02:41:26.0042809Z Memory peak: 256.0K
2026-09-17T02:41:26.0043061Z Memory swap peak: 0B
2026-09-17T02:41:26.0043269Z 
2026-09-17T02:41:26.0043504Z Outer and export fixture contents unchanged; only designated build fixture written.
2026-09-17T02:41:26.0065024Z Running bash /home/runner/work/_temp/nla-lean-tools/reproduction/checks/run_replay.sh
2026-09-17T02:41:26.0066608Z Log: /home/runner/work/_temp/nla-lean-tools/logs/verify-20260917T024125Z-3974/kernel-controls.log
2026-09-17T02:41:26.0737930Z Replay probe: RestrictAddressFamilies=~AF_UNIX (deny AF_UNIX sockets).
2026-09-17T02:41:26.1230066Z Lean (version 4.33.1, x86_64-unknown-linux-gnu, Release)
2026-09-17T02:41:26.1608892Z /home/runner/.elan/toolchains/leanprover--lean4---v4.33.1/lib/lean/Init.olean
2026-09-17T02:41:26.1609868Z /home/runner/.elan/toolchains/leanprover--lean4---v4.33.1/lib/lean/Init.olean
2026-09-17T02:41:26.1610795Z /home/runner/work/_temp/nla-lean-tools/.tools/comparator/.lake/build/lib/lean/Main.olean
2026-09-17T02:41:27.2553439Z Trusted base fixture: 11 constants
2026-09-17T02:41:27.2554139Z BEGIN honest_with_inductives_and_quotients
2026-09-17T02:41:27.2554570Z Running Lean default kernel on solution.
2026-09-17T02:41:27.2554997Z Lean default kernel accepts the solution
2026-09-17T02:41:27.2555545Z RETURN honest_with_inductives_and_quotients: accepted
2026-09-17T02:41:27.2556011Z BEGIN invalid_raw_proof
2026-09-17T02:41:27.2556400Z Running Lean default kernel on solution.
2026-09-17T02:41:27.2556802Z Lean default kernel rejects the solution
2026-09-17T02:41:27.2557423Z RETURN invalid_raw_proof: rejected: while replaying declaration 'PinnedReplayProbe.invalid':
2026-09-17T02:41:27.2558180Z (kernel) declaration type mismatch, 'PinnedReplayProbe.invalid' has type
2026-09-17T02:41:27.2558660Z   True
2026-09-17T02:41:27.2558974Z but it is expected to have type
2026-09-17T02:41:27.2559528Z   False
2026-09-17T02:41:27.2559874Z BEGIN quotient_postcheck_mismatch
2026-09-17T02:41:27.2560295Z Running Lean default kernel on solution.
2026-09-17T02:41:27.2560683Z Lean default kernel accepts the solution
2026-09-17T02:41:27.2561104Z Quotient post-check rejects the solution
2026-09-17T02:41:27.2561663Z RETURN quotient_postcheck_mismatch: rejected: Quotient constant mismatch on: Quot.lift
2026-09-17T02:41:27.2562406Z PASS: all three actual Comparator.runBuiltinKernel cases behaved as required
2026-09-17T02:41:27.3102432Z Running python3 /home/runner/work/_temp/nla-lean-tools/reproduction/checks/comparator_regressions.py
2026-09-17T02:41:27.3103297Z Log: /home/runner/work/_temp/nla-lean-tools/logs/verify-20260917T024125Z-3974/comparator-controls.log
2026-09-17T02:41:27.3367852Z Comparator regressions: RestrictAddressFamilies=~AF_UNIX; .tools/env.sh selects the real strict sandbox.
2026-09-17T02:41:27.3372460Z 
2026-09-17T02:41:27.3372756Z CASE simple_match
2026-09-17T02:41:29.2097910Z info: ComparatorRegression: no previous manifest, creating one from scratch
2026-09-17T02:41:29.2098643Z info: toolchain not updated; already up-to-date
2026-09-17T02:41:29.2100007Z Building Challenge
2026-09-17T02:41:29.2100730Z ⚠ [2/3] Built Challenge (184ms)
2026-09-17T02:41:29.2101356Z warning: Challenge.lean:1:8: declaration uses `sorry`
2026-09-17T02:41:29.2101923Z Build completed successfully (3 jobs).
2026-09-17T02:41:29.2103832Z Exporting #[Quot, Quot.mk, Quot.lift, Quot.ind, comm, propext, Quot.sound, Classical.choice, Nat.add, Nat.sub, Nat.mul, Nat.pow, Nat.gcd, Nat.div, Nat.mod, Nat.beq, Nat.ble, Nat.land, Nat.lor, Nat.xor, Nat.shiftLeft, Nat.shiftRight, String.ofList, Char.ofNat, List, eagerReduce, Nat, String, String.mk, Char, optParam, autoParam, semiOutParam, outParam] from Challenge
2026-09-17T02:41:29.2105576Z Building Solution
2026-09-17T02:41:29.2105992Z ✔ [2/3] Built Solution (191ms)
2026-09-17T02:41:29.2106351Z Build completed successfully (3 jobs).
2026-09-17T02:41:29.2107575Z Exporting #[Quot, Quot.mk, Quot.lift, Quot.ind, comm, propext, Quot.sound, Classical.choice, Nat.add, Nat.sub, Nat.mul, Nat.pow, Nat.gcd, Nat.div, Nat.mod, Nat.beq, Nat.ble, Nat.land, Nat.lor, Nat.xor, Nat.shiftLeft, Nat.shiftRight, String.ofList, Char.ofNat, List, eagerReduce, Nat, String, String.mk, Char, optParam, autoParam, semiOutParam, outParam] from Solution
2026-09-17T02:41:29.2108944Z Running Lean default kernel on solution.
2026-09-17T02:41:29.2109578Z Lean default kernel accepts the solution
2026-09-17T02:41:29.2109914Z Your solution is okay!
2026-09-17T02:41:29.2110336Z PASS simple_match: exit 0, expected 0; required phase: Your solution is okay!
2026-09-17T02:41:29.2110636Z 
2026-09-17T02:41:29.2110979Z CASE simple_mismatch
2026-09-17T02:41:30.8672781Z info: ComparatorRegression: no previous manifest, creating one from scratch
2026-09-17T02:41:30.8673744Z info: toolchain not updated; already up-to-date
2026-09-17T02:41:30.8674273Z Building Challenge
2026-09-17T02:41:30.8675064Z ⚠ [2/3] Built Challenge (187ms)
2026-09-17T02:41:30.8675650Z warning: Challenge.lean:1:8: declaration uses `sorry`
2026-09-17T02:41:30.8676178Z Build completed successfully (3 jobs).
2026-09-17T02:41:30.8677951Z Exporting #[Quot, Quot.mk, Quot.lift, Quot.ind, comm, propext, Quot.sound, Classical.choice, Nat.add, Nat.sub, Nat.mul, Nat.pow, Nat.gcd, Nat.div, Nat.mod, Nat.beq, Nat.ble, Nat.land, Nat.lor, Nat.xor, Nat.shiftLeft, Nat.shiftRight, String.ofList, Char.ofNat, List, eagerReduce, Nat, String, String.mk, Char, optParam, autoParam, semiOutParam, outParam] from Challenge
2026-09-17T02:41:30.8679915Z Building Solution
2026-09-17T02:41:30.8680335Z ✔ [2/3] Built Solution (180ms)
2026-09-17T02:41:30.8680705Z Build completed successfully (3 jobs).
2026-09-17T02:41:30.8682113Z Exporting #[Quot, Quot.mk, Quot.lift, Quot.ind, comm, propext, Quot.sound, Classical.choice, Nat.add, Nat.sub, Nat.mul, Nat.pow, Nat.gcd, Nat.div, Nat.mod, Nat.beq, Nat.ble, Nat.land, Nat.lor, Nat.xor, Nat.shiftLeft, Nat.shiftRight, String.ofList, Char.ofNat, List, eagerReduce, Nat, String, String.mk, Char, optParam, autoParam, semiOutParam, outParam] from Solution
2026-09-17T02:41:30.8683260Z uncaught exception: Challenge and solution constant kind don't match: 'comm'
2026-09-17T02:41:30.8683912Z PASS simple_mismatch: exit 1, expected 1; required phase: Challenge and solution constant kind don't match: 'comm'
2026-09-17T02:41:30.8684278Z 
2026-09-17T02:41:30.8684466Z CASE simple_axiom_issue
2026-09-17T02:41:32.5692866Z info: ComparatorRegression: no previous manifest, creating one from scratch
2026-09-17T02:41:32.5693947Z info: toolchain not updated; already up-to-date
2026-09-17T02:41:32.5694506Z Building Challenge
2026-09-17T02:41:32.5695323Z ⚠ [2/3] Built Challenge (181ms)
2026-09-17T02:41:32.5695824Z warning: Challenge.lean:1:8: declaration uses `sorry`
2026-09-17T02:41:32.5696380Z Build completed successfully (3 jobs).
2026-09-17T02:41:32.5698120Z Exporting #[Quot, Quot.mk, Quot.lift, Quot.ind, comm, propext, Quot.sound, Classical.choice, Nat.add, Nat.sub, Nat.mul, Nat.pow, Nat.gcd, Nat.div, Nat.mod, Nat.beq, Nat.ble, Nat.land, Nat.lor, Nat.xor, Nat.shiftLeft, Nat.shiftRight, String.ofList, Char.ofNat, List, eagerReduce, Nat, String, String.mk, Char, optParam, autoParam, semiOutParam, outParam] from Challenge
2026-09-17T02:41:32.5699842Z Building Solution
2026-09-17T02:41:32.5700243Z ✔ [2/3] Built Solution (193ms)
2026-09-17T02:41:32.5700554Z Build completed successfully (3 jobs).
2026-09-17T02:41:32.5702019Z Exporting #[Quot, Quot.mk, Quot.lift, Quot.ind, comm, propext, Quot.sound, Classical.choice, Nat.add, Nat.sub, Nat.mul, Nat.pow, Nat.gcd, Nat.div, Nat.mod, Nat.beq, Nat.ble, Nat.land, Nat.lor, Nat.xor, Nat.shiftLeft, Nat.shiftRight, String.ofList, Char.ofNat, List, eagerReduce, Nat, String, String.mk, Char, optParam, autoParam, semiOutParam, outParam] from Solution
2026-09-17T02:41:32.5703093Z uncaught exception: Illegal axiom detected: 'helper'
2026-09-17T02:41:32.5703568Z PASS simple_axiom_issue: exit 1, expected 1; required phase: Illegal axiom detected: 'helper'
2026-09-17T02:41:32.5703912Z 
2026-09-17T02:41:32.5704039Z CASE simple_kind_mismatch
2026-09-17T02:41:34.2400366Z info: ComparatorRegression: no previous manifest, creating one from scratch
2026-09-17T02:41:34.2401212Z info: toolchain not updated; already up-to-date
2026-09-17T02:41:34.2401737Z Building Challenge
2026-09-17T02:41:34.2402579Z ⚠ [2/3] Built Challenge (186ms)
2026-09-17T02:41:34.2403114Z warning: Challenge.lean:1:8: declaration uses `sorry`
2026-09-17T02:41:34.2403641Z Build completed successfully (3 jobs).
2026-09-17T02:41:34.2405475Z Exporting #[Quot, Quot.mk, Quot.lift, Quot.ind, comm, propext, Quot.sound, Classical.choice, Nat.add, Nat.sub, Nat.mul, Nat.pow, Nat.gcd, Nat.div, Nat.mod, Nat.beq, Nat.ble, Nat.land, Nat.lor, Nat.xor, Nat.shiftLeft, Nat.shiftRight, String.ofList, Char.ofNat, List, eagerReduce, Nat, String, String.mk, Char, optParam, autoParam, semiOutParam, outParam] from Challenge
2026-09-17T02:41:34.2406640Z Building Solution
2026-09-17T02:41:34.2407156Z ✔ [2/3] Built Solution (182ms)
2026-09-17T02:41:34.2407486Z Build completed successfully (3 jobs).
2026-09-17T02:41:34.2408623Z Exporting #[Quot, Quot.mk, Quot.lift, Quot.ind, comm, propext, Quot.sound, Classical.choice, Nat.add, Nat.sub, Nat.mul, Nat.pow, Nat.gcd, Nat.div, Nat.mod, Nat.beq, Nat.ble, Nat.land, Nat.lor, Nat.xor, Nat.shiftLeft, Nat.shiftRight, String.ofList, Char.ofNat, List, eagerReduce, Nat, String, String.mk, Char, optParam, autoParam, semiOutParam, outParam] from Solution
2026-09-17T02:41:34.2410061Z uncaught exception: Illegal axiom detected: 'helper'
2026-09-17T02:41:34.2410577Z PASS simple_kind_mismatch: exit 1, expected 1; required phase: Illegal axiom detected: 'helper'
2026-09-17T02:41:34.2410976Z 
2026-09-17T02:41:34.2411098Z CASE type_mismatch
2026-09-17T02:41:35.8998172Z info: ComparatorRegression: no previous manifest, creating one from scratch
2026-09-17T02:41:35.8998996Z info: toolchain not updated; already up-to-date
2026-09-17T02:41:35.8999634Z Building Challenge
2026-09-17T02:41:35.9000382Z ✔ [2/3] Built Challenge (180ms)
2026-09-17T02:41:35.9000818Z Build completed successfully (3 jobs).
2026-09-17T02:41:35.9002721Z Exporting #[Quot, Quot.mk, Quot.lift, Quot.ind, checked, propext, Quot.sound, Classical.choice, Nat.add, Nat.sub, Nat.mul, Nat.pow, Nat.gcd, Nat.div, Nat.mod, Nat.beq, Nat.ble, Nat.land, Nat.lor, Nat.xor, Nat.shiftLeft, Nat.shiftRight, String.ofList, Char.ofNat, List, eagerReduce, Nat, String, String.mk, Char, optParam, autoParam, semiOutParam, outParam] from Challenge
2026-09-17T02:41:35.9004771Z Building Solution
2026-09-17T02:41:35.9005277Z ✔ [2/3] Built Solution (185ms)
2026-09-17T02:41:35.9005770Z Build completed successfully (3 jobs).
2026-09-17T02:41:35.9007617Z Exporting #[Quot, Quot.mk, Quot.lift, Quot.ind, checked, propext, Quot.sound, Classical.choice, Nat.add, Nat.sub, Nat.mul, Nat.pow, Nat.gcd, Nat.div, Nat.mod, Nat.beq, Nat.ble, Nat.land, Nat.lor, Nat.xor, Nat.shiftLeft, Nat.shiftRight, String.ofList, Char.ofNat, List, eagerReduce, Nat, String, String.mk, Char, optParam, autoParam, semiOutParam, outParam] from Solution
2026-09-17T02:41:35.9009866Z uncaught exception: Challenge and solution theorem statement do not match: 'checked'
2026-09-17T02:41:35.9010923Z PASS type_mismatch: exit 1, expected 1; required phase: Challenge and solution theorem statement do not match: 'checked'
2026-09-17T02:41:35.9019301Z PASS: all five Comparator regressions
2026-09-17T02:41:35.9080627Z Running systemd-run --user --quiet --wait --pipe --collect -p 'RestrictAddressFamilies=~AF_UNIX' --working-directory /home/runner/work/_temp/nla-lean-tools/.verification-tmp/nla-axiom-v_am7r8b /usr/bin/env -i PATH=/home/runner/.elan/toolchains/leanprover--lean4---v4.33.1/bin:/home/runner/.elan/bin:/home/runner/go/bin:/opt/hostedtoolcache/go/1.27.1/x64/bin:/snap/bin:/home/runner/.local/bin:/opt/pipx_bin:/home/runner/.cargo/bin:/home/runner/.config/composer/vendor/bin:/usr/local/.ghcup/bin:/home/runner/.dotnet/tools:/usr/local/sbin:/usr/local/bin:/usr/sbin:/usr/bin:/sbin:/bin:/usr/games:/usr/local/games:/snap/bin HOME=/home/runner LANG=C.UTF-8 XDG_RUNTIME_DIR=/run/user/1001 DBUS_SESSION_BUS_ADDRESS=unix:path=/run/user/1001/bus GIT_TERMINAL_PROMPT=0 GIT_CONFIG_NOSYSTEM=1 GIT_CONFIG_GLOBAL=/dev/null COMPARATOR_BIN=/home/runner/work/_temp/nla-lean-tools/.tools/comparator/.lake/build/bin/comparator COMPARATOR_LEAN4EXPORT=/home/runner/work/_temp/nla-lean-tools/.tools/lean4export/.lake/build/bin/lean4export COMPARATOR_LANDRUN=/home/runner/work/_temp/nla-lean-tools/scripts/strict_landrun.py XDG_CACHE_HOME=/home/runner/work/_temp/nla-lean-tools/.tools/cache TMPDIR=/home/runner/work/_temp/nla-lean-tools/.verification-tmp lake env /home/runner/work/_temp/nla-lean-tools/.tools/comparator/.lake/build/bin/comparator comparator.json
2026-09-17T02:41:35.9084688Z Log: /home/runner/work/_temp/nla-lean-tools/logs/verify-20260917T024125Z-3974/negative-sorry.log
2026-09-17T02:41:35.9666705Z info: NlaAxiomFixture: no previous manifest, creating one from scratch
2026-09-17T02:41:35.9668595Z info: toolchain not updated; already up-to-date
2026-09-17T02:41:36.0394244Z Building Challenge
2026-09-17T02:41:36.8340077Z ✔ [2/3] Built Challenge (633ms)
2026-09-17T02:41:36.8342232Z Build completed successfully (3 jobs).
2026-09-17T02:41:37.6430008Z Exporting #[Quot, Quot.mk, Quot.lift, Quot.ind, checked, Classical.choice, Quot.sound, propext, Nat.add, Nat.sub, Nat.mul, Nat.pow, Nat.gcd, Nat.div, Nat.mod, Nat.beq, Nat.ble, Nat.land, Nat.lor, Nat.xor, Nat.shiftLeft, Nat.shiftRight, String.ofList, Char.ofNat, List, eagerReduce, Nat, String, String.mk, Char, optParam, autoParam, semiOutParam, outParam] from Challenge
2026-09-17T02:41:37.6431718Z Building Solution
2026-09-17T02:41:38.4378280Z ⚠ [2/3] Built Solution (661ms)
2026-09-17T02:41:38.4379535Z warning: Solution.lean:2:8: declaration uses `sorry`
2026-09-17T02:41:38.4382236Z Build completed successfully (3 jobs).
2026-09-17T02:41:39.3289853Z Exporting #[Quot, Quot.mk, Quot.lift, Quot.ind, checked, Classical.choice, Quot.sound, propext, Nat.add, Nat.sub, Nat.mul, Nat.pow, Nat.gcd, Nat.div, Nat.mod, Nat.beq, Nat.ble, Nat.land, Nat.lor, Nat.xor, Nat.shiftLeft, Nat.shiftRight, String.ofList, Char.ofNat, List, eagerReduce, Nat, String, String.mk, Char, optParam, autoParam, semiOutParam, outParam] from Solution
2026-09-17T02:41:39.3292146Z uncaught exception: Illegal axiom detected: 'sorryAx'
2026-09-17T02:41:39.3363143Z Running systemd-run --user --quiet --wait --pipe --collect -p 'RestrictAddressFamilies=~AF_UNIX' --working-directory /home/runner/work/_temp/nla-lean-tools/.verification-tmp/nla-axiom-j2k0_r_u /usr/bin/env -i PATH=/home/runner/.elan/toolchains/leanprover--lean4---v4.33.1/bin:/home/runner/.elan/bin:/home/runner/go/bin:/opt/hostedtoolcache/go/1.27.1/x64/bin:/snap/bin:/home/runner/.local/bin:/opt/pipx_bin:/home/runner/.cargo/bin:/home/runner/.config/composer/vendor/bin:/usr/local/.ghcup/bin:/home/runner/.dotnet/tools:/usr/local/sbin:/usr/local/bin:/usr/sbin:/usr/bin:/sbin:/bin:/usr/games:/usr/local/games:/snap/bin HOME=/home/runner LANG=C.UTF-8 XDG_RUNTIME_DIR=/run/user/1001 DBUS_SESSION_BUS_ADDRESS=unix:path=/run/user/1001/bus GIT_TERMINAL_PROMPT=0 GIT_CONFIG_NOSYSTEM=1 GIT_CONFIG_GLOBAL=/dev/null COMPARATOR_BIN=/home/runner/work/_temp/nla-lean-tools/.tools/comparator/.lake/build/bin/comparator COMPARATOR_LEAN4EXPORT=/home/runner/work/_temp/nla-lean-tools/.tools/lean4export/.lake/build/bin/lean4export COMPARATOR_LANDRUN=/home/runner/work/_temp/nla-lean-tools/scripts/strict_landrun.py XDG_CACHE_HOME=/home/runner/work/_temp/nla-lean-tools/.tools/cache TMPDIR=/home/runner/work/_temp/nla-lean-tools/.verification-tmp lake env /home/runner/work/_temp/nla-lean-tools/.tools/comparator/.lake/build/bin/comparator comparator.json
2026-09-17T02:41:39.3367312Z Log: /home/runner/work/_temp/nla-lean-tools/logs/verify-20260917T024125Z-3974/negative-native.log
2026-09-17T02:41:39.3869090Z info: NlaAxiomFixture: no previous manifest, creating one from scratch
2026-09-17T02:41:39.3869885Z info: toolchain not updated; already up-to-date
2026-09-17T02:41:39.4635876Z Building Challenge
2026-09-17T02:41:40.2604960Z ✔ [2/3] Built Challenge (695ms)
2026-09-17T02:41:40.2607535Z Build completed successfully (3 jobs).
2026-09-17T02:41:41.0830792Z Exporting #[Quot, Quot.mk, Quot.lift, Quot.ind, checked, Classical.choice, Quot.sound, propext, Nat.add, Nat.sub, Nat.mul, Nat.pow, Nat.gcd, Nat.div, Nat.mod, Nat.beq, Nat.ble, Nat.land, Nat.lor, Nat.xor, Nat.shiftLeft, Nat.shiftRight, String.ofList, Char.ofNat, List, eagerReduce, Nat, String, String.mk, Char, optParam, autoParam, semiOutParam, outParam] from Challenge
2026-09-17T02:41:41.0832044Z Building Solution
2026-09-17T02:41:41.8745958Z ✔ [2/3] Built Solution (650ms)
2026-09-17T02:41:41.8747997Z Build completed successfully (3 jobs).
2026-09-17T02:41:42.7713691Z Exporting #[Quot, Quot.mk, Quot.lift, Quot.ind, checked, Classical.choice, Quot.sound, propext, Nat.add, Nat.sub, Nat.mul, Nat.pow, Nat.gcd, Nat.div, Nat.mod, Nat.beq, Nat.ble, Nat.land, Nat.lor, Nat.xor, Nat.shiftLeft, Nat.shiftRight, String.ofList, Char.ofNat, List, eagerReduce, Nat, String, String.mk, Char, optParam, autoParam, semiOutParam, outParam] from Solution
2026-09-17T02:41:42.7715209Z uncaught exception: Illegal axiom detected: 'checked._native.native_decide.ax_1_1'
2026-09-17T02:41:43.1331967Z Running lake env true
2026-09-17T02:41:43.1332923Z Log: /home/runner/work/_temp/nla-lean-tools/logs/verify-20260917T024125Z-3974/dependencies.log
2026-09-17T02:41:43.1701954Z info: leancert: cloning https://github.com/alerad/leancert
2026-09-17T02:41:44.7304379Z info: leancert: checking out revision '621a43d7cf21f87872392a01e874f2f1dbddc926'
2026-09-17T02:41:44.7574813Z info: mathlib: cloning https://github.com/leanprover-community/mathlib4.git
2026-09-17T02:42:17.5678029Z info: mathlib: checking out revision '0df444a360eaa60ab8c11dca51a86af692955474'
2026-09-17T02:42:19.3019991Z info: plausible: cloning https://github.com/leanprover-community/plausible
2026-09-17T02:42:20.2695306Z info: plausible: checking out revision 'b7eb3304aeae834b12dda98993a37f6a41f6f0bb'
2026-09-17T02:42:20.2797631Z info: LeanSearchClient: cloning https://github.com/leanprover-community/LeanSearchClient
2026-09-17T02:42:20.9626857Z info: LeanSearchClient: checking out revision '5f4d51b81cbd3f6b32b156bfad9056621a040404'
2026-09-17T02:42:20.9726771Z info: importGraph: cloning https://github.com/leanprover-community/import-graph
2026-09-17T02:42:22.0628722Z info: importGraph: checking out revision '16f02aa7642864af59f1ff0e384a015994db9118'
2026-09-17T02:42:22.0746429Z info: proofwidgets: cloning https://github.com/leanprover-community/ProofWidgets4
2026-09-17T02:42:23.8085976Z info: proofwidgets: checking out revision '4be2e3d5087eeb272cf5a8853b8f9dd025ef5957'
2026-09-17T02:42:24.3329688Z info: aesop: cloning https://github.com/leanprover-community/aesop
2026-09-17T02:42:25.8492051Z info: aesop: checking out revision '3448c0bcc5ce01b2d1546e483ec3620e32df3d0e'
2026-09-17T02:42:25.8628343Z info: Qq: cloning https://github.com/leanprover-community/quote4
2026-09-17T02:42:26.6743036Z info: Qq: checking out revision '92c15be17b7caf78c2ad767ec40f89052d908d81'
2026-09-17T02:42:26.6849757Z info: batteries: cloning https://github.com/leanprover-community/batteries
2026-09-17T02:42:34.9859936Z info: batteries: checking out revision '4488d40d070b9700d4d5a6aa342f0d40c31b2a2d'
2026-09-17T02:42:35.0070662Z info: Cli: cloning https://github.com/leanprover/lean4-cli
2026-09-17T02:42:35.9000698Z info: Cli: checking out revision '6130a47896ce867c6a4a55373441e59e565bad0f'
2026-09-17T02:42:35.9872908Z Running lake exe cache get
2026-09-17T02:42:35.9873687Z Log: /home/runner/work/_temp/nla-lean-tools/logs/verify-20260917T024125Z-3974/mathlib-cache.log
2026-09-17T02:42:36.8884620Z ✔ [1/5] Built Cache.Cli (274ms)
2026-09-17T02:42:36.9886744Z ✔ [2/5] Built Cache.Lean (306ms)
2026-09-17T02:42:37.2924576Z ✔ [6/26] Built Cache.Cli:c.o (160ms)
2026-09-17T02:42:37.2925363Z ✔ [7/26] Built Cache.Lean:c.o (174ms)
2026-09-17T02:42:37.4927869Z ✔ [8/26] Built Cache.Infra (370ms)
2026-09-17T02:42:37.5928370Z ✔ [9/26] Built Cache.Infra:c.o (187ms)
2026-09-17T02:42:37.8991081Z ✔ [10/26] Built Batteries.Tactic.OpenPrivate (811ms)
2026-09-17T02:42:38.9949246Z ✔ [11/26] Built Batteries.Tactic.OpenPrivate:c.o (1.1s)
2026-09-17T02:42:39.0951011Z ✔ [12/26] Built Cache.IO (1.2s)
2026-09-17T02:42:39.6957399Z ✔ [13/26] Built Cache.Hashing (608ms)
2026-09-17T02:42:39.9961120Z ✔ [14/26] Built Cache.Hashing:c.o (375ms)
2026-09-17T02:42:40.5967423Z ✔ [15/26] Built Cache.IO:c.o (1.5s)
2026-09-17T02:42:41.3974982Z ✔ [16/26] Built Cache.Requests (1.7s)
2026-09-17T02:42:41.7990825Z ✔ [17/26] Built Cache.Marker (434ms)
2026-09-17T02:42:41.8981581Z ✔ [18/26] Built Cache.Marker:c.o (103ms)
2026-09-17T02:42:42.4011646Z ✔ [19/26] Built Cache.Query (556ms)
2026-09-17T02:42:42.6997371Z ✔ [20/26] Built Cache.Query:c.o (336ms)
2026-09-17T02:42:43.1003198Z ✔ [21/26] Built Cache.Warning (659ms)
2026-09-17T02:42:43.4007257Z ✔ [22/26] Built Cache.Warning:c.o (307ms)
2026-09-17T02:42:44.0012631Z ✔ [23/26] Built Cache.Main (943ms)
2026-09-17T02:42:44.0013274Z ✔ [24/26] Built Cache.Requests:c.o (2.6s)
2026-09-17T02:42:44.8027552Z ✔ [25/26] Built Cache.Main:c.o (786ms)
2026-09-17T02:42:45.4032533Z ✔ [26/26] Built cache:exe (602ms)
2026-09-17T02:42:47.2133305Z Current branch: HEAD
2026-09-17T02:42:47.2133989Z Using cache from origin: (some leanprover-community/mathlib4)
2026-09-17T02:42:47.2135378Z Attempting to download 8690 file(s) from leanprover-community/mathlib4 cache at https://lakecache.blob.core.windows.net/mathlib4-master
2026-09-17T02:42:48.3422342Z 
2026-09-17T02:42:48.4444722Z Downloaded: 1 file(s) [attempted 1/8690 = 0%, 19 KB/s], Decompressed: 0
2026-09-17T02:42:48.5560537Z Downloaded: 76 file(s) [attempted 76/8690 = 0%, 556 KB/s], Decompressed: 31
2026-09-17T02:42:48.6563545Z Downloaded: 156 file(s) [attempted 156/8690 = 1%, 493 KB/s], Decompressed: 56
2026-09-17T02:42:48.7587661Z Downloaded: 248 file(s) [attempted 248/8690 = 2%, 74 KB/s], Decompressed: 111
2026-09-17T02:42:48.8620695Z Downloaded: 353 file(s) [attempted 353/8690 = 4%, 1868 KB/s], Decompressed: 111
2026-09-17T02:42:48.9610898Z Downloaded: 449 file(s) [attempted 449/8690 = 5%, 1159 KB/s], Decompressed: 111
2026-09-17T02:42:49.0630647Z Downloaded: 555 file(s) [attempted 555/8690 = 6%, 205 KB/s], Decompressed: 111
2026-09-17T02:42:49.2550678Z Downloaded: 655 file(s) [attempted 655/8690 = 7%, 686 KB/s], Decompressed: 236
2026-09-17T02:42:49.3620722Z Downloaded: 724 file(s) [attempted 724/8690 = 8%, 837 KB/s], Decompressed: 236
2026-09-17T02:42:49.4674833Z Downloaded: 823 file(s) [attempted 823/8690 = 9%, 2926 KB/s], Decompressed: 236
2026-09-17T02:42:49.5695529Z Downloaded: 923 file(s) [attempted 923/8690 = 10%, 596 KB/s], Decompressed: 236
2026-09-17T02:42:49.6670623Z Downloaded: 1029 file(s) [attempted 1029/8690 = 11%, 293 KB/s], Decompressed: 236
2026-09-17T02:42:49.8383104Z Downloaded: 1112 file(s) [attempted 1112/8690 = 12%, 208 KB/s], Decompressed: 236
2026-09-17T02:42:49.9386615Z Downloaded: 1200 file(s) [attempted 1200/8690 = 13%, 1335 KB/s], Decompressed: 236
2026-09-17T02:42:50.0430877Z Downloaded: 1298 file(s) [attempted 1298/8690 = 14%, 1899 KB/s], Decompressed: 236
2026-09-17T02:42:50.1440712Z Downloaded: 1408 file(s) [attempted 1408/8690 = 16%, 2476 KB/s], Decompressed: 236
2026-09-17T02:42:50.2481123Z Downloaded: 1511 file(s) [attempted 1511/8690 = 17%, 420 KB/s], Decompressed: 236
2026-09-17T02:42:50.3481731Z Downloaded: 1614 file(s) [attempted 1614/8690 = 18%, 1752 KB/s], Decompressed: 584
2026-09-17T02:42:50.4492105Z Downloaded: 1724 file(s) [attempted 1724/8690 = 19%, 1691 KB/s], Decompressed: 584
2026-09-17T02:42:50.5490713Z Downloaded: 1840 file(s) [attempted 1840/8690 = 21%, 2494 KB/s], Decompressed: 584
2026-09-17T02:42:50.6930581Z Downloaded: 1943 file(s) [attempted 1943/8690 = 22%, 814 KB/s], Decompressed: 584
2026-09-17T02:42:50.8140376Z Downloaded: 1950 file(s) [attempted 1950/8690 = 22%, 463 KB/s], Decompressed: 584
2026-09-17T02:42:50.9065505Z Downloaded: 2046 file(s) [attempted 2046/8690 = 23%, 1324 KB/s], Decompressed: 584
2026-09-17T02:42:51.0125695Z Downloaded: 2151 file(s) [attempted 2151/8690 = 24%, 1974 KB/s], Decompressed: 584
2026-09-17T02:42:51.1474254Z Downloaded: 2254 file(s) [attempted 2254/8690 = 25%, 634 KB/s], Decompressed: 584
2026-09-17T02:42:51.2492598Z Downloaded: 2305 file(s) [attempted 2305/8690 = 26%, 3434 KB/s], Decompressed: 584
2026-09-17T02:42:51.3478922Z Downloaded: 2414 file(s) [attempted 2414/8690 = 27%, 2284 KB/s], Decompressed: 584
2026-09-17T02:42:51.4506176Z Downloaded: 2513 file(s) [attempted 2513/8690 = 28%, 727 KB/s], Decompressed: 584
2026-09-17T02:42:51.8649588Z Downloaded: 2616 file(s) [attempted 2616/8690 = 30%, 257 KB/s], Decompressed: 584
2026-09-17T02:42:51.9731810Z Downloaded: 2668 file(s) [attempted 2668/8690 = 30%, 5089 KB/s], Decompressed: 584
2026-09-17T02:42:52.0791115Z Downloaded: 2767 file(s) [attempted 2767/8690 = 31%, 430 KB/s], Decompressed: 584
2026-09-17T02:42:52.1796071Z Downloaded: 2867 file(s) [attempted 2867/8690 = 32%, 478 KB/s], Decompressed: 584
2026-09-17T02:42:52.3741115Z Downloaded: 2970 file(s) [attempted 2970/8690 = 34%, 832 KB/s], Decompressed: 584
2026-09-17T02:42:52.4757085Z Downloaded: 3043 file(s) [attempted 3043/8690 = 35%, 493 KB/s], Decompressed: 584
2026-09-17T02:42:52.5808378Z Downloaded: 3142 file(s) [attempted 3142/8690 = 36%, 196 KB/s], Decompressed: 584
2026-09-17T02:42:52.6851597Z Downloaded: 3245 file(s) [attempted 3245/8690 = 37%, 186 KB/s], Decompressed: 584
2026-09-17T02:42:52.7859431Z Downloaded: 3348 file(s) [attempted 3348/8690 = 38%, 756 KB/s], Decompressed: 584
2026-09-17T02:42:52.8903765Z Downloaded: 3457 file(s) [attempted 3457/8690 = 39%, 763 KB/s], Decompressed: 584
2026-09-17T02:42:52.9980938Z Downloaded: 3565 file(s) [attempted 3565/8690 = 41%, 696 KB/s], Decompressed: 584
2026-09-17T02:42:53.1030956Z Downloaded: 3620 file(s) [attempted 3620/8690 = 41%, 75 KB/s], Decompressed: 584
2026-09-17T02:42:53.2561612Z Downloaded: 3723 file(s) [attempted 3723/8690 = 42%, 4816 KB/s], Decompressed: 584
2026-09-17T02:42:53.3571207Z Downloaded: 3826 file(s) [attempted 3826/8690 = 44%, 824 KB/s], Decompressed: 584
2026-09-17T02:42:53.4630749Z Downloaded: 3933 file(s) [attempted 3933/8690 = 45%, 72 KB/s], Decompressed: 1550
2026-09-17T02:42:53.5634143Z Downloaded: 4041 file(s) [attempted 4041/8690 = 46%, 122 KB/s], Decompressed: 1550
2026-09-17T02:42:53.6640518Z Downloaded: 4143 file(s) [attempted 4143/8690 = 47%, 761 KB/s], Decompressed: 1550
2026-09-17T02:42:53.7640867Z Downloaded: 4251 file(s) [attempted 4251/8690 = 48%, 172 KB/s], Decompressed: 1550
2026-09-17T02:42:53.8662184Z Downloaded: 4354 file(s) [attempted 4354/8690 = 50%, 756 KB/s], Decompressed: 1550
2026-09-17T02:42:53.9652674Z Downloaded: 4461 file(s) [attempted 4461/8690 = 51%, 1338 KB/s], Decompressed: 1550
2026-09-17T02:42:54.0699528Z Downloaded: 4575 file(s) [attempted 4575/8690 = 52%, 107 KB/s], Decompressed: 1550
2026-09-17T02:42:54.1702841Z Downloaded: 4667 file(s) [attempted 4667/8690 = 53%, 311 KB/s], Decompressed: 1550
2026-09-17T02:42:54.3512030Z Downloaded: 4781 file(s) [attempted 4781/8690 = 55%, 107 KB/s], Decompressed: 1550
2026-09-17T02:42:54.4590688Z Downloaded: 4877 file(s) [attempted 4877/8690 = 56%, 3271 KB/s], Decompressed: 1550
2026-09-17T02:42:54.5600866Z Downloaded: 4980 file(s) [attempted 4980/8690 = 57%, 289 KB/s], Decompressed: 1550
2026-09-17T02:42:54.6871295Z Downloaded: 5081 file(s) [attempted 5081/8690 = 58%, 4170 KB/s], Decompressed: 1550
2026-09-17T02:42:54.7865130Z Downloaded: 5186 file(s) [attempted 5186/8690 = 59%, 730 KB/s], Decompressed: 1550
2026-09-17T02:42:54.8866613Z Downloaded: 5295 file(s) [attempted 5295/8690 = 60%, 2511 KB/s], Decompressed: 1550
2026-09-17T02:42:54.9911217Z Downloaded: 5397 file(s) [attempted 5397/8690 = 62%, 230 KB/s], Decompressed: 1550
2026-09-17T02:42:55.0865351Z Downloaded: 5504 file(s) [attempted 5504/8690 = 63%, 180 KB/s], Decompressed: 1550
2026-09-17T02:42:55.1950614Z Downloaded: 5521 file(s) [attempted 5521/8690 = 63%, 1228 KB/s], Decompressed: 1550
2026-09-17T02:42:55.2928184Z Downloaded: 5621 file(s) [attempted 5621/8690 = 64%, 384 KB/s], Decompressed: 1550
2026-09-17T02:42:55.3940986Z Downloaded: 5725 file(s) [attempted 5725/8690 = 65%, 226 KB/s], Decompressed: 1550
2026-09-17T02:42:55.5092757Z Downloaded: 5838 file(s) [attempted 5838/8690 = 67%, 958 KB/s], Decompressed: 1550
2026-09-17T02:42:55.6423465Z Downloaded: 5943 file(s) [attempted 5943/8690 = 68%, 176 KB/s], Decompressed: 1550
2026-09-17T02:42:55.7431902Z Downloaded: 6005 file(s) [attempted 6005/8690 = 69%, 214 KB/s], Decompressed: 1550
2026-09-17T02:42:55.8620825Z Downloaded: 6115 file(s) [attempted 6115/8690 = 70%, 1852 KB/s], Decompressed: 1550
2026-09-17T02:42:55.9645221Z Downloaded: 6215 file(s) [attempted 6215/8690 = 71%, 195 KB/s], Decompressed: 1550
2026-09-17T02:42:56.0661041Z Downloaded: 6295 file(s) [attempted 6295/8690 = 72%, 141 KB/s], Decompressed: 1550
2026-09-17T02:42:56.1674782Z Downloaded: 6394 file(s) [attempted 6394/8690 = 73%, 1706 KB/s], Decompressed: 1550
2026-09-17T02:42:56.2710567Z Downloaded: 6492 file(s) [attempted 6492/8690 = 74%, 474 KB/s], Decompressed: 1550
2026-09-17T02:42:56.3710609Z Downloaded: 6593 file(s) [attempted 6593/8690 = 75%, 3630 KB/s], Decompressed: 1550
2026-09-17T02:42:56.4717519Z Downloaded: 6700 file(s) [attempted 6700/8690 = 77%, 672 KB/s], Decompressed: 1550
2026-09-17T02:42:56.5720775Z Downloaded: 6809 file(s) [attempted 6809/8690 = 78%, 812 KB/s], Decompressed: 1550
2026-09-17T02:42:56.6760388Z Downloaded: 6915 file(s) [attempted 6915/8690 = 79%, 669 KB/s], Decompressed: 1550
2026-09-17T02:42:56.7753333Z Downloaded: 7020 file(s) [attempted 7020/8690 = 80%, 2719 KB/s], Decompressed: 1550
2026-09-17T02:42:56.8871536Z Downloaded: 7126 file(s) [attempted 7126/8690 = 82%, 563 KB/s], Decompressed: 1550
2026-09-17T02:42:56.9875210Z Downloaded: 7233 file(s) [attempted 7233/8690 = 83%, 242 KB/s], Decompressed: 1550
2026-09-17T02:42:57.0889975Z Downloaded: 7336 file(s) [attempted 7336/8690 = 84%, 381 KB/s], Decompressed: 1550
2026-09-17T02:42:57.1940163Z Downloaded: 7441 file(s) [attempted 7441/8690 = 85%, 356 KB/s], Decompressed: 1550
2026-09-17T02:42:57.2990495Z Downloaded: 7551 file(s) [attempted 7551/8690 = 86%, 888 KB/s], Decompressed: 1550
2026-09-17T02:42:57.3963053Z Downloaded: 7658 file(s) [attempted 7658/8690 = 88%, 1185 KB/s], Decompressed: 1550
2026-09-17T02:42:57.6550566Z Downloaded: 7775 file(s) [attempted 7775/8690 = 89%, 635 KB/s], Decompressed: 1550
2026-09-17T02:42:57.7560955Z Downloaded: 7786 file(s) [attempted 7786/8690 = 89%, 3147 KB/s], Decompressed: 1550
2026-09-17T02:42:57.8606024Z Downloaded: 7889 file(s) [attempted 7889/8690 = 90%, 669 KB/s], Decompressed: 1550
2026-09-17T02:42:57.9633053Z Downloaded: 7990 file(s) [attempted 7990/8690 = 91%, 309 KB/s], Decompressed: 1550
2026-09-17T02:42:58.0662556Z Downloaded: 8093 file(s) [attempted 8093/8690 = 93%, 1661 KB/s], Decompressed: 1550
2026-09-17T02:42:58.1708407Z Downloaded: 8196 file(s) [attempted 8196/8690 = 94%, 2840 KB/s], Decompressed: 1550
2026-09-17T02:42:58.2732101Z Downloaded: 8299 file(s) [attempted 8299/8690 = 95%, 732 KB/s], Decompressed: 1550
2026-09-17T02:42:58.3773215Z Downloaded: 8399 file(s) [attempted 8399/8690 = 96%, 157 KB/s], Decompressed: 1550
2026-09-17T02:42:58.4867380Z Downloaded: 8511 file(s) [attempted 8511/8690 = 97%, 201 KB/s], Decompressed: 1550
2026-09-17T02:42:58.6140612Z Downloaded: 8621 file(s) [attempted 8621/8690 = 99%, 1563 KB/s], Decompressed: 1550
2026-09-17T02:42:58.6180175Z Downloaded: 8690 file(s) [attempted 8690/8690 = 100%, 568 KB/s], Decompressed: 1550
2026-09-17T02:42:58.6219974Z Downloaded: 8690 file(s) [attempted 8690/8690 = 100%, 568 KB/s], Decompressed: 1550
2026-09-17T02:43:27.5365747Z Decompressed 8690 file(s)
2026-09-17T02:43:27.5366196Z Already decompressed 8690 file(s)
2026-09-17T02:43:27.5898678Z Running systemd-run --user --quiet --wait --pipe --collect -p 'RestrictAddressFamilies=~AF_UNIX' --working-directory /home/runner/work/_temp/nla-lean-tools/.verification-tmp/nla-fresh-proof-fqlv91hh/project /usr/bin/env -i PATH=/home/runner/.elan/toolchains/leanprover--lean4---v4.33.1/bin:/home/runner/.elan/bin:/home/runner/go/bin:/opt/hostedtoolcache/go/1.27.1/x64/bin:/snap/bin:/home/runner/.local/bin:/opt/pipx_bin:/home/runner/.cargo/bin:/home/runner/.config/composer/vendor/bin:/usr/local/.ghcup/bin:/home/runner/.dotnet/tools:/usr/local/sbin:/usr/local/bin:/usr/sbin:/usr/bin:/sbin:/bin:/usr/games:/usr/local/games:/snap/bin HOME=/home/runner LANG=C.UTF-8 XDG_RUNTIME_DIR=/run/user/1001 DBUS_SESSION_BUS_ADDRESS=unix:path=/run/user/1001/bus GIT_TERMINAL_PROMPT=0 GIT_CONFIG_NOSYSTEM=1 GIT_CONFIG_GLOBAL=/dev/null COMPARATOR_BIN=/home/runner/work/_temp/nla-lean-tools/.tools/comparator/.lake/build/bin/comparator COMPARATOR_LEAN4EXPORT=/home/runner/work/_temp/nla-lean-tools/.tools/lean4export/.lake/build/bin/lean4export COMPARATOR_LANDRUN=/home/runner/work/_temp/nla-lean-tools/scripts/strict_landrun.py XDG_CACHE_HOME=/home/runner/work/_temp/nla-lean-tools/.tools/cache TMPDIR=/home/runner/work/_temp/nla-lean-tools/.verification-tmp lake env /home/runner/work/_temp/nla-lean-tools/.tools/comparator/.lake/build/bin/comparator comparator.json
2026-09-17T02:43:27.5903002Z Log: /home/runner/work/_temp/nla-lean-tools/logs/verify-20260917T024125Z-3974/comparator.log
2026-09-17T02:43:28.3823865Z Building Challenge
2026-09-17T02:43:32.3760820Z ✔ [2644/2646] Built NLA.SF01.Definitions (2.1s)
2026-09-17T02:43:34.0779402Z ⚠ [2645/2646] Built Challenge (1.7s)
2026-09-17T02:43:34.0780022Z warning: Challenge.lean:22:8: declaration uses `sorry`
2026-09-17T02:43:34.0780516Z warning: Challenge.lean:29:8: declaration uses `sorry`
2026-09-17T02:43:34.0781021Z warning: Challenge.lean:34:8: declaration uses `sorry`
2026-09-17T02:43:34.0781507Z warning: Challenge.lean:39:8: declaration uses `sorry`
2026-09-17T02:43:34.0782186Z warning: Challenge.lean:45:8: declaration uses `sorry`
2026-09-17T02:43:34.0782719Z warning: Challenge.lean:50:8: declaration uses `sorry`
2026-09-17T02:43:34.0783158Z warning: Challenge.lean:56:8: declaration uses `sorry`
2026-09-17T02:43:34.0783865Z warning: Challenge.lean:61:8: declaration uses `sorry`
2026-09-17T02:43:34.0784426Z warning: Challenge.lean:67:8: declaration uses `sorry`
2026-09-17T02:43:34.0784906Z warning: Challenge.lean:73:8: declaration uses `sorry`
2026-09-17T02:43:34.0785316Z warning: Challenge.lean:81:8: declaration uses `sorry`
2026-09-17T02:43:34.0785801Z warning: Challenge.lean:84:8: declaration uses `sorry`
2026-09-17T02:43:34.0786379Z warning: Challenge.lean:95:8: declaration uses `sorry`
2026-09-17T02:43:34.0787110Z warning: Challenge.lean:100:8: declaration uses `sorry`
2026-09-17T02:43:34.0787570Z warning: Challenge.lean:104:8: declaration uses `sorry`
2026-09-17T02:43:34.0788007Z warning: Challenge.lean:109:8: declaration uses `sorry`
2026-09-17T02:43:34.0788818Z warning: Challenge.lean:115:8: declaration uses `sorry`
2026-09-17T02:43:34.0791617Z warning: Challenge.lean:121:8: declaration uses `sorry`
2026-09-17T02:43:34.0792074Z warning: Challenge.lean:126:8: declaration uses `sorry`
2026-09-17T02:43:34.0792506Z warning: Challenge.lean:135:8: declaration uses `sorry`
2026-09-17T02:43:34.0792931Z warning: Challenge.lean:141:8: declaration uses `sorry`
2026-09-17T02:43:34.0793356Z warning: Challenge.lean:144:8: declaration uses `sorry`
2026-09-17T02:43:34.0793792Z warning: Challenge.lean:149:8: declaration uses `sorry`
2026-09-17T02:43:34.0794208Z warning: Challenge.lean:155:8: declaration uses `sorry`
2026-09-17T02:43:34.0851150Z Build completed successfully (2646 jobs).
2026-09-17T02:43:38.5986177Z Exporting #[Quot, Quot.mk, Quot.lift, Quot.ind, NLA.SF01.complex_spectral_radius_semantics, NLA.SF01.spectral_radius_strict_bound, NLA.SF01.spectral_homotopy_isUnit, NLA.SF01.spectralM_positive_weight, NLA.SF01.weighted_Z_spectralM, NLA.SF01.H_positive_weight, NLA.SF01.shift_comparison, NLA.SF01.H_shift_structure, NLA.SF01.comparison_abs_mulVec, NLA.SF01.resolvent_domination, NLA.SF01.half_positive_certificate, NLA.SF01.ridge_comparison_preserver, NLA.SF01.ridge_commutes, NLA.SF01.pole_positive_definite, NLA.SF01.pole_diagonalization_exists, NLA.SF01.pole_residue_normalization, NLA.SF01.reciprocal_weights_nonnegative, NLA.SF01.reciprocal_blocks_isUnit, NLA.SF01.matrix_reciprocal_identity, NLA.SF01.newton_data_step, NLA.SF01.initial_data_valid, NLA.SF01.newton_first, NLA.SF01.iterate_ridge_representation, NLA.SF01.canonical_newton_preservation, propext, Classical.choice, Quot.sound, Nat.add, Nat.sub, Nat.mul, Nat.pow, Nat.gcd, Nat.div, Nat.mod, Nat.beq, Nat.ble, Nat.land, Nat.lor, Nat.xor, Nat.shiftLeft, Nat.shiftRight, String.ofList, Char.ofNat, List, eagerReduce, Nat, String, String.mk, Char, optParam, autoParam, semiOutParam, outParam] from Challenge
2026-09-17T02:43:38.5993123Z Building Solution
2026-09-17T02:43:43.1615792Z ✔ [3441/3453] Built NLA.SF01.Complexification (3.1s)
2026-09-17T02:43:43.5658880Z ⚠ [3443/3457] Built NLA.SF01.PoleEnergy (3.5s)
2026-09-17T02:43:43.5660820Z warning: NLA/SF01/PoleEnergy.lean:25:22: This simp argument is unused:
2026-09-17T02:43:43.5661683Z   Matrix.diagonal_apply
2026-09-17T02:43:43.5662074Z 
2026-09-17T02:43:43.5662391Z Hint: Omit it from the simp argument list.
2026-09-17T02:43:43.5663036Z   [apply] simp [poleMatrix, hij, Ne.symm hij, mul_comm]
2026-09-17T02:43:43.5663504Z 
2026-09-17T02:43:43.5663967Z Note: This linter can be disabled with `set_option linter.unusedSimpArgs false`
2026-09-17T02:43:43.9656213Z ⚠ [3444/3457] Built NLA.SF01.BlockLiftAlgebra (3.9s)
2026-09-17T02:43:43.9658846Z warning: NLA/SF01/BlockLiftAlgebra.lean:97:38: This simp argument is unused:
2026-09-17T02:43:43.9659794Z   Ne.symm hij
2026-09-17T02:43:43.9660094Z 
2026-09-17T02:43:43.9660432Z Hint: Omit it from the simp argument list.
2026-09-17T02:43:43.9661431Z   [apply] simp [scalarLift, Matrix.mul_apply, Matrix.one_apply, Matrix.kronecker, Matrix.kroneckerMap_apply, hij,
2026-09-17T02:43:43.9662334Z     mul_ite, ite_mul]
2026-09-17T02:43:43.9662632Z 
2026-09-17T02:43:43.9663093Z Note: This linter can be disabled with `set_option linter.unusedSimpArgs false`
2026-09-17T02:43:43.9663936Z warning: NLA/SF01/BlockLiftAlgebra.lean:108:51: This simp argument is unused:
2026-09-17T02:43:43.9664578Z   mul_assoc
2026-09-17T02:43:43.9664849Z 
2026-09-17T02:43:43.9665127Z Hint: Omit it from the simp argument list.
2026-09-17T02:43:43.9666096Z   [apply] simp [matrixLift, scalarLift, Matrix.mul_apply, Matrix.kronecker, Matrix.kroneckerMap_apply, Matrix.one_apply,
2026-09-17T02:43:43.9667155Z     Fintype.sum_prod_type, Matrix.mulVec, dotProduct, mul_ite, ite_mul]
2026-09-17T02:43:43.9667658Z 
2026-09-17T02:43:43.9668073Z Note: This linter can be disabled with `set_option linter.unusedSimpArgs false`
2026-09-17T02:43:43.9668909Z warning: NLA/SF01/BlockLiftAlgebra.lean:111:11: This simp argument is unused:
2026-09-17T02:43:43.9669962Z   Ne.symm hij
2026-09-17T02:43:43.9670228Z 
2026-09-17T02:43:43.9670508Z Hint: Omit it from the simp argument list.
2026-09-17T02:43:43.9671476Z   [apply] simp [matrixLift, scalarLift, Matrix.mul_apply, Matrix.kronecker, Matrix.kroneckerMap_apply, Matrix.one_apply,
2026-09-17T02:43:43.9672552Z     Fintype.sum_prod_type, hij, mul_ite, ite_mul]
2026-09-17T02:43:43.9672961Z 
2026-09-17T02:43:43.9673387Z Note: This linter can be disabled with `set_option linter.unusedSimpArgs false`
2026-09-17T02:43:43.9674211Z warning: NLA/SF01/BlockLiftAlgebra.lean:129:35: This simp argument is unused:
2026-09-17T02:43:43.9674866Z   ite_mul
2026-09-17T02:43:43.9675125Z 
2026-09-17T02:43:43.9675409Z Hint: Omit it from the simp argument list.
2026-09-17T02:43:43.9676148Z   [apply] simp [Matrix.one_apply, mul_ite, pow_two, mul_assoc, mul_left_comm, mul_comm]
2026-09-17T02:43:43.9676690Z 
2026-09-17T02:43:43.9677115Z Note: This linter can be disabled with `set_option linter.unusedSimpArgs false`
2026-09-17T02:43:43.9677941Z warning: NLA/SF01/BlockLiftAlgebra.lean:129:53: This simp argument is unused:
2026-09-17T02:43:43.9678585Z   mul_assoc
2026-09-17T02:43:43.9678858Z 
2026-09-17T02:43:43.9679255Z Hint: Omit it from the simp argument list.
2026-09-17T02:43:43.9680008Z   [apply] simp [Matrix.one_apply, mul_ite, ite_mul, pow_two, mul_left_comm, mul_comm]
2026-09-17T02:43:43.9680547Z 
2026-09-17T02:43:43.9680966Z Note: This linter can be disabled with `set_option linter.unusedSimpArgs false`
2026-09-17T02:43:44.0658661Z ✔ [3445/3625] Built NLA.SF01.PositivePath (3.4s)
2026-09-17T02:43:45.6708656Z ✔ [6581/6698] Built NLA.SF01.PoleDiagonalization (2.1s)
2026-09-17T02:43:45.6710442Z ⚠ [6582/6698] Built NLA.SF01.Spectrum (2.5s)
2026-09-17T02:43:45.6711081Z warning: NLA/SF01/Spectrum.lean:24:2: Try this: 
2026-09-17T02:43:45.7307663Z   letI̵
2026-09-17T02:43:45.7308085Z 
2026-09-17T02:43:45.7308489Z The goal is a proposition, so `let` is preferred over `letI`.
2026-09-17T02:43:45.7309481Z The difference between `let` and `letI` is that `letI` inlines the value.
2026-09-17T02:43:45.7310287Z But this is not relevant for proofs because of proof irrelevance.
2026-09-17T02:43:45.7310709Z 
2026-09-17T02:43:45.7311390Z Note: This linter can be disabled with `set_option linter.style.haveILetI false`
2026-09-17T02:43:48.4822564Z ✔ [8494/8520] Built NLA.SF01.SpectralHomotopy (2.8s)
2026-09-17T02:43:48.6821344Z ⚠ [8526/8650] Built NLA.SF01.PoleResidues (2.0s)
2026-09-17T02:43:48.6824455Z warning: NLA/SF01/PoleResidues.lean:23:22: This simp argument is unused:
2026-09-17T02:43:48.6825101Z   Matrix.diagonal_apply
2026-09-17T02:43:48.6825472Z 
2026-09-17T02:43:48.6825806Z Hint: Omit it from the simp argument list.
2026-09-17T02:43:48.6826436Z   [apply] simp [poleMatrix, hi, poleOffsets, poleVector, mul_assoc]
2026-09-17T02:43:48.6826940Z 
2026-09-17T02:43:48.6827411Z Note: This linter can be disabled with `set_option linter.unusedSimpArgs false`
2026-09-17T02:43:48.6828188Z warning: NLA/SF01/PoleResidues.lean:23:49: This simp argument is unused:
2026-09-17T02:43:48.6828833Z   poleOffsets
2026-09-17T02:43:48.6829404Z 
2026-09-17T02:43:48.6829942Z Hint: Omit it from the simp argument list.
2026-09-17T02:43:48.6830775Z   [apply] simp [poleMatrix, Matrix.diagonal_apply, hi, poleVector, mul_assoc]
2026-09-17T02:43:48.6831308Z 
2026-09-17T02:43:48.6831597Z Note: This linter can be disabled with `set_option linter.unusedSimpArgs false`
2026-09-17T02:43:48.6832236Z warning: NLA/SF01/PoleResidues.lean:34:26: this tactic is never executed
2026-09-17T02:43:48.6832587Z 
2026-09-17T02:43:48.6832890Z Note: This linter can be disabled with `set_option linter.unreachableTactic false`
2026-09-17T02:43:48.6833591Z warning: NLA/SF01/PoleResidues.lean:34:26: Unused tactic linter: `ring` does nothing
2026-09-17T02:43:48.6833985Z 
2026-09-17T02:43:48.6834262Z Note: This linter can be disabled with `set_option linter.unusedTactic false`
2026-09-17T02:43:48.6834855Z warning: NLA/SF01/PoleResidues.lean:41:22: this tactic is never executed
2026-09-17T02:43:48.6835250Z 
2026-09-17T02:43:48.6835984Z Note: This linter can be disabled with `set_option linter.unreachableTactic false`
2026-09-17T02:43:48.6836653Z warning: NLA/SF01/PoleResidues.lean:41:22: Unused tactic linter: `ring` does nothing
2026-09-17T02:43:48.6837008Z 
2026-09-17T02:43:48.6837242Z Note: This linter can be disabled with `set_option linter.unusedTactic false`
2026-09-17T02:43:48.6837813Z warning: NLA/SF01/PoleResidues.lean:99:53: this tactic is never executed
2026-09-17T02:43:48.6838144Z 
2026-09-17T02:43:48.6838400Z Note: This linter can be disabled with `set_option linter.unreachableTactic false`
2026-09-17T02:43:48.6838981Z warning: NLA/SF01/PoleResidues.lean:102:34: this tactic is never executed
2026-09-17T02:43:48.6839485Z 
2026-09-17T02:43:48.6839805Z Note: This linter can be disabled with `set_option linter.unreachableTactic false`
2026-09-17T02:43:48.6840523Z warning: NLA/SF01/PoleResidues.lean:99:53: Unused tactic linter: `ring` does nothing
2026-09-17T02:43:48.6840872Z 
2026-09-17T02:43:48.6841112Z Note: This linter can be disabled with `set_option linter.unusedTactic false`
2026-09-17T02:43:48.6841701Z warning: NLA/SF01/PoleResidues.lean:102:34: Unused tactic linter: `ring` does nothing
2026-09-17T02:43:48.9818794Z 
2026-09-17T02:43:48.9820137Z Note: This linter can be disabled with `set_option linter.unusedTactic false`
2026-09-17T02:43:48.9821250Z ✔ [8714/8737] Built NLA.SF01.WeightedSpectrum (3.3s)
2026-09-17T02:43:51.5874765Z ✔ [8716/8742] Built LeanCert.Core.Interval (2.8s)
2026-09-17T02:43:51.6891005Z ✔ [8717/8743] Built NLA.SF01.UnitWeightContinuity (3.2s)
2026-09-17T02:43:52.3914450Z ⚠ [8718/8743] Built NLA.SF01.SpectralMConverse (3.5s)
2026-09-17T02:43:52.3915802Z warning: NLA/SF01/SpectralMConverse.lean:33:46: This simp argument is unused:
2026-09-17T02:43:52.3916427Z   Matrix.one_apply
2026-09-17T02:43:52.3916685Z 
2026-09-17T02:43:52.3916936Z Hint: Omit it from the simp argument list.
2026-09-17T02:43:52.3917400Z   [apply] simp [B, hij]
2026-09-17T02:43:52.3917676Z 
2026-09-17T02:43:52.3918106Z Note: This linter can be disabled with `set_option linter.unusedSimpArgs false`
2026-09-17T02:43:55.2093327Z ✔ [8719/8743] Built LeanCert.Core.Expr (5.9s)
2026-09-17T02:43:55.9106776Z ⚠ [8720/8743] Built NLA.SF01.SpectralMWeight (3.5s)
2026-09-17T02:43:55.9108225Z warning: NLA/SF01/SpectralMWeight.lean:46:12: This simp argument is unused:
2026-09-17T02:43:55.9108954Z   Matrix.one_apply
2026-09-17T02:43:55.9109386Z 
2026-09-17T02:43:55.9109677Z Hint: Omit it from the simp argument list.
2026-09-17T02:43:55.9110187Z   [apply] simp [hij]
2026-09-17T02:43:55.9110451Z 
2026-09-17T02:43:55.9110847Z Note: This linter can be disabled with `set_option linter.unusedSimpArgs false`
2026-09-17T02:43:58.2204069Z ✔ [8721/8744] Built NLA.IV03.Definitions (6.7s)
2026-09-17T02:43:58.5212296Z ✔ [8722/8744] Built LeanCert.Core.IntervalRat.Basic (6.9s)
2026-09-17T02:43:59.5217917Z ✔ [8723/8745] Built NLA.SF01.HWeight (3.6s)
2026-09-17T02:43:59.8292519Z ✔ [8724/8745] Built LeanCert.Meta.Numeral (4.6s)
2026-09-17T02:44:01.6366801Z ✔ [8725/8745] Built LeanCert.Core.Support (3.1s)
2026-09-17T02:44:02.8410731Z ✔ [8726/8745] Built LeanCert.Tactic.IntervalAuto.Types (3.3s)
2026-09-17T02:44:02.9404594Z ⚠ [8727/8746] Built NLA.SF01.ShiftStructure (3.1s)
2026-09-17T02:44:02.9406278Z warning: NLA/SF01/ShiftStructure.lean:34:17: This simp argument is unused:
2026-09-17T02:44:02.9406926Z   Matrix.one_apply
2026-09-17T02:44:02.9407284Z 
2026-09-17T02:44:02.9407640Z Hint: Omit it from the simp argument list.
2026-09-17T02:44:02.9408071Z   [apply] simp [shifted]
2026-09-17T02:44:02.9408281Z 
2026-09-17T02:44:02.9408604Z Note: This linter can be disabled with `set_option linter.unusedSimpArgs false`
2026-09-17T02:44:02.9409424Z warning: NLA/SF01/ShiftStructure.lean:38:17: This simp argument is unused:
2026-09-17T02:44:02.9409947Z   Matrix.one_apply
2026-09-17T02:44:02.9410131Z 
2026-09-17T02:44:02.9410305Z Hint: Omit it from the simp argument list.
2026-09-17T02:44:02.9410728Z   [apply] simp [shifted, hij]
2026-09-17T02:44:02.9410954Z 
2026-09-17T02:44:02.9411624Z Note: This linter can be disabled with `set_option linter.unusedSimpArgs false`
2026-09-17T02:44:05.4518605Z ✔ [8728/8746] Built NLA.IV03.Proof (7.2s)
2026-09-17T02:44:06.0527959Z ✔ [8729/8746] Built LeanCert.Tactic.IntervalAuto.Extract (3.2s)
2026-09-17T02:44:07.3588689Z ✔ [8730/8746] Built LeanCert.Core.IntervalRat.Transcendental (5.7s)
2026-09-17T02:44:08.3593272Z ✔ [8731/8746] Built LeanCert.Meta.ToExpr (5.5s)
2026-09-17T02:44:09.1622896Z ✔ [8732/8750] Built NLA.SF01.AbsoluteComparison (3.1s)
2026-09-17T02:44:09.7634295Z ✔ [8733/8751] Built LeanCert.Tactic.IntervalAuto.Norm (4.3s)
2026-09-17T02:44:11.6680644Z ✔ [8734/8754] Built LeanCert.Core.IntervalRat.LogReduction (4.3s)
2026-09-17T02:44:13.0680661Z ✔ [8735/8756] Built LeanCert.Core.DerivativeIntervals (3.3s)
2026-09-17T02:44:14.1688263Z ✔ [8736/8758] Built NLA.SF01.WeightedZReuse (5.7s)
2026-09-17T02:44:14.7690368Z ✔ [8737/8758] Built LeanCert.Tactic.IntervalAuto.Parse (5.6s)
2026-09-17T02:44:14.9689921Z ✔ [8738/8759] Built LeanCert.Core.TrigReduction (3.4s)
2026-09-17T02:44:17.3754505Z ✔ [8739/8765] Built LeanCert.Engine.Eval.Result (3.2s)
2026-09-17T02:44:19.0895486Z ✔ [8740/8773] Built LeanCert.Tactic.IntervalAuto.Diagnostic (4.1s)
2026-09-17T02:44:20.9113901Z ✔ [8741/8773] Built LeanCert.Core.Taylor (7.8s)
2026-09-17T02:44:22.0189827Z ✔ [8742/8777] Built NLA.SF01.ResolventDomination (7.3s)
2026-09-17T02:44:22.9184986Z ✔ [8743/8777] Built LeanCert.Contrib.Sinc (5.6s)
2026-09-17T02:44:23.5205195Z ✔ [8744/8777] Built LeanCert.Core.Dyadic (4.4s)
2026-09-17T02:44:25.3313247Z ✔ [8745/8778] Built LeanCert.Tactic.Verification (4.5s)
2026-09-17T02:44:26.0345931Z ✔ [8746/8778] Built LeanCert.Tactic.LeanCert.Bridge.Environment (2.6s)
2026-09-17T02:44:26.4375680Z ✔ [8747/8829] Built LeanCert.Tactic.NumericalRefinement (1.1s)
2026-09-17T02:44:30.4481841Z ✔ [8748/8830] Built LeanCert.Tactic.VecUtil (3.0s)
2026-09-17T02:44:30.7501139Z ✔ [8749/8831] Built NLA.SF01.RidgeAlgebra (7.9s)
2026-09-17T02:44:31.0500754Z ✔ [8750/8831] Built LeanCert.Tactic.LeanCert.Normalize (4.0s)
2026-09-17T02:44:33.7593565Z ✔ [8751/8835] Built LeanCert.Tactic.FinSumExpand (3.3s)
2026-09-17T02:44:35.2615187Z ✔ [8752/8837] Built LeanCert.Tactic.FinsetParse (4.2s)
2026-09-17T02:44:35.3644622Z ✔ [8753/8839] Built LeanCert.Tactic.BridgeNative (1.7s)
2026-09-17T02:44:36.9723733Z ✔ [8754/8843] Built LeanCert.Tactic.LeanCert.Semantic.Domain (1.5s)
2026-09-17T02:44:37.7734195Z ✔ [8755/8845] Built NLA.SF01.WeightedRidge (6.0s)
2026-09-17T02:44:38.3740371Z ✔ [8756/8846] Built LeanCert.Validity.Eventual (3.1s)
2026-09-17T02:44:38.8747131Z ✔ [8757/8846] Built LeanCert.Tactic.LeanCert.Semantic.Goal (1.9s)
2026-09-17T02:44:40.4786478Z ✔ [8758/8846] Built LeanCert.Tactic.VecSimp (1.6s)
2026-09-17T02:44:41.3793812Z ✔ [8759/8850] Built LeanCert.Core.IntervalRat.Taylor (19s)
2026-09-17T02:44:41.6827719Z ✔ [8760/8850] Built LeanCert.Tactic.LeanCert.Semantic.Parse.Comparison (1.3s)
2026-09-17T02:44:43.1951509Z ✔ [8761/8850] Built LeanCert.Tactic.EventualBound (4.8s)
2026-09-17T02:44:43.3949885Z ✔ [8762/8851] Built NLA.SF01.RidgeComparison (5.6s)
2026-09-17T02:44:44.0944700Z ✔ [8763/8851] Built LeanCert.Core.IntervalReal (2.4s)
2026-09-17T02:44:44.3993542Z ✔ [8764/8851] Built LeanCert.Core.IntervalRat.TrigReduced (2.0s)
2026-09-17T02:44:45.9008210Z ✔ [8765/8854] Built LeanCert.Tactic.Extension.Protocol (2.7s)
2026-09-17T02:44:46.5011776Z ✔ [8766/8854] Built LeanCert.Tactic.LeanCert.Semantic.Parse.Bound (3.0s)
2026-09-17T02:44:47.3027443Z ✔ [8767/8854] Built LeanCert.Tactic.LeanCert.Diagnostic.Evidence (2.9s)
2026-09-17T02:44:50.0148743Z ⚠ [8768/8854] Built NLA.SF01.ReciprocalBlocks (5.9s)
2026-09-17T02:44:50.0156795Z warning: NLA/SF01/ReciprocalBlocks.lean:24:34: This simp argument is unused:
2026-09-17T02:44:50.0157380Z   Matrix.kronecker_apply
2026-09-17T02:44:50.0157577Z 
2026-09-17T02:44:50.0157736Z Hint: Omit it from the simp argument list.
2026-09-17T02:44:50.0158256Z   [apply] simp [baseBlock, blockFamily, Matrix.diagonal_apply, shifted]
2026-09-17T02:44:50.0158602Z 
2026-09-17T02:44:50.0159411Z Note: This linter can be disabled with `set_option linter.unusedSimpArgs false`
2026-09-17T02:44:50.0160116Z warning: NLA/SF01/ReciprocalBlocks.lean:24:58: This simp argument is unused:
2026-09-17T02:44:50.0160690Z   Matrix.diagonal_apply
2026-09-17T02:44:50.0160887Z 
2026-09-17T02:44:50.0161040Z Hint: Omit it from the simp argument list.
2026-09-17T02:44:50.0161578Z   [apply] simp [baseBlock, blockFamily, Matrix.kronecker_apply, shifted]
2026-09-17T02:44:50.0161941Z 
2026-09-17T02:44:50.0162251Z Note: This linter can be disabled with `set_option linter.unusedSimpArgs false`
2026-09-17T02:44:50.0162949Z warning: NLA/SF01/ReciprocalBlocks.lean:25:34: This simp argument is unused:
2026-09-17T02:44:50.0163506Z   Matrix.kronecker_apply
2026-09-17T02:44:50.0163705Z 
2026-09-17T02:44:50.0163869Z Hint: Omit it from the simp argument list.
2026-09-17T02:44:50.0164398Z   [apply] simp [baseBlock, blockFamily, Matrix.diagonal_apply, hij]
2026-09-17T02:44:50.0164756Z 
2026-09-17T02:44:50.0165064Z Note: This linter can be disabled with `set_option linter.unusedSimpArgs false`
2026-09-17T02:44:50.0165758Z warning: NLA/SF01/ReciprocalBlocks.lean:25:58: This simp argument is unused:
2026-09-17T02:44:50.0166299Z   Matrix.diagonal_apply
2026-09-17T02:44:50.0166499Z 
2026-09-17T02:44:50.0166665Z Hint: Omit it from the simp argument list.
2026-09-17T02:44:50.0167219Z   [apply] simp [baseBlock, blockFamily, Matrix.kronecker_apply, hij]
2026-09-17T02:44:50.0167573Z 
2026-09-17T02:44:50.0167864Z Note: This linter can be disabled with `set_option linter.unusedSimpArgs false`
2026-09-17T02:44:50.0168565Z warning: NLA/SF01/ReciprocalBlocks.lean:52:25: This simp argument is unused:
2026-09-17T02:44:50.0169106Z   Matrix.kronecker_apply
2026-09-17T02:44:50.0169904Z 
2026-09-17T02:44:50.0170071Z Hint: Omit it from the simp argument list.
2026-09-17T02:44:50.0170589Z   [apply] simp [blockFamily, Matrix.diagonal_apply, shifted]
2026-09-17T02:44:50.0170919Z 
2026-09-17T02:44:50.0171244Z Note: This linter can be disabled with `set_option linter.unusedSimpArgs false`
2026-09-17T02:44:50.0171952Z warning: NLA/SF01/ReciprocalBlocks.lean:52:49: This simp argument is unused:
2026-09-17T02:44:50.0172502Z   Matrix.diagonal_apply
2026-09-17T02:44:50.0172945Z 
2026-09-17T02:44:50.0173128Z Hint: Omit it from the simp argument list.
2026-09-17T02:44:50.0173664Z   [apply] simp [blockFamily, Matrix.kronecker_apply, shifted]
2026-09-17T02:44:50.0174019Z 
2026-09-17T02:44:50.0174331Z Note: This linter can be disabled with `set_option linter.unusedSimpArgs false`
2026-09-17T02:44:50.0175045Z warning: NLA/SF01/ReciprocalBlocks.lean:53:25: This simp argument is unused:
2026-09-17T02:44:50.0175613Z   Matrix.kronecker_apply
2026-09-17T02:44:50.0175816Z 
2026-09-17T02:44:50.0175996Z Hint: Omit it from the simp argument list.
2026-09-17T02:44:50.0176597Z   [apply] simp [blockFamily, Matrix.diagonal_apply, hij]
2026-09-17T02:44:50.0176916Z 
2026-09-17T02:44:50.0177243Z Note: This linter can be disabled with `set_option linter.unusedSimpArgs false`
2026-09-17T02:44:50.0177930Z warning: NLA/SF01/ReciprocalBlocks.lean:53:49: This simp argument is unused:
2026-09-17T02:44:50.0178478Z   Matrix.diagonal_apply
2026-09-17T02:44:50.0178676Z 
2026-09-17T02:44:50.0178842Z Hint: Omit it from the simp argument list.
2026-09-17T02:44:50.0179620Z   [apply] simp [blockFamily, Matrix.kronecker_apply, hij]
2026-09-17T02:44:50.0179939Z 
2026-09-17T02:44:50.0180273Z Note: This linter can be disabled with `set_option linter.unusedSimpArgs false`
2026-09-17T02:44:50.0181161Z warning: NLA/SF01/ReciprocalBlocks.lean:90:54: Variable name `hd` is not explicitly referenced.
2026-09-17T02:44:50.0181773Z 
2026-09-17T02:44:50.0182450Z Hint: The binding can be removed (if unused) or named `_` (if used implicitly). Alternatively, prefix the name with `_` to silence this warning:
2026-09-17T02:44:50.0183307Z   [apply] _hd
2026-09-17T02:44:50.0183471Z 
2026-09-17T02:44:50.0183817Z Note: This linter can be disabled with `set_option linter.unusedVariables false`
2026-09-17T02:44:53.0217421Z ✔ [8769/8854] Built LeanCert.Core.IntervalRealEndpoints (5.7s)
2026-09-17T02:44:53.6214041Z ✔ [8770/8854] Built LeanCert.Engine.Affine.Basic (7.8s)
2026-09-17T02:44:54.7231895Z ✔ [8771/8854] Built LeanCert.Core.IntervalDyadic (8.2s)
2026-09-17T02:44:54.9229954Z ✔ [8772/8854] Built LeanCert.Tactic.LeanCert.Config (1.0s)
2026-09-17T02:44:55.7233962Z ✔ [8773/8857] Built LeanCert.Tactic.Extension.Registry (5.6s)
2026-09-17T02:45:00.9328266Z ✔ [8774/8858] Built NLA.SF01.RidgeCompression (7.3s)
2026-09-17T02:45:00.9330826Z ✔ [8775/8858] Built LeanCert.Engine.Affine.Nonlinear (6.0s)
2026-09-17T02:45:01.2331692Z ✔ [8776/8858] Built LeanCert.Core.DyadicCell (5.6s)
2026-09-17T02:45:02.3340590Z ✔ [8777/8860] Built LeanCert.Engine.Eval.Core (7.7s)
2026-09-17T02:45:04.2385866Z ✔ [8778/8866] Built LeanCert.Core.DyadicFrontier (3.0s)
2026-09-17T02:45:05.0401310Z ✔ [8780/8875] Built LeanCert.Engine.Algebra.QPoly (4.1s)
2026-09-17T02:45:07.0427815Z ✔ [8781/8875] Built LeanCert.Engine.Eval.Extended (4.7s)
2026-09-17T02:45:07.0431631Z ✔ [8782/8875] Built LeanCert.Engine.FloatEval (2.8s)
2026-09-17T02:45:07.9438431Z ⚠ [8783/8875] Built NLA.SF01.PoleCompression (6.0s)
2026-09-17T02:45:07.9439406Z warning: NLA/SF01/PoleCompression.lean:83:32: this tactic is never executed
2026-09-17T02:45:07.9440001Z 
2026-09-17T02:45:07.9440561Z Note: This linter can be disabled with `set_option linter.unreachableTactic false`
2026-09-17T02:45:07.9441445Z warning: NLA/SF01/PoleCompression.lean:83:32: Unused tactic linter: `ring` does nothing
2026-09-17T02:45:07.9441996Z 
2026-09-17T02:45:07.9442400Z Note: This linter can be disabled with `set_option linter.unusedTactic false`
2026-09-17T02:45:08.3446631Z ✔ [8784/8875] Built LeanCert.Engine.Algebra.QPolyIntegral (3.3s)
2026-09-17T02:45:09.1452245Z ✔ [8785/8875] Built LeanCert.Tactic.Extension.Command (2.1s)
2026-09-17T02:45:09.4455788Z ✔ [8786/8875] Built LeanCert.Engine.Bounds.Lemmas (2.4s)
2026-09-17T02:45:11.3494013Z ✔ [8787/8875] Built LeanCert.Tactic.Extension (2.2s)
2026-09-17T02:45:11.5511240Z ✔ [8788/8875] Built LeanCert.Engine.IntervalEval (2.1s)
2026-09-17T02:45:12.2527830Z ⚠ [8789/8875] Built NLA.SF01.ReciprocalIdentity (4.3s)
2026-09-17T02:45:12.2529795Z warning: NLA/SF01/ReciprocalIdentity.lean:28:51: this tactic is never executed
2026-09-17T02:45:12.2530416Z 
2026-09-17T02:45:12.2530898Z Note: This linter can be disabled with `set_option linter.unreachableTactic false`
2026-09-17T02:45:12.2531993Z warning: NLA/SF01/ReciprocalIdentity.lean:28:51: Unused tactic linter: `ring` does nothing
2026-09-17T02:45:12.2532609Z 
2026-09-17T02:45:12.2532888Z Note: This linter can be disabled with `set_option linter.unusedTactic false`
2026-09-17T02:45:14.1600224Z ✔ [8790/8875] Built LeanCert.Validity.Bounds.Checked (2.6s)
2026-09-17T02:45:15.1654916Z ✔ [8791/8875] Built LeanCert.Validity.Bounds.Core (2.9s)
2026-09-17T02:45:16.0697854Z ✔ [8792/8875] Built LeanCert.Engine.Affine.Transcendental (4.6s)
2026-09-17T02:45:18.2736902Z ✔ [8793/8875] Built LeanCert.Engine.IntervalEvalDyadic (6.7s)
2026-09-17T02:45:18.7739334Z ✔ [8794/8875] Built LeanCert.Engine.Optimization.Box (3.6s)
2026-09-17T02:45:20.2753212Z ✔ [8795/8875] Built LeanCert.Engine.RootFinding.Basic (6.1s)
2026-09-17T02:45:21.8824806Z ✔ [8796/8875] Built LeanCert.Engine.AD.Basic (3.2s)
2026-09-17T02:45:22.7850691Z ✔ [8797/8875] Built LeanCert.Engine.Integrate (6.7s)
2026-09-17T02:45:26.8944900Z ✔ [8798/8875] Built LeanCert.Validity.DyadicBounds (4.1s)
2026-09-17T02:45:27.1954703Z ✔ [8799/8875] Built LeanCert.Engine.IntervalEvalAffine (6.0s)
2026-09-17T02:45:27.4964218Z ✔ [8800/8875] Built LeanCert.Engine.FinSumDyadic (5.5s)
2026-09-17T02:45:28.1979992Z ✔ [8801/8875] Built LeanCert.Engine.TaylorModel.Core (9.9s)
2026-09-17T02:45:30.1023638Z ✔ [8802/8875] Built LeanCert.Engine.Search.Heuristic (3.3s)
2026-09-17T02:45:31.7070104Z ✔ [8803/8875] Built LeanCert.Engine.AD.Transcendental (4.3s)
2026-09-17T02:45:31.9344006Z ✔ [8804/8875] Built LeanCert.Engine.RootFinding.Bisection (4.7s)
2026-09-17T02:45:32.1347350Z ✔ [8805/8875] Built LeanCert.Engine.Affine.Environment (3.0s)
2026-09-17T02:45:33.5387811Z ✔ [8806/8875] Built LeanCert.Engine.WitnessSum (3.4s)
2026-09-17T02:45:34.6404660Z ✔ [8807/8875] Built LeanCert.Engine.TaylorModel.Special (2.7s)
2026-09-17T02:45:34.8410157Z ✔ [8808/8875] Built LeanCert.Engine.TaylorModel.Integral (3.1s)
2026-09-17T02:45:38.9543680Z ✔ [8809/8875] Built LeanCert.Engine.AD.Eval (4.0s)
2026-09-17T02:45:42.8566870Z ✔ [8810/8875] Built LeanCert.Engine.TaylorModel.ExpLog (9.3s)
2026-09-17T02:45:44.1602471Z ✔ [8811/8875] Built LeanCert.Engine.AD.Correctness (5.3s)
2026-09-17T02:45:46.3722798Z ✔ [8812/8875] Built LeanCert.Engine.TaylorModel.Hyperbolic (14s)
2026-09-17T02:45:46.5739344Z ✔ [8813/8875] Built LeanCert.Engine.TaylorModel.Trig (11s)
2026-09-17T02:45:47.6786810Z ✔ [8814/8875] Built LeanCert.Engine.AD.Computable (3.5s)
2026-09-17T02:45:48.5798115Z ✔ [8815/8875] Built LeanCert.Engine.TaylorModel.Functions (2.0s)
2026-09-17T02:45:50.1830362Z ✔ [8816/8875] Built LeanCert.Engine.AD.PartialCorrectness (5.9s)
2026-09-17T02:45:50.4833467Z ✔ [8817/8875] Built LeanCert.Engine.AD.DomainChecked (2.8s)
2026-09-17T02:45:52.4870874Z ✔ [8818/8875] Built LeanCert.Engine.TaylorModel.Expr (3.9s)
2026-09-17T02:45:53.8917933Z ✔ [8819/8875] Built LeanCert.Engine.AD.Dyadic (3.4s)
2026-09-17T02:45:54.2922761Z ✔ [8820/8875] Built LeanCert.Engine.TaylorModel (1.9s)
2026-09-17T02:45:55.3952319Z ✔ [8821/8875] Built LeanCert.Engine.AD (1.5s)
2026-09-17T02:45:58.7101548Z ✔ [8822/8875] Built LeanCert.Validity.Bounds.Smart (3.4s)
2026-09-17T02:45:59.1106385Z ✔ [8823/8875] Built LeanCert.Meta.ProveSupported (3.8s)
2026-09-17T02:46:00.3134345Z ✔ [8824/8875] Built LeanCert.Engine.IntervalEvalRefined (4.9s)
2026-09-17T02:46:01.2149594Z ✔ [8825/8875] Built LeanCert.Engine.Optimize (5.8s)
2026-09-17T02:46:02.2193492Z ✔ [8826/8875] Built LeanCert.Validity.Bounds.Bridge (3.5s)
2026-09-17T02:46:03.7237797Z ✔ [8827/8875] Built LeanCert.Meta.ProveContinuous (4.6s)
2026-09-17T02:46:06.0310915Z ✔ [8828/8875] Built LeanCert.Tactic.IntervalAuto.ProveCommon (5.7s)
2026-09-17T02:46:06.8322802Z ✔ [8829/8875] Built LeanCert.Validity.Bounds.Basic (3.1s)
2026-09-17T02:46:07.1318715Z ✔ [8830/8875] Built LeanCert.Engine.RootFinding.Newton (4.9s)
2026-09-17T02:46:07.5354372Z ✔ [8831/8875] Built LeanCert.Engine.Optimization.Gradient (6.3s)
2026-09-17T02:46:09.8431615Z ✔ [8832/8875] Built LeanCert.Tactic.IntervalAuto.Basic (2.7s)
2026-09-17T02:46:09.9428522Z ✔ [8833/8875] Built LeanCert.Tactic.LeanCert.Bridge.ReifiedFunction (3.1s)
2026-09-17T02:46:12.2449927Z ✔ [8834/8875] Built LeanCert.Validity.Integration (6.2s)
2026-09-17T02:46:15.9559509Z ✔ [8835/8875] Built LeanCert.Engine.RootFinding.MVTBounds (8.5s)
2026-09-17T02:46:18.0583474Z ✔ [8836/8875] Built LeanCert.Engine.RootFinding.Krawczyk (8.1s)
2026-09-17T02:46:19.2612991Z ✔ [8837/8875] Built LeanCert.Tactic.LeanCert.Semantic.Prepare (6.0s)
2026-09-17T02:46:24.9727217Z ✔ [8838/8875] Built LeanCert.Engine.RootFinding.KrawczykCandidate (5.7s)
2026-09-17T02:46:25.4763480Z ✔ [8839/8875] Built LeanCert.Engine.RootFinding.Contraction (7.4s)
2026-09-17T02:46:25.8767544Z ✔ [8840/8875] Built LeanCert.Tactic.LeanCert.Integral (9.9s)
2026-09-17T02:46:27.5782201Z ✔ [8841/8875] Built LeanCert.Validity.Krawczyk (2.6s)
2026-09-17T02:46:30.7868006Z ✔ [8842/8875] Built LeanCert.Engine.RootFinding.Main (3.2s)
2026-09-17T02:46:31.3871321Z ✔ [8843/8875] Built LeanCert.Tactic.LeanCert.Solver.Protocol (5.5s)
2026-09-17T02:46:32.3882524Z ✔ [8844/8875] Built LeanCert.Tactic.Extension.Execute (6.9s)
2026-09-17T02:46:32.5892106Z ✔ [8845/8875] Built LeanCert.Engine.Optimization.Global (22s)
2026-09-17T02:46:34.6258491Z ✔ [8846/8875] Built LeanCert.Tactic.LeanCert.Diagnostic.Render (3.3s)
2026-09-17T02:46:35.5308005Z ✔ [8847/8875] Built LeanCert.Validity.Types (2.9s)
2026-09-17T02:46:35.5311340Z ✔ [8848/8875] Built LeanCert.Tactic.Enclosure (3.2s)
2026-09-17T02:46:38.0365303Z ✔ [8849/8875] Built LeanCert.Engine.Optimization.Guided (3.4s)
2026-09-17T02:46:38.6424627Z ✔ [8850/8875] Built LeanCert.Engine.Search.CounterExample (3.1s)
2026-09-17T02:46:39.2446785Z ✔ [8851/8875] Built LeanCert.Engine.Optimization.BoundVerify (3.6s)
2026-09-17T02:46:39.3452101Z ✔ [8852/8875] Built LeanCert.Validity.Bounds (6.7s)
2026-09-17T02:46:42.4870794Z ✔ [8853/8875] Built LeanCert.Discovery.Find (3.1s)
2026-09-17T02:46:43.2102429Z ✔ [8854/8875] Built LeanCert.Tactic.IntervalAuto.OptBound (3.8s)
2026-09-17T02:46:43.2103771Z ✔ [8855/8875] Built LeanCert.Tactic.IntervalAuto.RootBound (3.8s)
2026-09-17T02:46:46.7157081Z ✔ [8856/8875] Built LeanCert.Tactic.IntervalAuto.Multivariate (4.3s)
2026-09-17T02:46:52.2217529Z ✔ [8857/8875] Built LeanCert.Tactic.IntervalAuto.Bound (12s)
2026-09-17T02:46:56.8347459Z ✔ [8858/8875] Built LeanCert.Tactic.IntervalAuto.Subdiv (4.6s)
2026-09-17T02:46:57.7357569Z ✔ [8859/8875] Built LeanCert.Tactic.IntervalAuto.Adaptive (5.5s)
2026-09-17T02:46:59.8379637Z ✔ [8860/8875] Built LeanCert.Tactic.IntervalAuto.PointIneq (7.6s)
2026-09-17T02:47:01.7421269Z ✔ [8861/8875] Built LeanCert.Tactic.IntervalAuto (1.8s)
2026-09-17T02:47:05.0564628Z ✔ [8862/8875] Built LeanCert.Tactic.Refute (3.3s)
2026-09-17T02:47:06.2590357Z ✔ [8863/8875] Built LeanCert.Tactic.FinSumWitness (4.5s)
2026-09-17T02:47:09.6678785Z ✔ [8864/8875] Built LeanCert.Tactic.FinSumBound (3.4s)
2026-09-17T02:47:12.1718210Z ✔ [8865/8875] Built LeanCert.Tactic.LeanCert.Semantic.Parse (2.5s)
2026-09-17T02:47:12.4721405Z ✔ [8866/8875] Built LeanCert.Tactic.Discovery (10s)
2026-09-17T02:47:14.6733613Z ✔ [8867/8875] Built LeanCert.Tactic.Krawczyk (2.6s)
2026-09-17T02:47:20.7810399Z ✔ [8868/8875] Built LeanCert.Tactic.LeanCert.Router (6.1s)
2026-09-17T02:47:22.7836530Z ✔ [8869/8875] Built LeanCert.Tactic.LeanCert (1.0s)
2026-09-17T02:47:24.6857278Z ✔ [8870/8875] Built LeanCert.Tactic (1.9s)
2026-09-17T02:47:26.7881415Z ℹ [8871/8875] Built NLA.SF01.Numerical (2.1s)
2026-09-17T02:47:26.7883648Z info: NLA/SF01/Numerical.lean:32:0: 'NLA.SF01.half_positive_certificate' depends on axioms: [propext, Classical.choice, Quot.sound]
2026-09-17T02:47:26.7884663Z info: NLA/SF01/Numerical.lean:34:0: 'NLA.SF01.initial_data_valid' depends on axioms: [propext, Classical.choice, Quot.sound]
2026-09-17T02:47:30.2919866Z ✔ [8872/8875] Built NLA.SF01.NewtonData (3.5s)
2026-09-17T02:47:33.8959766Z ✔ [8873/8875] Built NLA.SF01.NewtonConclusion (3.6s)
2026-09-17T02:47:37.1997772Z ℹ [8874/8875] Built Solution (3.2s)
2026-09-17T02:47:37.1998405Z info: Solution.lean:16:0: 'NLA.SF01.complex_spectral_radius_semantics' depends on axioms: [propext, Classical.choice, Quot.sound]
2026-09-17T02:47:37.1999432Z info: Solution.lean:18:0: 'NLA.SF01.spectral_radius_strict_bound' depends on axioms: [propext, Classical.choice, Quot.sound]
2026-09-17T02:47:37.2000325Z info: Solution.lean:20:0: 'NLA.SF01.spectral_homotopy_isUnit' depends on axioms: [propext, Classical.choice, Quot.sound]
2026-09-17T02:47:37.2001298Z info: Solution.lean:22:0: 'NLA.SF01.spectralM_positive_weight' depends on axioms: [propext, Classical.choice, Quot.sound]
2026-09-17T02:47:37.2002274Z info: Solution.lean:24:0: 'NLA.SF01.weighted_Z_spectralM' depends on axioms: [propext, Classical.choice, Quot.sound]
2026-09-17T02:47:37.2002920Z info: Solution.lean:26:0: 'NLA.SF01.H_positive_weight' depends on axioms: [propext, Classical.choice, Quot.sound]
2026-09-17T02:47:37.2003513Z info: Solution.lean:28:0: 'NLA.SF01.shift_comparison' depends on axioms: [propext, Classical.choice, Quot.sound]
2026-09-17T02:47:37.2004123Z info: Solution.lean:30:0: 'NLA.SF01.H_shift_structure' depends on axioms: [propext, Classical.choice, Quot.sound]
2026-09-17T02:47:37.2004735Z info: Solution.lean:32:0: 'NLA.SF01.comparison_abs_mulVec' depends on axioms: [propext, Classical.choice, Quot.sound]
2026-09-17T02:47:37.2005581Z info: Solution.lean:34:0: 'NLA.SF01.resolvent_domination' depends on axioms: [propext, Classical.choice, Quot.sound]
2026-09-17T02:47:37.2006547Z info: Solution.lean:36:0: 'NLA.SF01.half_positive_certificate' depends on axioms: [propext, Classical.choice, Quot.sound]
2026-09-17T02:47:37.2007342Z info: Solution.lean:38:0: 'NLA.SF01.ridge_comparison_preserver' depends on axioms: [propext, Classical.choice, Quot.sound]
2026-09-17T02:47:37.2008265Z info: Solution.lean:40:0: 'NLA.SF01.ridge_commutes' depends on axioms: [propext, Classical.choice, Quot.sound]
2026-09-17T02:47:37.2009009Z info: Solution.lean:42:0: 'NLA.SF01.pole_positive_definite' depends on axioms: [propext, Classical.choice, Quot.sound]
2026-09-17T02:47:37.2009951Z info: Solution.lean:44:0: 'NLA.SF01.pole_diagonalization_exists' depends on axioms: [propext, Classical.choice, Quot.sound]
2026-09-17T02:47:37.2010780Z info: Solution.lean:46:0: 'NLA.SF01.pole_residue_normalization' depends on axioms: [propext, Classical.choice, Quot.sound]
2026-09-17T02:47:37.2011579Z info: Solution.lean:48:0: 'NLA.SF01.reciprocal_weights_nonnegative' depends on axioms: [propext, Classical.choice, Quot.sound]
2026-09-17T02:47:37.2012385Z info: Solution.lean:50:0: 'NLA.SF01.reciprocal_blocks_isUnit' depends on axioms: [propext, Classical.choice, Quot.sound]
2026-09-17T02:47:37.2013195Z info: Solution.lean:52:0: 'NLA.SF01.matrix_reciprocal_identity' depends on axioms: [propext, Classical.choice, Quot.sound]
2026-09-17T02:47:37.2013994Z info: Solution.lean:54:0: 'NLA.SF01.newton_data_step' depends on axioms: [propext, Classical.choice, Quot.sound]
2026-09-17T02:47:37.2014768Z info: Solution.lean:56:0: 'NLA.SF01.initial_data_valid' depends on axioms: [propext, Classical.choice, Quot.sound]
2026-09-17T02:47:37.2015491Z info: Solution.lean:58:0: 'NLA.SF01.newton_first' depends on axioms: [propext, Classical.choice, Quot.sound]
2026-09-17T02:47:37.2016249Z info: Solution.lean:60:0: 'NLA.SF01.iterate_ridge_representation' depends on axioms: [propext, Classical.choice, Quot.sound]
2026-09-17T02:47:37.2017082Z info: Solution.lean:62:0: 'NLA.SF01.canonical_newton_preservation' depends on axioms: [propext, Classical.choice, Quot.sound]
2026-09-17T02:47:37.2213952Z Build completed successfully (8875 jobs).
2026-09-17T02:49:16.9025395Z Exporting #[Quot, Quot.mk, Quot.lift, Quot.ind, NLA.SF01.complex_spectral_radius_semantics, NLA.SF01.spectral_radius_strict_bound, NLA.SF01.spectral_homotopy_isUnit, NLA.SF01.spectralM_positive_weight, NLA.SF01.weighted_Z_spectralM, NLA.SF01.H_positive_weight, NLA.SF01.shift_comparison, NLA.SF01.H_shift_structure, NLA.SF01.comparison_abs_mulVec, NLA.SF01.resolvent_domination, NLA.SF01.half_positive_certificate, NLA.SF01.ridge_comparison_preserver, NLA.SF01.ridge_commutes, NLA.SF01.pole_positive_definite, NLA.SF01.pole_diagonalization_exists, NLA.SF01.pole_residue_normalization, NLA.SF01.reciprocal_weights_nonnegative, NLA.SF01.reciprocal_blocks_isUnit, NLA.SF01.matrix_reciprocal_identity, NLA.SF01.newton_data_step, NLA.SF01.initial_data_valid, NLA.SF01.newton_first, NLA.SF01.iterate_ridge_representation, NLA.SF01.canonical_newton_preservation, propext, Classical.choice, Quot.sound, Nat.add, Nat.sub, Nat.mul, Nat.pow, Nat.gcd, Nat.div, Nat.mod, Nat.beq, Nat.ble, Nat.land, Nat.lor, Nat.xor, Nat.shiftLeft, Nat.shiftRight, String.ofList, Char.ofNat, List, eagerReduce, Nat, String, String.mk, Char, optParam, autoParam, semiOutParam, outParam] from Solution
2026-09-17T02:49:16.9030732Z Running Lean default kernel on solution.
2026-09-17T02:49:16.9031134Z Lean default kernel accepts the solution
2026-09-17T02:49:16.9031482Z Your solution is okay!
2026-09-17T02:49:20.7008359Z PASS: fresh Comparator run and all controls. Evidence: /home/runner/work/_temp/nla-lean-tools/logs/verify-20260917T024125Z-3974
2026-09-17T02:49:20.7478839Z Node 20 is being deprecated. This workflow is running with Node 24 by default. If you need to temporarily use Node 20, you can set the ACTIONS_ALLOW_USE_UNSECURE_NODE_VERSION=true environment variable. For more information see: https://github.blog/changelog/2025-09-19-deprecation-of-node-20-on-github-actions-runners/
2026-09-17T02:49:20.7480312Z ##[group]Run actions/upload-artifact@ea165f8d65b6e75b540449e92b4886f43607fa02
2026-09-17T02:49:20.7480689Z with:
2026-09-17T02:49:20.7480898Z   name: lean-SF-01
2026-09-17T02:49:20.7481169Z   path: /home/runner/work/_temp/nla-lean-tools/logs/
2026-09-17T02:49:20.7481478Z   if-no-files-found: warn
2026-09-17T02:49:20.7481856Z   compression-level: 6
2026-09-17T02:49:20.7482080Z   overwrite: false
2026-09-17T02:49:20.7482312Z   include-hidden-files: false
2026-09-17T02:49:20.7482555Z env:
2026-09-17T02:49:20.7482756Z   GOTOOLCHAIN: local
2026-09-17T02:49:20.7482988Z   XDG_RUNTIME_DIR: /run/user/1001
2026-09-17T02:49:20.7483324Z   DBUS_SESSION_BUS_ADDRESS: unix:path=/run/user/1001/bus
2026-09-17T02:49:20.7483624Z ##[endgroup]
2026-09-17T02:49:21.3167184Z (node:7518) [DEP0040] DeprecationWarning: The `punycode` module is deprecated. Please use a userland alternative instead.
2026-09-17T02:49:21.3168207Z (Use `node --trace-deprecation ...` to show where the warning was created)
2026-09-17T02:49:21.3292462Z With the provided path, there will be 13 files uploaded
2026-09-17T02:49:21.3296821Z Artifact name is valid!
2026-09-17T02:49:21.3298060Z Root directory input is valid!
2026-09-17T02:49:21.7244481Z Beginning upload of artifact content to blob storage
2026-09-17T02:49:21.8512793Z (node:7518) [DEP0169] DeprecationWarning: `url.parse()` behavior is not standardized and prone to errors that have security implications. Use the WHATWG URL API instead. CVEs are not issued for `url.parse()` vulnerabilities.
2026-09-17T02:49:22.1351120Z Uploaded bytes 28212
2026-09-17T02:49:22.1991614Z Finished uploading artifact content to blob storage!
2026-09-17T02:49:22.1992705Z SHA256 digest of uploaded artifact zip is 3a459ec19dfdf960f4f0ec8e30f7ec249498b4b8f3a596b22be7783038e699c0
2026-09-17T02:49:22.1994726Z Finalizing artifact upload
2026-09-17T02:49:22.4380556Z Artifact lean-SF-01.zip successfully finalized. Artifact ID 10478074528
2026-09-17T02:49:22.4381588Z Artifact lean-SF-01 has been successfully uploaded! Final size is 28212 bytes. Artifact ID is 10478074528
2026-09-17T02:49:22.4387383Z Artifact download URL: https://github.com/sgstepaniants/OpenProblemsInNLA/actions/runs/35175258802/artifacts/10478074528
2026-09-17T02:49:22.5870879Z Post job cleanup.
2026-09-17T02:49:22.7238315Z Node 20 is being deprecated. This workflow is running with Node 24 by default. If you need to temporarily use Node 20, you can set the ACTIONS_ALLOW_USE_UNSECURE_NODE_VERSION=true environment variable. For more information see: https://github.blog/changelog/2025-09-19-deprecation-of-node-20-on-github-actions-runners/
2026-09-17T02:49:22.7240251Z Post job cleanup.
2026-09-17T02:49:22.8218666Z [command]/usr/bin/git version
2026-09-17T02:49:22.8258789Z git version 2.55.0
2026-09-17T02:49:22.8295461Z Temporarily overriding HOME='/home/runner/work/_temp/b3ddd4e1-88ad-438b-b3ca-ec699455033d' before making global git config changes
2026-09-17T02:49:22.8296960Z Adding repository directory to the temporary git global config as a safe directory
2026-09-17T02:49:22.8301011Z [command]/usr/bin/git config --global --add safe.directory /home/runner/work/OpenProblemsInNLA/OpenProblemsInNLA
2026-09-17T02:49:22.8346424Z [command]/usr/bin/git config --local --name-only --get-regexp core\.sshCommand
2026-09-17T02:49:22.8379099Z [command]/usr/bin/git submodule foreach --recursive sh -c "git config --local --name-only --get-regexp 'core\.sshCommand' && git config --local --unset-all 'core.sshCommand' || :"
2026-09-17T02:49:22.9654206Z [command]/usr/bin/git config --local --name-only --get-regexp http\.https\:\/\/github\.com\/\.extraheader
2026-09-17T02:49:22.9691349Z [command]/usr/bin/git submodule foreach --recursive sh -c "git config --local --name-only --get-regexp 'http\.https\:\/\/github\.com\/\.extraheader' && git config --local --unset-all 'http.https://github.com/.extraheader' || :"
2026-09-17T02:49:22.9913328Z [command]/usr/bin/git config --local --name-only --get-regexp ^includeIf\.gitdir:
2026-09-17T02:49:22.9942593Z [command]/usr/bin/git submodule foreach --recursive git config --local --show-origin --name-only --get-regexp remote.origin.url
2026-09-17T02:49:23.0288287Z Cleaning up orphan processes
2026-09-17T02:49:23.1459909Z ##[warning]Node.js 20 is deprecated. The following actions target Node.js 20 but are being forced to run on Node.js 24: actions/checkout@11d5960a326750d5838078e36cf38b85af677262, actions/upload-artifact@ea165f8d65b6e75b540449e92b4886f43607fa02. For more information see: https://github.blog/changelog/2025-09-19-deprecation-of-node-20-on-github-actions-runners/
